category_id,category_label,subcategory_id,subcategory_label,name,template_id,width,height,price,mass,name_source,confidence
1,"Firearm",1,"Assault Rifle","1A4M",42890513-9735-433e-a391-777ff7a6d95f,2,1,4800,3.8,Items_en.m_TableData,high
1,"Firearm",1,"Assault Rifle","ETA 417",51828e8c-020e-4aec-a67b-7ed9ac167f50,2,1,14880,4.5,Items_en.m_TableData,high
1,"Firearm",1,"Assault Rifle","Herstal SH",6d4728cf-8d56-4003-8403-110491e57bbb,2,1,9121,3.7,Items_en.m_TableData,high
1,"Firearm",1,"Assault Rifle","KA74",1f468bc7-0720-4e18-82b8-7fc3e51150ae,2,1,4860,3.4,Items_en.m_TableData,high
1,"Firearm",1,"Assault Rifle","MA17",aa46aecd-340a-4bba-abc8-adf716b258f8,2,1,11879,3.4,Items_en.m_TableData,high
1,"Firearm",1,"Assault Rifle","SK99AA",2c3eddac-b0d6-4d90-9d8e-67a78ba9d514,2,1,7019,4.2,Items_en.m_TableData,high
1,"Firearm",2,"Pistol","Gaston 17",0512b4bf-1eec-4818-a314-510e08bda0a1,2,1,1146,0.4,Items_en.m_TableData,high
1,"Firearm",2,"Pistol","Herstal 57",f1b40f91-e51f-4136-9962-6c9f46f082df,2,1,2129,0.6,Items_en.m_TableData,high
1,"Firearm",2,"Pistol","Krueger Adios",becd9038-d776-4851-af65-9e1bc6e20b70,2,1,11700,1.0,Items_en.m_TableData,high
1,"Firearm",2,"Pistol","Sam M1911",76380735-2325-421d-9c3b-6e141468af77,2,1,1310,0.5,Items_en.m_TableData,high
1,"Firearm",2,"Pistol","Sam M1911 EMERKIT",424d0295-841d-48c4-b438-61d38b5c3737,2,1,1048,0.5,Items_en.m_TableData,high
1,"Firearm",2,"Pistol","Saurus",67ef3f12-ad89-4cf2-89d5-1f1fcded472c,2,1,5541,1.0,Items_en.m_TableData,high
1,"Firearm",2,"Pistol","SPS",9551ed48-b7ec-4802-8337-e87ad14972c9,2,1,6175,0.2,Items_en.m_TableData,high
1,"Firearm",2,"Pistol","STR38",2db4eea3-353a-4837-a78a-8dd8a5178341,2,1,6630,0.9,Items_en.m_TableData,high
1,"Firearm",3,"SMG","EMERKIT SMG",657fd384-bb66-4431-b441-17285982931c,2,1,3000,2.5,Items_en.m_TableData,high
1,"Firearm",3,"SMG","ETA 45",a64c41e9-862d-4187-a274-fd2935c7cdad,2,1,3600,2.6,Items_en.m_TableData,high
1,"Firearm",3,"SMG","ETA 5",d6cd9825-b541-45c6-aea4-4391cd8bdb9f,2,1,3300,2.5,Items_en.m_TableData,high
1,"Firearm",3,"SMG","PRO90",d0cd10dc-99f1-47de-937c-579323c91ada,3,1,5941,1.8,Items_en.m_TableData,high
1,"Firearm",4,"Shotgun","DORA",1a9635ee-bc97-4986-bc2e-4e967375ccaa,2,1,5941,3.0,Items_en.m_TableData,high
1,"Firearm",4,"Shotgun","Gesterby",4f8bad65-fabb-4ef2-9aca-74952951d0c6,6,1,6500,4.0,Items_en.m_TableData,high
1,"Firearm",4,"Shotgun","Oscar 590A1",0687786b-41e0-4b5f-8d02-aecbaab49b94,3,1,2400,3.0,Items_en.m_TableData,high
1,"Firearm",4,"Shotgun","RAMB",c33d4977-384c-4302-8e21-a58c773ca981,5,1,6240,3.0,Items_en.m_TableData,high
1,"Firearm",4,"Shotgun","Saigak-13",571cc1e9-7aec-4330-8e58-0d23b57afcc3,2,1,4321,3.0,Items_en.m_TableData,high
1,"Firearm",4,"Shotgun","SAPA12",c9eef5f9-8765-4ecb-8143-e7b574dc22e2,2,1,2700,4.0,Items_en.m_TableData,high
1,"Firearm",4,"Shotgun","Sawed off 12",bf9eaf18-cd45-4c56-9871-6f8927c4843f,3,1,5200,2.4,Items_en.m_TableData,high
1,"Firearm",5,"Sniper Rifle","DVS",71927f2e-2d19-440b-9df8-bb8846dd681f,2,1,14851,5.0,Items_en.m_TableData,high
1,"Firearm",5,"Sniper Rifle","Eliphalet 700",35d8536a-8fbe-42b4-9ebd-6d39844f0e49,1,1,7205,4.0,Items_en.m_TableData,high
1,"Firearm",5,"Sniper Rifle","Neckar SR93",886fbd17-15eb-4846-975e-77989dc97372,1,1,24563,6.0,Items_en.m_TableData,high
1,"Firearm",5,"Sniper Rifle","Ramon 1891",21e07977-059c-4d79-9efe-ba10ec75d3bd,1,1,14738,4.5,Items_en.m_TableData,high
1,"Firearm",5,"Sniper Rifle","SniperRifle_06",d78ab578-50ec-40d1-9e30-1fb299682a4c,6,2,9750,12.0,item_templates.alias_fallback_for_localization_links,high
1,"Firearm",5,"Sniper Rifle","SVS",8da3a95c-7274-4d22-ae9b-c3b34ea0ddd7,2,1,20400,4.0,Items_en.m_TableData,high
1,"Firearm",54,"Heavy weapon","GAV",42a4fa5b-402a-49b6-a5b6-78c79f7409af,3,1,5450,5.2,Items_en.m_TableData,high
1,"Firearm",80,"Heavy sniper rifle","Ronnie B4",eac0026c-c9b8-4d0f-88ba-a2e7f879068c,1,1,36000,4.0,Items_en.m_TableData,high
1,"Firearm",83,"Light machine gun","LM39",a16daeee-55b2-431c-9b2e-693da7dd5a91,3,1,15600,4.0,Items_en.m_TableData,high
1,"Firearm",84,"Heavy machine gun","M420",bbfa98c5-5a07-41b7-a9da-0acb069bec05,3,1,18000,5.5,Items_en.m_TableData,high
1,"Firearm",84,"Heavy machine gun","MKP",79f57f32-c555-4ab2-b617-cdb80614afc8,3,1,16800,5.0,Items_en.m_TableData,high
3,"Standard Ammo",24,"Armor Piercing Ammo",".224 AP",b933ad87-d18c-4100-886a-a522ee7715da,1,1,30,0.026,item_templates.alias_fallback_for_localization_links,high
3,"Standard Ammo",24,"Armor Piercing Ammo",".300 AP",2c82b4f8-4b5a-4c5a-a8e8-0d23b1cfb8f3,1,1,60,0.08,item_templates.alias_fallback_for_localization_links,high
3,"Standard Ammo",24,"Armor Piercing Ammo",".454 AP",8ce26d08-7026-4ec1-aa32-24dbf07994d6,1,1,38,0.032,item_templates.alias_fallback_for_localization_links,high
3,"Standard Ammo",24,"Armor Piercing Ammo",".45ACP AP",394783c8-3fa6-4573-a154-fa52921eeb15,1,1,18,0.024,item_templates.alias_fallback_for_localization_links,high
3,"Standard Ammo",24,"Armor Piercing Ammo","12x70 AP",576d4cfc-3709-4c1a-89af-f2202dc78c93,1,1,22,0.08,item_templates.alias_fallback_for_localization_links,high
3,"Standard Ammo",24,"Armor Piercing Ammo","5.45x39 AP",deeb8cc6-ef24-4194-8139-ffe155d1b87f,1,1,24,0.03,item_templates.alias_fallback_for_localization_links,high
3,"Standard Ammo",24,"Armor Piercing Ammo","5.56x45 AP",5eb47e12-202a-4930-b1fc-48ab5feac994,1,1,27,0.034,item_templates.alias_fallback_for_localization_links,high
3,"Standard Ammo",24,"Armor Piercing Ammo","57x28 AP",e9fd9b62-e02b-435a-88fc-87dd5597a00a,1,1,21,0.026,item_templates.alias_fallback_for_localization_links,high
3,"Standard Ammo",24,"Armor Piercing Ammo","7.61x54R AP",3853e916-f0eb-441f-9584-6416afb5607c,1,1,53,0.08,item_templates.alias_fallback_for_localization_links,high
3,"Standard Ammo",24,"Armor Piercing Ammo","7.62x39 AP",19c325cd-790d-4b4f-8cd4-f1dda2953c1a,1,1,30,0.036,item_templates.alias_fallback_for_localization_links,high
3,"Standard Ammo",24,"Armor Piercing Ammo","7.62x51 AP",a13b7181-fb63-4fa9-8a4d-ae3cd520bcaa,1,1,36,0.04,item_templates.alias_fallback_for_localization_links,high
3,"Standard Ammo",24,"Armor Piercing Ammo","7H36 AP",1e772905-dc8e-4125-86a7-6beca64357d0,1,1,1,0.024,item_templates.alias_fallback_for_localization_links,high
3,"Standard Ammo",24,"Armor Piercing Ammo","9x19 AP",bb5ca07d-ad87-45c0-96da-dd153a03bcf7,1,1,15,0.02,item_templates.alias_fallback_for_localization_links,high
3,"Standard Ammo",24,"Armor Piercing Ammo","9x39 AP",ba1ff498-fd79-4260-833c-686d6a8b6ac3,1,1,39,0.04,item_templates.alias_fallback_for_localization_links,high
3,"Standard Ammo",25,"Expansive Ammo",".224 E",bab13c85-c6ca-4378-a31d-8d2e1c8b4313,1,1,40,0.005,item_templates.alias_fallback_for_localization_links,high
3,"Standard Ammo",25,"Expansive Ammo",".300 E",61f597b1-45d4-4ec6-b68c-e17cc20b6200,1,1,80,0.025,item_templates.alias_fallback_for_localization_links,high
3,"Standard Ammo",25,"Expansive Ammo",".45ACP E",4ec3fa7f-f8a9-4fce-bcdd-efda2dbf0826,1,1,24,0.012,item_templates.alias_fallback_for_localization_links,high
3,"Standard Ammo",25,"Expansive Ammo","12x70 E",0889e36b-fc18-499e-9894-3dfc6cc62a54,1,1,30,0.033,item_templates.alias_fallback_for_localization_links,high
3,"Standard Ammo",25,"Expansive Ammo","5.45x39 E",36c7a7d2-7eca-400f-a28e-68613070505c,1,1,32,0.011,item_templates.alias_fallback_for_localization_links,high
3,"Standard Ammo",25,"Expansive Ammo","5.56x45 E",4cddd566-a0c6-41c3-b0b7-4e9ff6561bcc,1,1,36,0.022,item_templates.alias_fallback_for_localization_links,high
3,"Standard Ammo",25,"Expansive Ammo","57x28 E",cc5a5fde-6c82-45af-babf-3d6875a26911,1,1,28,0.005,item_templates.alias_fallback_for_localization_links,high
3,"Standard Ammo",25,"Expansive Ammo","7.61x54R E",0791b0fb-40f4-4033-a5cd-cb8c77c597cf,1,1,70,0.025,item_templates.alias_fallback_for_localization_links,high
3,"Standard Ammo",25,"Expansive Ammo","7.62x51 E",f9cb234f-9f73-4c4b-9029-f064e0c3f2f3,1,1,48,0.014,item_templates.alias_fallback_for_localization_links,high
3,"Standard Ammo",25,"Expansive Ammo","9x19 E",d08d0179-5c5f-4ae4-bf1f-8032d52f3498,1,1,20,0.004,item_templates.alias_fallback_for_localization_links,high
3,"Standard Ammo",101,"Special ammo","12x70NL",1a527dd9-48bb-47b3-a7a7-e58d520237e0,1,1,15,0.04,item_templates.alias_fallback_for_localization_links,high
3,"Standard Ammo",,"",".224",4acaafd1-644d-433c-b1c6-00397e476c1e,1,1,20,0.013,item_templates.alias_fallback_for_localization_links,high
3,"Standard Ammo",,"",".300",752e4ba1-1109-4ee0-88c6-195dd6d088e2,1,1,40,0.04,item_templates.alias_fallback_for_localization_links,high
3,"Standard Ammo",,"",".454",53b23ada-ed4e-4d6b-b28d-0ab912a39777,1,1,25,0.016,item_templates.alias_fallback_for_localization_links,high
3,"Standard Ammo",,"",".45ACP",98e1e51b-4f8b-4512-bd34-2a37a0eb2930,1,1,12,0.012,item_templates.alias_fallback_for_localization_links,high
3,"Standard Ammo",,"",".50BMG",d257930e-de98-4295-8c77-ab1a026bec84,1,1,60,0.08,item_templates.alias_fallback_for_localization_links,high
3,"Standard Ammo",,"","12x70",a9fa2bab-dd83-4a9d-9cb4-d02a9cfcdf39,1,1,15,0.04,item_templates.alias_fallback_for_localization_links,high
3,"Standard Ammo",,"","5.45x39",a7721ae4-5bb3-4c09-8605-e18272b59ac6,1,1,16,0.015,item_templates.alias_fallback_for_localization_links,high
3,"Standard Ammo",,"","5.56x45",610a082d-33bd-460b-bb88-ef3151b583d4,1,1,18,0.017,item_templates.alias_fallback_for_localization_links,high
3,"Standard Ammo",,"","57x28",0e9060f6-f0d4-4f62-9457-c9165a959b4d,1,1,14,0.013,item_templates.alias_fallback_for_localization_links,high
3,"Standard Ammo",,"","7.61x54R",156fe687-ac99-4003-9d05-5c5411cd6bac,1,1,35,0.04,item_templates.alias_fallback_for_localization_links,high
3,"Standard Ammo",,"","7.62x39",8efa41be-c593-4490-a6e4-b5827ed27260,1,1,20,0.018,item_templates.alias_fallback_for_localization_links,high
3,"Standard Ammo",,"","7.62x51",a6b4d8ab-7ec1-4561-a22e-3b87a7a08a5d,1,1,24,0.02,item_templates.alias_fallback_for_localization_links,high
3,"Standard Ammo",,"","7H36",71720ce6-1050-4c66-91f7-334d39df7597,1,1,18,0.012,item_templates.alias_fallback_for_localization_links,high
3,"Standard Ammo",,"","9x19",e3e576c5-7cf4-4e9b-8283-2fd5eb4676d2,1,1,10,0.01,item_templates.alias_fallback_for_localization_links,high
3,"Standard Ammo",,"","9x39",6ff28efa-75bf-4d6a-8cc6-9b01b00bfe50,1,1,26,0.02,item_templates.alias_fallback_for_localization_links,high
5,"Backpack",,"","Assault Pack",c13155c0-4e1f-4f84-b24d-6cc37379a503,3,4,750,1.0,Items_en.m_TableData,high
5,"Backpack",,"","Backdoor",167c4227-d883-4438-9bc1-6ca8ae27370a,3,3,300,0.7,Items_en.m_TableData,high
5,"Backpack",,"","Bindle",53cd178a-1688-4827-81e9-e5c3bc802f1f,2,2,20,0.2,Items_en.m_TableData,high
5,"Backpack",,"","Courier Bag",6328c686-dd4f-4d26-99c7-a81f0f67d2c4,4,4,1000,2.0,Items_en.m_TableData,high
5,"Backpack",,"","Courier Bag",830fc7f2-f4d4-4005-ab7f-e10c7595be92,4,4,1200,2.0,Items_en.m_TableData,high
5,"Backpack",,"","Courier Bag",8c8fbaa4-2e48-41e8-b8b3-a76bbd4486bc,4,4,1000,2.0,Items_en.m_TableData,high
5,"Backpack",,"","Fortknight",078312c7-a809-4a0c-91f9-08714cbe37b3,3,4,600,0.71,Items_en.m_TableData,high
5,"Backpack",,"","Gunman",8701e1bd-9509-4ec1-992d-d9e70b581bff,4,7,7000,2.0,Items_en.m_TableData,high
5,"Backpack",,"","Hugger",01d4067b-1747-4c85-9e86-c47cf311ed15,4,6,6500,2.3,Items_en.m_TableData,high
5,"Backpack",,"","Hugger Anniversary",353a680b-00d6-4ef9-911f-27a24a14dce9,4,6,7000,2.3,Items_en.m_TableData,high
5,"Backpack",,"","Sling Bag",74b1c8af-bf63-442b-aecc-79ebe5afc444,2,2,150,0.4,Items_en.m_TableData,high
5,"Backpack",,"","Storage Enforcer_01",dfb10ef8-465f-478a-bbbd-99ee0f3fadcd,4,4,,3.0,item_templates.alias,high
5,"Backpack",,"","Storage Rookie_01",00938a78-f763-4889-9718-e0b786fb9d3f,4,4,,3.0,item_templates.alias,high
5,"Backpack",,"","Storage Trashooter_01",72c54306-d668-411e-a7d9-4016f911688f,4,4,,3.0,item_templates.alias,high
5,"Backpack",,"","TAB",34191a8f-f8e3-412e-845a-ca812261402e,3,4,620,1.0,Items_en.m_TableData,high
6,"Chest Rig",22,"Chest rig","'Kanie'",6304faae-9b23-4f8b-9ac4-995f217acd04,3,4,1550,1.5,Items_en.m_TableData,high
6,"Chest Rig",22,"Chest rig","'Rapid'",a24c3a96-2f03-4385-bb13-f1ea3dda443b,3,4,750,1.1,Items_en.m_TableData,high
6,"Chest Rig",22,"Chest rig","EMERKIT",7a24e322-cabe-47b5-813c-f3f6f61fe858,3,3,200,0.7,Items_en.m_TableData,high
6,"Chest Rig",22,"Chest rig","LUV",fb38b5bd-6678-4c5d-8e44-6d538babd5b6,3,3,300,0.7,Items_en.m_TableData,high
6,"Chest Rig",22,"Chest rig","SeaSeal",6b31147a-42bd-4fe8-a7ae-e16570f3db62,3,3,2500,2.0,Items_en.m_TableData,high
6,"Chest Rig",22,"Chest rig","Zenith",b789f670-769a-4c47-a3d0-06252185764f,3,3,650,0.65,Items_en.m_TableData,high
6,"Chest Rig",23,"Armored chest rig","CARTER",98ca4560-598f-4d9b-a934-d800c2a21c45,3,4,8000,8.0,Items_en.m_TableData,high
6,"Chest Rig",23,"Armored chest rig","KNOCKIA",c8b1ec7a-325f-4628-a9d0-4ad724800ba3,3,4,3200,4.0,Items_en.m_TableData,high
6,"Chest Rig",23,"Armored chest rig","MONOLITH",c489054e-2478-4e5b-b2cb-d7c0b4e55603,4,3,6000,4.0,Items_en.m_TableData,high
6,"Chest Rig",23,"Armored chest rig","RECON6",07573f6c-ebb8-4d3d-8a60-d702723fe9f9,3,4,450,2.5,Items_en.m_TableData,high
6,"Chest Rig",23,"Armored chest rig","VVS 13",e5822cb4-f081-4a16-afd8-9eb365899e8b,3,4,1000,3.5,Items_en.m_TableData,high
7,"Helmet",26,"Hat","Beanie hat",c2ebc659-cd20-4947-97e7-d3d3fb174a2d,1,1,10,0.07,Items_en.m_TableData,high
7,"Helmet",26,"Hat","Bucket hat 'Price'",5e7bcb69-5a61-4928-86e2-fa6107e1a106,1,1,30,0.08,Items_en.m_TableData,high
7,"Helmet",26,"Hat","Cowboy Hat",c568e1a9-cbb5-419e-8639-dc728e651256,2,2,500,0.4,Items_en.m_TableData,high
7,"Helmet",26,"Hat","Developer's hat",9ff54173-d9a6-4a7d-a84b-ed5ec559d6dd,1,1,1,0.01,Items_en.m_TableData,high
7,"Helmet",26,"Hat","FYI Snapback",bad9e3a8-a9b0-44e0-a360-2a51983589b0,1,1,1500,0.1,Items_en.m_TableData,high
7,"Helmet",26,"Hat","Police Baseball Hat",39b23447-6125-407a-ada0-ab277c658715,1,1,15,0.1,Items_en.m_TableData,high
7,"Helmet",31,"Helmet","Choppa",419d5b82-444a-43d5-9eb2-fdd482eb35e8,2,2,4500,2.3,Items_en.m_TableData,high
7,"Helmet",31,"Helmet","GP",d7a23c9c-d8bc-4bff-8487-a13bb52db01e,2,2,5500,2.0,Items_en.m_TableData,high
7,"Helmet",31,"Helmet","GP",dc1111e7-232f-4592-acc3-db20d9378270,2,2,6300,2.0,Items_en.m_TableData,high
7,"Helmet",31,"Helmet","HB4",e4a92f12-64f9-4b99-b5a6-6ea543fcad04,2,2,4000,1.7,Items_en.m_TableData,high
7,"Helmet",31,"Helmet","He1",4a39e63c-2ff0-4121-83ca-a03992073c46,2,2,1900,1.3,Items_en.m_TableData,high
7,"Helmet",31,"Helmet","Krie-G",d9ecd334-c532-42d5-b51b-cec92da5c7e6,2,2,132720,1.8,Items_en.m_TableData,high
7,"Helmet",31,"Helmet","L93",30a58fa8-3652-4e5d-96ec-24faf183049c,2,2,2250,1.6,Items_en.m_TableData,high
7,"Helmet",31,"Helmet","M1918",8b6ef869-942d-491b-8d06-b90f6e6238c0,2,2,19180,2.2,Items_en.m_TableData,high
7,"Helmet",31,"Helmet","MOPS",27d4b497-3b03-4a59-ad46-66d6c7b280a1,2,2,6000,3.0,Items_en.m_TableData,high
7,"Helmet",31,"Helmet","Moto helmet 'Fighter'",5bfaee2f-fafd-4501-8a3a-fdfc4ef3d429,2,2,300,1.0,Items_en.m_TableData,high
7,"Helmet",31,"Helmet","Moto helmet 'Flames'",2d46a346-341d-402e-b485-7b3fb2a9cbc5,2,2,310,1.0,Items_en.m_TableData,high
7,"Helmet",31,"Helmet","Moto Helmet Red",eb0522f6-73ad-4cf4-9f0b-a48aed2b87b9,2,2,300,1.0,Items_en.m_TableData,high
7,"Helmet",31,"Helmet","Moto helmet white",41f2ce1a-7270-492c-99c3-eacbf1cba81d,2,2,300,1.0,Items_en.m_TableData,high
7,"Helmet",31,"Helmet","RS5",5ba1a9e5-7182-432b-aea0-50123cefa1ce,2,2,12200,4.0,Items_en.m_TableData,high
7,"Helmet",31,"Helmet","Safety Helmet",7499aee7-ebe6-4214-bd5b-abe4198a0799,2,2,100,0.5,Items_en.m_TableData,high
7,"Helmet",31,"Helmet","Safety Helmet",89e9e976-744f-4a89-880c-219a666741e4,2,2,100,0.5,Items_en.m_TableData,high
7,"Helmet",31,"Helmet","Safety Helmet",d5aa61e3-e23b-421d-867d-f99bc4690146,2,2,100,0.5,Items_en.m_TableData,high
7,"Helmet",31,"Helmet","Salade",c244c7d8-d68f-442e-8dab-b9ddedb630b7,2,2,20000,2.4,Items_en.m_TableData,high
7,"Helmet",31,"Helmet","VULTURE",ae26c0a8-e6f1-43d2-b907-693adc6ae540,2,2,10000,2.5,Items_en.m_TableData,high
7,"Helmet",73,"Mask","Aboutamask",bccbdac1-13d1-4308-96bb-a47fed8a5b7c,2,2,8500,0.75,Items_en.m_TableData,high
7,"Helmet",73,"Mask","Ceremony A",40e7ed48-0dc8-4ff0-ac1e-0c9a413c65b6,2,2,120000,0.6,Items_en.m_TableData,high
7,"Helmet",73,"Mask","Ceremony B",6a5646d7-1231-4a98-af0f-7749969b3b7b,2,2,130000,0.4,Items_en.m_TableData,high
7,"Helmet",73,"Mask","Mask of joy",18430a1c-18bc-47b0-ac06-48b35b2b4f8e,2,2,13000,0.5,Items_en.m_TableData,high
7,"Helmet",73,"Mask","Nya mask",4924c065-4d7a-4aa2-8a17-6ea3a35c70a9,2,2,5000,0.8,Items_en.m_TableData,high
7,"Helmet",73,"Mask","Onnoh mask",508becd4-2288-4470-b1a5-0de5268530c7,2,2,6000,0.3,Items_en.m_TableData,high
7,"Helmet",73,"Mask","The Burden",01dcb431-1ece-4a54-8aa6-8e374d4d00a2,2,2,5000,0.3,Items_en.m_TableData,high
7,"Helmet",79,"Helmet visor","Choppa facemask",2edfc44b-b37d-435e-aacc-eb493653640c,2,1,4000,1.0,Items_en.m_TableData,high
7,"Helmet",79,"Helmet visor","GP Visor",18d100ec-b346-4e76-9cf0-ec748fecb937,2,2,5000,1.0,Items_en.m_TableData,high
7,"Helmet",79,"Helmet visor","HB 4 Visor",986ce450-7537-4372-8a15-ec8976ceb22d,2,1,6000,1.0,Items_en.m_TableData,high
7,"Helmet",79,"Helmet visor","M1918 Helmet Mask",55866eb4-938b-4b30-bee1-4fdcd94026b8,2,2,10000,2.0,Items_en.m_TableData,high
7,"Helmet",79,"Helmet visor","M1918 Shield",9813f59d-0a9f-4ee3-bd5d-d5a53d5a481a,2,2,9000,2.0,Items_en.m_TableData,high
8,"SpawnBoxes",,"","Assistant's toolbox",b99b4c7e-49f1-4280-b77d-02b09209cff3,1,1,,,Items_en.m_TableData,high
8,"SpawnBoxes",,"","Barrels",bf498f8e-853f-42e6-a94c-7825e1c176f6,1,1,1000,,Items_en.m_TableData,high
8,"SpawnBoxes",,"","Bucket",d979d1f0-ec18-4974-808e-9c296a6096f4,1,1,1000,,Items_en.m_TableData,high
8,"SpawnBoxes",,"","Butts",4d2717e2-d38d-4622-b396-09e95c01ee8f,1,1,1000,,Items_en.m_TableData,high
8,"SpawnBoxes",,"","Cabinet",e2e5275f-8c27-4e9d-aacb-213c56b5b8cc,1,1,,,Items_en.m_TableData,high
8,"SpawnBoxes",,"","Car",8eded12e-35d0-431b-a634-9ab79bdf1dcd,1,1,,,Items_en.m_TableData,high
8,"SpawnBoxes",,"","Cargo Box",2e745df6-f6f4-4837-bdd9-4d0841f45237,1,1,1000,,Items_en.m_TableData,high
8,"SpawnBoxes",,"","Cargo Box",add0e160-ecd9-4b5b-874f-cd744e37b4bd,1,1,1000,,Items_en.m_TableData,high
8,"SpawnBoxes",,"","Clerk's Safe",a96ae755-5c47-42d7-87d5-0790129e101a,1,1,,,Items_en.m_TableData,high
8,"SpawnBoxes",,"","Collimators",e1d49c4a-47e3-4718-9b7e-8890e4bf9b95,1,1,1000,,Items_en.m_TableData,high
8,"SpawnBoxes",,"","Container",106355bc-f302-4451-a022-6a4208d680c8,1,1,1000,,Items_en.m_TableData,high
8,"SpawnBoxes",,"","CONTAINER",99355a09-41f6-4178-bfc4-1df1e2b327ad,1,1,1000,,Items_en.m_TableData,high
8,"SpawnBoxes",,"","Container",bf8c7bdd-06a2-455f-8177-2fc6ab650433,1,1,,,Items_en.m_TableData,high
8,"SpawnBoxes",,"","Container",eb3721e7-d156-4aa5-a47f-dc2f6b051ae3,1,1,1000,,Items_en.m_TableData,high
8,"SpawnBoxes",,"","DeadRobot_01",d06768b1-7e74-4254-a8ad-f870ba35b475,1,1,,,item_templates.alias_fallback_for_localization_links,high
8,"SpawnBoxes",,"","DeadRobot_02",8ded7070-6897-43cf-a799-810a56503416,1,1,,,item_templates.alias_fallback_for_localization_links,high
8,"SpawnBoxes",,"","DeadRobot_7x5",8fa83dd5-e1c6-4ccc-af17-983a08e7677b,1,1,,,item_templates.alias_fallback_for_localization_links,high
8,"SpawnBoxes",,"","Desk",fd070612-0ea5-44a2-92eb-83fe3e8b63e1,1,1,,,Items_en.m_TableData,high
8,"SpawnBoxes",,"","Disconnected body",5c0843f3-8344-426b-bfdd-02d5704e4bf3,1,1,1000,,Items_en.m_TableData,high
8,"SpawnBoxes",,"","Drawer",3a21a057-2616-4d31-a003-a17dd8d19d8e,1,1,,,Items_en.m_TableData,high
8,"SpawnBoxes",,"","Dumpster",43c2e077-886e-4fa5-92bb-75d002f43d3d,1,1,,,Items_en.m_TableData,high
8,"SpawnBoxes",,"","Electrician's toolbox",4bd7bb13-5ec9-4620-a01c-36a655cdaa21,1,1,,,Items_en.m_TableData,high
8,"SpawnBoxes",,"","First Aid",2e5b2d58-f3b2-459e-ac7e-594b0847132b,1,1,,,Items_en.m_TableData,high
8,"SpawnBoxes",,"","Invisible_Dead_Droid_6x4",6c67b436-3ba9-4479-81e7-e4c228b432cc,1,1,,,item_templates.alias_fallback_for_localization_links,high
8,"SpawnBoxes",,"","Key cabinet",558e6d48-f33e-4004-8063-d01da10e3f0b,1,1,,,Items_en.m_TableData,high
8,"SpawnBoxes",,"","Locker",d44bb1b3-2e96-4b04-ac41-c8fde6aafbcf,1,1,1000,,Items_en.m_TableData,high
8,"SpawnBoxes",,"","Mags",459eaef9-ee02-4f50-83a4-23cad61acd8e,1,1,1000,,Items_en.m_TableData,high
8,"SpawnBoxes",,"","Military container",4f594fb7-dfe9-4276-9ffa-36530f718f2c,1,1,,,Items_en.m_TableData,high
8,"SpawnBoxes",,"","Military container",c4525e44-3451-40dd-9dd8-ebdc4edbe6c3,1,1,1000,,Items_en.m_TableData,high
8,"SpawnBoxes",,"","Military container",d1cf147e-fbcd-4543-8693-2901784066eb,1,1,,,Items_en.m_TableData,high
8,"SpawnBoxes",,"","Old safe",beb2d253-aa4b-4aa4-b706-ab112704c641,1,1,,,Items_en.m_TableData,high
8,"SpawnBoxes",,"","Optical sights",cf150ba2-5425-4a3d-900b-265b3d17902d,1,1,1000,,Items_en.m_TableData,high
8,"SpawnBoxes",,"","Package",3d8d9fea-4d0f-4af2-90a7-6e28aba32d46,1,1,1000,,Items_en.m_TableData,high
8,"SpawnBoxes",,"","PC",c25f1f8a-6c72-4cb4-a7e7-5a9baa2cc4a0,1,1,1000,,Items_en.m_TableData,high
8,"SpawnBoxes",,"","Pegboard",f19b908f-dc69-4358-914d-c5926d4d9c10,1,1,,,Items_en.m_TableData,high
8,"SpawnBoxes",,"","Pile of trash",4adce1ac-cc7a-4e89-8de2-0f519b01f818,1,1,1000,,Items_en.m_TableData,high
8,"SpawnBoxes",,"","Plumber's toolbox",24c8b6bb-58fe-41a8-b5eb-9363a8bb9ed0,1,1,,,Items_en.m_TableData,high
8,"SpawnBoxes",,"","Raid Shop",536666ee-f21b-4c5a-9220-9b0970a6afd9,1,1,,,Items_en.m_TableData,high
8,"SpawnBoxes",,"","Raid Shop",dcef0697-7511-4097-bf01-536e94f3d98e,1,1,,,Items_en.m_TableData,high
8,"SpawnBoxes",,"","Receivers",afff5d0a-6321-4a95-87f0-26eea11205ba,1,1,1000,,Items_en.m_TableData,high
8,"SpawnBoxes",,"","Repairman's toolbox",0be34936-e68b-48ec-ae53-907b52b3405d,1,1,1000,,Items_en.m_TableData,high
8,"SpawnBoxes",,"","Rifle stocks",34e7c51f-f118-48a3-9c5e-6828fc650ed6,1,1,1000,,Items_en.m_TableData,high
8,"SpawnBoxes",,"","Safe",02164979-383e-4465-b2f6-8789f4b13dfb,1,1,,,Items_en.m_TableData,high
8,"SpawnBoxes",,"","Secret Stash",bf20e448-5c63-4397-b427-49bb952bc992,1,1,,,Items_en.m_TableData,high
8,"SpawnBoxes",,"","Slides",7b998b22-2aee-45ad-8960-64eaafa2888a,1,1,1000,,Items_en.m_TableData,high
8,"SpawnBoxes",,"","Supplies",99a77d00-329a-4199-af4e-ec1577f94849,1,1,,,Items_en.m_TableData,high
8,"SpawnBoxes",,"","Suppressors",47d6309d-6324-49f8-8bb2-4ad355f51e7e,1,1,1000,,Items_en.m_TableData,high
8,"SpawnBoxes",,"","Technician's toolbox",76250dcc-ab8a-4e85-8c4d-4e9383ce3fe8,1,1,,,Items_en.m_TableData,high
8,"SpawnBoxes",,"","Terminal tractor",7d4caba7-f12d-4d07-a7b0-f43582ca7d99,1,1,,,Items_en.m_TableData,high
8,"SpawnBoxes",,"","Toilet",ea3a0825-128d-4d84-8610-865528264871,1,1,1000,,Items_en.m_TableData,high
8,"SpawnBoxes",,"","Toolbox",247f8b6a-30c4-4560-aebd-51bcfa96f842,1,1,1000,,Items_en.m_TableData,high
8,"SpawnBoxes",,"","Toolbox",c1f60e39-8a08-4033-9e4d-108775239b09,1,1,1000,,Items_en.m_TableData,high
8,"SpawnBoxes",,"","Truck",2af8cdc6-ee18-4cfa-a4d3-62c3c883dd4e,1,1,,,Items_en.m_TableData,high
8,"SpawnBoxes",,"","Urinal",e81f5ccc-5c9f-44ae-a78f-8acb34705b8d,1,1,1000,,Items_en.m_TableData,high
8,"SpawnBoxes",,"","Van",256e8e05-6ac3-42aa-9db5-cfcb617d1331,1,1,,,Items_en.m_TableData,high
8,"SpawnBoxes",,"","Yellow Toolbox",46e78f2c-48b9-418d-854a-ac59bc386155,1,1,1000,,Items_en.m_TableData,high
9,"Armor Vest",,"","Armored Hand Left 01",e8bd1f2b-9931-4aa4-bcf1-8b7409511ce1,1,3,,,item_templates.alias,high
9,"Armor Vest",,"","Armored Hand Right 01",6e687b75-7eb8-470a-a24e-af3b5081acd7,1,3,,,item_templates.alias,high
9,"Armor Vest",,"","Armored Set Full Body 02",f2bd0091-643e-44ef-83dc-41636a4fe0ac,3,3,,8.0,item_templates.alias,high
9,"Armor Vest",,"","BEAR",c0a2d6b8-a264-49de-ae5c-73570243025c,3,4,165000,7.5,Items_en.m_TableData,high
9,"Armor Vest",,"","BELLE",40c61b4a-6ef1-427e-a2bc-c21bbac11327,3,3,300,1.3,Items_en.m_TableData,high
9,"Armor Vest",,"","BELLE",82340ae9-a482-4617-8daf-b14a70b0622a,3,3,310,1.3,Items_en.m_TableData,high
9,"Armor Vest",,"","EMERKIT",061806f3-1ab0-478f-8b08-17fb278d2f61,3,3,250,1.3,Items_en.m_TableData,high
9,"Armor Vest",,"","FE",055f2121-3dbe-4c50-bc49-4df4ff3cc757,3,3,3500,4.0,Items_en.m_TableData,high
9,"Armor Vest",,"","FE Kuzitron",3b01660c-9c5e-438e-9e2d-3fec19b30fcf,3,3,1,1.0,Items_en.m_TableData,high
9,"Armor Vest",,"","Force armor",b657bc11-88e3-497e-a2b1-5825f848884d,3,3,,8.0,item_templates.alias,high
9,"Armor Vest",,"","GP-DELTA",d2949dc4-bd80-49ba-8613-22ab0c751985,3,3,22000,3.5,Items_en.m_TableData,high
9,"Armor Vest",,"","GUARD",1a2a9ce3-cc53-4b4b-857e-17ad1b260971,3,3,720,2.0,Items_en.m_TableData,high
9,"Armor Vest",,"","LNX18",a39c8757-b981-4eb5-aa42-9655db1cfc96,3,3,10800,2.5,Items_en.m_TableData,high
9,"Armor Vest",,"","P1918",0bc8490a-b9b3-47fd-9050-bb737d8eeca9,3,4,41650,11.0,Items_en.m_TableData,high
9,"Armor Vest",,"","TICTAC",57371dca-a5fe-48b9-ba90-2970c36b1d78,3,3,64850,5.0,Items_en.m_TableData,high
10,"Grenade",21,"Grenade","F2",e1f18110-8922-42f5-a7a6-69de9bc7cc9f,1,1,1300,0.6,Items_en.m_TableData,high
10,"Grenade",21,"Grenade","Junk Grenade",8ccd4fe1-f2be-4b7e-8d3a-4b2ea5d377b2,1,1,300,0.3,Items_en.m_TableData,high
10,"Grenade",21,"Grenade","N69",67d47d16-5a14-4f20-a8c8-3597dab8be55,1,1,650,0.18,Items_en.m_TableData,high
11,"Melee Tool",,"","Blast trauma",284d42e5-2703-4735-b9d4-8e031cab2af4,1,1,,1.0,Items_en.m_TableData,high
11,"Melee Tool",,"","Electroshocker",17f481eb-0cb3-441c-a5d3-36bc7a047f9f,2,1,5000,2.0,Items_en.m_TableData,high
11,"Melee Tool",,"","Hammer",ba31b4db-46b9-4565-af4e-e972e5e0f0f4,1,2,200,2.0,Items_en.m_TableData,high
11,"Melee Tool",,"","Scepter of immortality",c4b0fc46-11f3-41ab-8ea2-df2676f36c57,2,1,1,2.0,Items_en.m_TableData,high
11,"Melee Tool",,"","Shock Rod",225e6aa0-dc59-4a9c-8846-40434e438fe4,3,1,300,5.0,Items_en.m_TableData,high
12,"Internal",36,"Angle Grinder","BIGD",a4261e12-765c-4939-b6ca-8f572a6434b3,3,2,,5.0,Items_en.m_TableData,high
12,"Internal",40,"Gigabytes","Data",7f83ec25-7b11-4b11-8285-fc622a49c569,1,1,,,Items_en.m_TableData,high
12,"Internal",93,"","AccountData_ItemsStatistics",cacf3f24-6058-4729-bf97-8b449c1dfdc7,1,1,,,item_templates.alias,high
12,"Internal",93,"","AccountData_Storage_Module",58553d07-55c9-42c3-8e42-914d4727f925,1,1,,,item_templates.alias,high
12,"Internal",93,"","Body Parts Tuner",c15e5e28-0821-4e86-956d-48ff577fa41c,1,1,,,item_templates.alias,high
12,"Internal",93,"","BoostableShelterModule",c2368d09-45a6-445e-a62c-8a81603173d2,1,1,,,item_templates.alias,high
12,"Internal",93,"","CraftRecipe_Blueprints_Storage_Module",389fc77a-4c9e-446d-be16-ee140594d49c,1,1,,,item_templates.alias,high
12,"Internal",93,"","DefaultShelterModule",0696f1a4-081c-43e1-9b97-a169d8b8f497,1,1,,,item_templates.alias,high
12,"Internal",93,"","EventCalendarModule",67e9d155-a24a-4d34-9acc-f8828be0657b,1,1,,,item_templates.alias,high
12,"Internal",93,"","PowerGenerator_1",04f694eb-3c9a-4312-8672-4a3ccf33c565,1,1,,,item_templates.alias,high
12,"Internal",93,"","PowerGenerator_2",c3483884-f9cf-485f-86fe-07f33f6a57c3,1,1,,,item_templates.alias,high
12,"Internal",93,"","PowerGenerator_3",0ae48692-e9a4-473e-96a1-36bb0b23fd95,1,1,,,item_templates.alias,high
12,"Internal",93,"","Recycler",2e526cb5-1b32-4f8a-ac84-23864d67107b,1,1,,,item_templates.alias,high
12,"Internal",93,"","Shelter",9a1aa8dd-c559-454c-aa30-38f175081444,1,1,,,item_templates.alias,high
12,"Internal",93,"","Storage",2cf21d76-620c-4f5e-b01a-01e1c678fb12,1,1,,,Items_en.m_TableData,high
12,"Internal",93,"","Storage",2e96e43c-058a-4f83-9213-b0c715f22f59,1,1,,,Items_en.m_TableData,high
12,"Internal",93,"","Storage",57b4aae7-a1d3-4d31-a2b4-bee5ef3d9557,1,1,,,Items_en.m_TableData,high
12,"Internal",93,"","Storage",78f9698e-c473-49c4-8eae-e12f0667e562,1,1,,,Items_en.m_TableData,high
12,"Internal",93,"","Storage",aa137e38-f5ff-49b2-8e81-186c0cf935a8,1,1,,,Items_en.m_TableData,high
12,"Internal",93,"","Storage",b16d0715-a13a-4e56-99d4-03b63892252e,1,1,,,Items_en.m_TableData,high
12,"Internal",93,"","Storage",bcac81f6-5462-4f3c-865f-e426e5f39d37,1,1,,,Items_en.m_TableData,high
12,"Internal",93,"","Storage",c52bad83-4098-467c-85cc-e0174ed06609,1,1,,,Items_en.m_TableData,high
12,"Internal",93,"","Storage",cc2746c8-0396-4de0-8186-758f0cc2c0bf,1,1,,,Items_en.m_TableData,high
12,"Internal",93,"","Storage",cc4918ac-77f8-4b56-98d8-85a549d6b6b0,1,1,,,Items_en.m_TableData,high
12,"Internal",93,"","Storage",d6dc2980-0c2c-4b76-a2e3-52df4e7533ed,1,1,,,Items_en.m_TableData,high
12,"Internal",93,"","Storage",d90a7f18-c946-49e5-b754-9e90f2307882,1,1,,,Items_en.m_TableData,high
12,"Internal",93,"","Storage_1",84735a48-ff3a-4a31-852f-4e6f6ea9d852,1,1,,,item_templates.alias,high
12,"Internal",93,"","Storage_10",0b1a3171-286e-4203-8a28-3d70ee4f3119,1,1,,,item_templates.alias,high
12,"Internal",93,"","Storage_11",4dbcf44f-f7cd-4f98-a132-df202853b7b9,1,1,,,item_templates.alias,high
12,"Internal",93,"","Storage_2",9b63f0e6-faf4-45a8-aeb0-c98eccb6f4db,1,1,,,item_templates.alias,high
12,"Internal",93,"","Storage_3",2f7e8cab-d904-4b49-9537-7424e4608111,1,1,,,item_templates.alias,high
12,"Internal",93,"","Storage_4",ff929ec2-037d-4bf5-83b9-a6b7264b2a48,1,1,,,item_templates.alias,high
12,"Internal",93,"","Storage_5",6dd509e5-e1cc-4c6e-83b9-ba5076d37646,1,1,,,item_templates.alias,high
12,"Internal",93,"","Storage_6",7c33bac5-4466-4ee0-85da-dcdd6e844591,1,1,,,item_templates.alias,high
12,"Internal",93,"","Storage_7",18b60289-8b7b-46fe-8a89-9a611d3b5a9d,1,1,,,item_templates.alias,high
12,"Internal",93,"","Storage_8",1b20227f-1f61-457c-9818-c13a26d0c541,1,1,,,item_templates.alias,high
12,"Internal",93,"","Storage_9",c91aaeaf-9528-4900-9f1d-94f007f65fe6,1,1,,,item_templates.alias,high
12,"Internal",93,"","Weapons Workbench",c1a01ca0-2711-4e54-a0bf-f530e59b4858,1,1,,,item_templates.alias,high
12,"Internal",,"","""Pocket""",c716101b-3af4-49a3-ae52-824c376f8912,4,4,,3.0,Items_en.m_TableData,high
12,"Internal",,"","AccountItemTemplate",301c7f08-f629-4f66-9bf7-6b1dddbabd17,1,1,,,item_templates.alias,high
12,"Internal",,"","Buff And Modifier Items Container",d674525f-523e-4ae5-9aba-907c85942325,1,1,,,item_templates.alias,high
12,"Internal",,"","EDITOR: In Session Weapon Workbench",d12556fe-ea51-4368-9a80-37ef1e04c542,1,1,,,item_templates.alias,high
12,"Internal",,"","EventCalendarItemTemplate",123a5b63-1c57-4c2d-8ed7-fb22491da3ce,1,1,,,item_templates.alias,high
12,"Internal",,"","Healtool_Screewdriver",c38ee3a6-c00d-4944-836b-d8436aae132d,1,1,,,item_templates.alias,high
12,"Internal",,"","Inner chamber",be4d2d30-6dde-42c9-b584-0b119d9cae59,2,2,,3.0,Items_en.m_TableData,high
12,"Internal",,"","Janitor Radiation",c0126e7b-a50a-4374-9aed-83cc1081af8d,1,1,,,item_templates.alias,high
12,"Internal",,"","Janitor’s personal space",1b5af77f-ddcb-4860-ae91-05fe69f22cbd,2,2,,3.0,Items_en.m_TableData,high
12,"Internal",,"","OreVein_01",ed6b8f27-4679-4292-b378-1bb100bff0cb,1,1,,1.0,item_templates.alias,high
12,"Internal",,"","Phantom Items Container",308cf5de-1667-4e80-a6ac-ac0312033f89,1,1,,,item_templates.alias,high
12,"Internal",,"","Repair kit",3af5f7f9-cbeb-4880-97f7-57d46eb0216e,1,1,,,Items_en.m_TableData,high
12,"Internal",,"","Shop box",71ada3a7-37ef-4aa7-8011-0b00447440cf,1,1,,,item_templates.alias,high
12,"Internal",,"","ShopCartForBuy",4745445a-86b9-4c9a-83a6-4e668f87e1da,1,1,,,item_templates.alias,high
12,"Internal",,"","ShopCartForSell",6a332b50-f509-4b1c-b9eb-ebb1f6b0b1ea,1,1,,,item_templates.alias,high
12,"Internal",,"","Storage",1bb45f90-b57e-4e09-8628-9713559620cd,1,1,,,Items_en.m_TableData,high
12,"Internal",,"","Storage",ffdbb1a6-a348-4d0f-a3ea-2c40f87ba3be,1,1,,,Items_en.m_TableData,high
12,"Internal",,"","ZombieRadiation",187a03c4-0878-4630-bb3b-ec8ffce8936b,1,1,,,item_templates.alias,high
13,"Body Part",32,"Head","Ancestor",3e6977f2-e6de-4f5d-bfd3-6e380015f055,3,2,1000000,10.0,Items_en.m_TableData,high
13,"Body Part",32,"Head","Coma-' head",ce2ce374-36a8-4d35-96ff-68663c0b4723,2,2,16000,6.5,Items_en.m_TableData,high
13,"Body Part",32,"Head","CondorType",4b235fdb-97df-496a-9d5d-8210dd89cb3c,2,2,18000,3.0,Items_en.m_TableData,high
13,"Body Part",32,"Head","CRNM-F",087b061d-f021-45a8-a0af-f441af8cccb7,2,2,5000,3.5,Items_en.m_TableData,high
13,"Body Part",32,"Head","CRNM-L",09a7512d-1457-43e2-bf24-93427f777153,2,2,5000,3.0,Items_en.m_TableData,high
13,"Body Part",32,"Head","CRNM-X",20566c34-a912-408d-9ce8-4836f8e592fb,2,2,5500,3.5,Items_en.m_TableData,high
13,"Body Part",32,"Head","CRNM-X",961eb7ee-63d2-46a8-84be-5749bbae4cf7,2,2,5000,3.5,Items_en.m_TableData,high
13,"Body Part",32,"Head","CRNVM-B",49d5c857-4429-4ab4-8cc4-000b6b5b3a47,2,2,6000,4.0,Items_en.m_TableData,high
13,"Body Part",32,"Head","CRNVM-P",b4d6de48-b21d-4ea7-aa3a-512c65b9edb9,2,2,6000,4.0,Items_en.m_TableData,high
13,"Body Part",32,"Head","CW3H",98a63c01-6946-468d-b91b-bca06da66b29,2,2,6000,4.0,Items_en.m_TableData,high
13,"Body Part",32,"Head","ENF-1",32e68e0c-db2b-4faf-b342-01095de30c2b,2,2,4000,4.0,Items_en.m_TableData,high
13,"Body Part",32,"Head","ENF-2",805945d4-bb46-4169-a278-a1b934ff64d6,2,2,9500,6.0,Items_en.m_TableData,high
13,"Body Part",32,"Head","Frame Head",3fff3e10-064c-4ce4-8c04-67daf5355ca2,2,2,8000,2.2,Items_en.m_TableData,high
13,"Body Part",32,"Head","H8-Assistant",84b56f14-0f02-4a99-b0c7-9b603b0dc00e,2,2,15000,6.0,Items_en.m_TableData,high
13,"Body Part",32,"Head","Head_01_Model_04_Monster_WIP",f6344ec8-e3f8-4fed-a58d-da279dd1ff00,2,2,,4.0,item_templates.alias,high
13,"Body Part",32,"Head","Head_01_Monster_Janitor_01",a9db6a0c-fa86-4bb0-a934-cba0fd35aa88,1,1,,,item_templates.alias,high
13,"Body Part",32,"Head","Head_01_Monster_Shared",49cee5f1-9085-4ed9-a6ec-aa58e39d6f2a,2,2,,5.0,item_templates.alias,high
13,"Body Part",32,"Head","Head_01_Monster_Shared_CritIgnore",70720ceb-2593-439e-9198-9c9eb74491b5,1,1,,,item_templates.alias,high
13,"Body Part",32,"Head","Head_01_Monster_Shared_Spread_1_5",6ce5ec47-ff5c-4452-bdea-76ccf37a9239,2,2,,5.0,item_templates.alias,high
13,"Body Part",32,"Head","Head_03_Model_01_Monster_WIP",8b894c44-700e-4b5a-8c5c-64ee7b69a893,2,2,,2.5,item_templates.alias,high
13,"Body Part",32,"Head","Head_05_Model_01",ac63be2f-0944-4878-baa1-90cf60add228,3,2,72000,12.0,item_templates.alias,high
13,"Body Part",32,"Head","Head_13_Model_01_Monster",93d2dc52-613a-4333-97bb-99d0b63e54dc,2,2,,5.0,item_templates.alias,high
13,"Body Part",32,"Head","Head_14_Model_01_Monster_WIP",81a42bee-103f-4ff6-b7de-319fe98c4b9e,2,2,,1.0,item_templates.alias,high
13,"Body Part",32,"Head","Hivemaster",122c9151-c3ea-471e-8ec9-203313b56572,2,2,181500,6.0,Items_en.m_TableData,high
13,"Body Part",32,"Head","HLTH-check head",89c5e592-068c-4fdd-bb6e-bdfc61097f10,2,2,30000,6.0,Items_en.m_TableData,high
13,"Body Part",32,"Head","Kame+' head",fe006f6c-f1d0-42ca-b271-b5be8267e66b,2,2,15000,6.5,Items_en.m_TableData,high
13,"Body Part",32,"Head","Levelus Major head",ee9117ce-c14f-49c6-83ce-bdb5ea3ee477,2,2,10000,4.0,Items_en.m_TableData,high
13,"Body Part",32,"Head","Lux Aeterna",487edce4-218a-4949-98d3-9f14d9950909,2,2,10000,4.0,Items_en.m_TableData,high
13,"Body Part",32,"Head","NetDiag head",1c665a54-2fe5-4ef8-ab18-60dbb498fb03,2,2,20000,6.0,Items_en.m_TableData,high
13,"Body Part",32,"Head","Nobu_Beta6 head",1befa81c-e1f3-4a0f-98ff-1b84158d4852,2,2,15000,4.0,Items_en.m_TableData,high
13,"Body Part",32,"Head","Nobunaga",5c433ee7-b2ab-4add-97d4-9db191a56b6a,2,2,10000,6.0,Items_en.m_TableData,high
13,"Body Part",32,"Head","PRSVR",a530e99c-e0a1-49c4-bd72-c97457ec84e2,3,2,21000,6.0,Items_en.m_TableData,high
13,"Body Part",32,"Head","Sensorblock",f950e627-70a1-4a98-a014-3c485ef55601,2,2,5000,2.5,Items_en.m_TableData,high
13,"Body Part",32,"Head","Sentinel Pattern head",a267e7ab-efec-43ea-904f-8f8be210ac7a,2,2,50000,8.0,Items_en.m_TableData,high
13,"Body Part",32,"Head","Shturmovik Ozero head",45c5d0b2-2f07-4380-8f36-413ac8630ad1,2,2,1,3.0,Items_en.m_TableData,high
13,"Body Part",32,"Head","Trashooter",e26ea758-64a4-4c7b-a0a2-6c408243e3e1,2,2,5000,1.5,Items_en.m_TableData,high
13,"Body Part",32,"Head","Trip-PH",d3cd8faa-d2b4-4c8d-afe9-7d1adf3b1416,2,2,18500,5.0,Items_en.m_TableData,high
13,"Body Part",32,"Head","ver.28 head",761a51bc-f907-4c4c-808f-16d820e7760a,2,2,4000,3.5,Items_en.m_TableData,high
13,"Body Part",33,"Torso","CW3-I",a7f48e9e-cee4-4507-b12d-de836c65dc68,3,4,5000,40.0,Items_en.m_TableData,high
13,"Body Part",33,"Torso","CW3-IP",7fdf87b0-4e3c-4f91-9e98-fbb887a31692,3,4,5200,40.0,Items_en.m_TableData,high
13,"Body Part",33,"Torso","Frame Torso",b2c366ac-0a10-4b1f-9699-a2ecab5fa3b6,3,4,12000,20.0,Items_en.m_TableData,high
13,"Body Part",33,"Torso","MD5",8baa7af0-04e6-4d43-9c91-aa00c49aed9d,3,4,10000,70.0,Items_en.m_TableData,high
13,"Body Part",33,"Torso","Nobunaga",e6a6af7e-fce4-4163-8a83-45db296010ba,3,4,12000,60.0,Items_en.m_TableData,high
13,"Body Part",33,"Torso","R21B",680f8ae0-991c-4502-a4d4-0022d8cb78f3,3,4,5000,50.0,Items_en.m_TableData,high
13,"Body Part",33,"Torso","R21G",1c673324-9718-44d6-83b7-6cd1b37576d3,3,4,5200,50.0,Items_en.m_TableData,high
13,"Body Part",33,"Torso","R21S-BH",17299786-5731-420f-99a6-425f7c7d6a6d,3,4,7000,50.0,Items_en.m_TableData,high
13,"Body Part",33,"Torso","Torso_01_Model_02_Monster_WIP",ee9a0bfd-11bb-4135-9a32-6a4ecaa75fc5,3,4,,50.0,item_templates.alias,high
13,"Body Part",33,"Torso","Torso_01_Monster_Enforcer",150b0396-41b4-4ddc-9e8c-a9239631cf38,3,4,1,60.0,item_templates.alias,high
13,"Body Part",33,"Torso","Torso_01_Monster_Janitor_01",106c38ff-1148-4f2a-91cb-4737ab5c4ab5,3,4,15000,60.0,item_templates.alias,high
13,"Body Part",33,"Torso","Torso_01_Monster_Shared",cd1dca1e-be4f-476b-ba85-fff187bc2928,3,4,,50.0,item_templates.alias,high
13,"Body Part",33,"Torso","Torso_01_Monster_SWAT_01",5665147c-14f0-48cb-9582-acef23d295ce,3,4,1,60.0,item_templates.alias,high
13,"Body Part",33,"Torso","Torso_02_Model_01_Monster_WIP",8241d752-4e70-482c-984f-1e3787d6bc53,3,4,,40.0,item_templates.alias,high
13,"Body Part",33,"Torso","Torso_02_Model_02_Monster_WIP",600eebdb-d4c5-4213-909e-de85687b4416,3,4,,40.0,item_templates.alias,high
13,"Body Part",33,"Torso","Torso_07_Model_01",e1c8a9cd-8920-46e3-b170-f2c1084125d5,3,4,,50.0,item_templates.alias,high
13,"Body Part",33,"Torso","Torso_07_Model_02",12c18217-dac2-42aa-a239-99fc87f5c004,3,4,,50.0,item_templates.alias,high
13,"Body Part",33,"Torso","TorsoTurret_01",fdb5f5f7-9b23-4607-86c4-bd739136d75e,3,4,2800,40.0,item_templates.alias,high
13,"Body Part",33,"Torso","Trashooter",8e0bf9f4-305e-4c1f-8156-df9c05050af3,3,4,15000,35.0,Items_en.m_TableData,high
13,"Body Part",49,"Left arm","Frame Left Arm",e3baaaea-be33-4e8f-acb5-611bd4352052,1,3,2000,12.0,Items_en.m_TableData,high
13,"Body Part",49,"Left arm","L.Arm CW3-I",6f8b4a62-9113-409b-8d60-c048adb9cb67,1,3,2600,13.0,Items_en.m_TableData,high
13,"Body Part",49,"Left arm","L.Arm CW3-IP",93c789b6-9165-4ce6-b221-8f76abe19d2e,1,3,3000,13.0,Items_en.m_TableData,high
13,"Body Part",49,"Left arm","L.Arm Enforcer",bdf8a0d6-9ae1-4696-a7dd-00254accf7b6,1,3,5000,25.0,Items_en.m_TableData,high
13,"Body Part",49,"Left arm","L.Arm EW3-I",a504da84-d56e-4422-a09d-9fa046c83915,1,3,3000,13.0,Items_en.m_TableData,high
13,"Body Part",49,"Left arm","L.Arm Host",2e132d66-ff3f-4ab8-bae5-28e86eb1f764,1,3,500,18.0,Items_en.m_TableData,high
13,"Body Part",49,"Left arm","L.Arm Localhost",a78e9d88-75eb-4978-afba-6e54fcde2f12,1,3,500,18.0,Items_en.m_TableData,high
13,"Body Part",49,"Left arm","L.Arm MD5",aa3b8e26-c976-4502-b177-b3df43f7ee4c,1,3,10000,18.0,Items_en.m_TableData,high
13,"Body Part",49,"Left arm","L.Arm Nobunaga",cb0b2fa8-c930-4aa7-88da-0dd02ee079d3,1,3,9000,15.0,Items_en.m_TableData,high
13,"Body Part",49,"Left arm","L.Arm R21B",0309e0f3-8126-4366-8fbf-f0fc8f0b57af,1,3,2500,12.0,Items_en.m_TableData,high
13,"Body Part",49,"Left arm","L.Arm R21G",38e36363-3c52-4901-bcea-8b40d8b61f2c,1,3,2700,12.0,Items_en.m_TableData,high
13,"Body Part",49,"Left arm","L.Arm R21S-BH",0ebceb73-7982-4ecb-90ef-50fd5920bc35,1,3,3000,12.0,Items_en.m_TableData,high
13,"Body Part",49,"Left arm","L.Arm Rookie",54787257-75ce-4177-9ea9-c8935b1618d5,1,3,2500,13.0,Items_en.m_TableData,high
13,"Body Part",49,"Left arm","L.Arm Trashooter",bce5aaeb-f2f4-4c8f-a7b4-a55061784b10,1,3,2000,7.0,Items_en.m_TableData,high
13,"Body Part",49,"Left arm","LeftArm_01_Model_02_Monster_WIP",12d71fd1-337b-421e-ab22-9527973d8c70,1,3,,12.0,item_templates.alias,high
13,"Body Part",49,"Left arm","LeftArm_01_Monster_Janitor_01",2637ac0e-b576-461c-9ec5-749a815aa944,1,1,,,item_templates.alias,high
13,"Body Part",49,"Left arm","LeftArm_01_Monster_Shared",71ee1192-59dd-4dc5-9923-30d387b2df8f,1,3,,18.0,item_templates.alias,high
13,"Body Part",49,"Left arm","LeftArm_01_Monster_Shared_CritIgnore",9de0a6dc-27ff-45d2-beb8-c86aedf16da8,1,1,,,item_templates.alias,high
13,"Body Part",49,"Left arm","LeftArm_02_Model_01_Monster_WIP",4f8a2cca-34b0-42a8-9c5f-558202462528,1,3,,13.0,item_templates.alias,high
13,"Body Part",49,"Left arm","LeftArm_02_Model_02_Monster_WIP",dc9e58ee-04e2-468e-a850-5e674e973e7d,1,3,,13.0,item_templates.alias,high
13,"Body Part",50,"Right arm","Frame Right Arm",a0324a80-b43d-4c20-99cb-8f522cd6d372,1,3,4000,12.0,Items_en.m_TableData,high
13,"Body Part",50,"Right arm","R.Arm CW3-I",cf16f0c5-6cb6-41ba-ba9d-3d216343197d,1,3,2600,13.0,Items_en.m_TableData,high
13,"Body Part",50,"Right arm","R.Arm CW3-IP",6e273593-8def-4148-b741-3313e0c170d4,1,3,3000,13.0,Items_en.m_TableData,high
13,"Body Part",50,"Right arm","R.Arm Enforcer",cf0bcc38-97f4-4370-a1fd-f78537633eb2,1,3,5000,16.0,Items_en.m_TableData,high
13,"Body Part",50,"Right arm","R.Arm EW3-I",1b875177-ccb6-4ae0-bd45-7fad8921e0dd,1,3,3000,13.0,Items_en.m_TableData,high
13,"Body Part",50,"Right arm","R.Arm Host",5da47f40-c8df-4349-9927-3b5eab1cf1a4,1,3,500,13.0,Items_en.m_TableData,high
13,"Body Part",50,"Right arm","R.Arm Localhost",b25cc628-273b-4686-b8dd-34472cbd3ad6,1,3,500,13.0,Items_en.m_TableData,high
13,"Body Part",50,"Right arm","R.Arm MD5",27185ab5-23ac-40a1-9cb1-3e66526d5527,1,3,10000,18.0,Items_en.m_TableData,high
13,"Body Part",50,"Right arm","R.Arm Nobunaga",d1b9df33-ad32-4eb4-9db3-95eba73cce96,1,3,9000,15.0,Items_en.m_TableData,high
13,"Body Part",50,"Right arm","R.Arm R21B",f885211a-84cd-4b7e-a626-2c837986357e,1,3,2500,12.0,Items_en.m_TableData,high
13,"Body Part",50,"Right arm","R.Arm R21G",208547da-de42-4ecc-ab81-35ff405c3e16,1,3,2700,12.0,Items_en.m_TableData,high
13,"Body Part",50,"Right arm","R.Arm R21S-BH",2bfce643-abd5-49d9-a84b-1ad34ebb491b,1,3,3000,12.0,Items_en.m_TableData,high
13,"Body Part",50,"Right arm","R.Arm Rookie",82afd931-b4c6-42f3-86d9-69ca88391baa,1,3,2500,16.0,Items_en.m_TableData,high
13,"Body Part",50,"Right arm","R.Arm Trashooter",18d9b2b1-5100-4a0e-9096-d9ceafcea762,1,3,2000,7.0,Items_en.m_TableData,high
13,"Body Part",50,"Right arm","RightArm_01_Model_02_Monster_CritIgnore",c5bdef8f-a84f-416f-913e-3645404f641b,1,3,,12.0,item_templates.alias,high
13,"Body Part",50,"Right arm","RightArm_01_Model_02_Monster_WIP",7d6af573-2438-4a43-ad17-33fe904421bc,1,3,,12.0,item_templates.alias,high
13,"Body Part",50,"Right arm","RightArm_01_Monster_Janitor_01",82c2f20b-b3b8-4043-985f-ba10aaab4b90,1,1,,,item_templates.alias,high
13,"Body Part",50,"Right arm","RightArm_01_Monster_Shared",ad3928d9-d44f-478c-945a-48ca2f9355ab,1,3,,18.0,item_templates.alias,high
13,"Body Part",50,"Right arm","RightArm_01_Monster_Shared_CritIgnore",188d987a-a2dd-4bdc-bc9d-5a7689f1afec,1,1,,,item_templates.alias,high
13,"Body Part",50,"Right arm","RightArm_02_Model_01_Monster_WIP",05043afe-dfa0-4469-b8db-d9cb8f62a4a4,1,3,,13.0,item_templates.alias,high
13,"Body Part",50,"Right arm","RightArm_02_Model_02_Monster_WIP",810693e1-abc1-4749-b5c9-3f95cb5cfabd,1,3,,13.0,item_templates.alias,high
13,"Body Part",51,"Left leg","Frame Left Leg",757a5638-bc75-462d-9af9-ceb92c6e1460,1,4,6000,22.0,Items_en.m_TableData,high
13,"Body Part",51,"Left leg","L.Leg CW3-I",ee99f65a-c3ff-4313-857c-f088d0d06da6,1,4,2800,26.0,Items_en.m_TableData,high
13,"Body Part",51,"Left leg","L.Leg CW3-IP",b40e5958-aa5f-4bd5-b8df-1b810ee9dfb7,1,4,2800,25.0,Items_en.m_TableData,high
13,"Body Part",51,"Left leg","L.Leg Enforcer",3ad613ce-f8f0-4d3b-b6b0-6e90089eb950,1,4,2500,20.0,Items_en.m_TableData,high
13,"Body Part",51,"Left leg","L.Leg EW3-I",aa1a77df-08ca-4d4b-b20a-63e98bc3eef9,1,4,2800,25.0,Items_en.m_TableData,high
13,"Body Part",51,"Left leg","L.Leg Host",9eb89019-6946-4245-bb6f-e5aedb7dafd4,1,4,500,22.0,Items_en.m_TableData,high
13,"Body Part",51,"Left leg","L.Leg Localhost",47671182-06f8-49c5-a220-5bad94535b91,1,4,500,22.0,Items_en.m_TableData,high
13,"Body Part",51,"Left leg","L.Leg MD5",fcd7ea93-1127-4234-8bdf-a60e0204a33f,1,4,4500,33.0,Items_en.m_TableData,high
13,"Body Part",51,"Left leg","L.Leg Nobunaga",5e1acac2-4a36-452e-831e-b9535564d207,1,4,6000,27.0,Items_en.m_TableData,high
13,"Body Part",51,"Left leg","L.Leg R21B",255e0cd3-75b0-486e-9166-b1105b895afe,1,4,2500,22.0,Items_en.m_TableData,high
13,"Body Part",51,"Left leg","L.Leg R21G",1084280e-7e75-460d-ae10-23232e523696,1,4,2800,22.0,Items_en.m_TableData,high
13,"Body Part",51,"Left leg","L.Leg R21S-BH",18cd5059-3ae5-492c-9b19-1d1eae771d67,1,4,3000,22.0,Items_en.m_TableData,high
13,"Body Part",51,"Left leg","L.Leg Rookie",09db7bf4-abf4-4b6e-8184-d1816cac05c6,1,4,2000,20.0,Items_en.m_TableData,high
13,"Body Part",51,"Left leg","L.Leg Trashooter",604d5ca7-4a8d-4b30-ac24-dd0ddbad32dd,1,4,2000,14.0,Items_en.m_TableData,high
13,"Body Part",51,"Left leg","LeftLeg_01_Model_02_Monster_WIP",29d7ff6e-a7de-4bf0-b0d2-cf889c1bd868,1,4,,22.0,item_templates.alias,high
13,"Body Part",51,"Left leg","LeftLeg_01_Monster_Janitor_01",d5a5d82a-a4b4-4f1d-a919-3722f83ff5af,1,1,,,item_templates.alias,high
13,"Body Part",51,"Left leg","LeftLeg_01_Monster_Shared",6b6f00ce-a393-4da3-a256-e0c5e5babdd9,1,4,,22.0,item_templates.alias,high
13,"Body Part",51,"Left leg","LeftLeg_01_Monster_Shared_CritIgnore",c22db966-49b8-4f9e-8b3f-ad9662c40f04,1,1,,,item_templates.alias,high
13,"Body Part",51,"Left leg","LeftLeg_02_Model_01_Monster_WIP",0acc34b9-6adb-4282-82e0-47905206a0bf,1,4,,26.0,item_templates.alias,high
13,"Body Part",51,"Left leg","LeftLeg_02_Model_02_Monster_WIP",63bd700e-2422-4cbb-8c22-6ba6c692c9f9,1,4,,25.0,item_templates.alias,high
13,"Body Part",52,"Right leg","Frame Right Leg",ad8100a2-5cf2-4662-ae99-75f42e11372e,1,4,6000,22.0,Items_en.m_TableData,high
13,"Body Part",52,"Right leg","R.Leg CW3-I",d5063dff-919a-4717-afe1-40e177c1f10b,1,4,2800,26.0,Items_en.m_TableData,high
13,"Body Part",52,"Right leg","R.Leg CW3-IP",1d6fa673-9d33-483f-b244-cea9964f028e,1,4,2800,25.0,Items_en.m_TableData,high
13,"Body Part",52,"Right leg","R.Leg EW3-I",7459e531-5f8c-4e22-8ecb-e305d90aae9f,1,4,2800,25.0,Items_en.m_TableData,high
13,"Body Part",52,"Right leg","R.Leg MD5",20fdb9ab-c689-40df-8910-38a60b0e0b6b,1,4,4500,33.0,Items_en.m_TableData,high
13,"Body Part",52,"Right leg","R.Leg Nobunaga",cc5fa930-5e6a-44a3-b336-5886320cf6bb,1,4,6000,27.0,Items_en.m_TableData,high
13,"Body Part",52,"Right leg","R.Leg R21B",989fd5c1-f17f-4725-9b89-3a6af4d40edc,1,4,2500,22.0,Items_en.m_TableData,high
13,"Body Part",52,"Right leg","R.Leg R21G",e0833804-6dd1-466f-b3c9-c13b9a5c2c59,1,4,2800,22.0,Items_en.m_TableData,high
13,"Body Part",52,"Right leg","R.Leg R21S-BH",f73da755-0c16-4164-bf0d-64ffafd63a8a,1,4,3000,22.0,Items_en.m_TableData,high
13,"Body Part",52,"Right leg","RightLeg_01_Model_02_Monster_WIP",7aa32d71-b94d-460f-9289-8f58f52e6eda,1,4,,22.0,item_templates.alias,high
13,"Body Part",52,"Right leg","RightLeg_01_Monster_Janitor_01",f9c7fea9-a68d-467e-a0db-7add06e8b76a,1,1,,,item_templates.alias,high
13,"Body Part",52,"Right leg","RightLeg_01_Monster_Shared",4f1ca1b1-fd57-4381-95dd-3dc4040708c1,1,4,,22.0,item_templates.alias,high
13,"Body Part",52,"Right leg","RightLeg_01_Monster_Shared_CritIgnore",6752bdf7-7127-47ef-bfb3-052641e043a5,1,1,,,item_templates.alias,high
13,"Body Part",52,"Right leg","RightLeg_02_Model_01_Monster_WIP",5f1e3165-32dd-4e53-94c2-831aa8f34e22,1,4,,26.0,item_templates.alias,high
13,"Body Part",52,"Right leg","RightLeg_02_Model_02_Monster_WIP",a0360c4b-7876-4313-85a2-2b82a6fa62ae,1,4,,25.0,item_templates.alias,high
13,"Body Part",52,"Right leg","RightLeg_05_Model_01",98967cdf-162b-4dea-8991-e05aee5b21fb,1,4,2500,20.0,item_templates.alias,high
13,"Body Part",52,"Right leg","RightLeg_05_Model_02",5aca7907-6ed1-47fd-9344-09e8101487a4,1,4,2000,20.0,item_templates.alias,high
13,"Body Part",52,"Right leg","RightLeg_06_Model_01",66e505fe-0fdd-408e-8fe4-ed6da48bf7f2,1,4,2000,14.0,item_templates.alias,high
13,"Body Part",52,"Right leg","RightLeg_07_Model_01",1c1bfd14-167b-4e2e-b002-9715c1981b04,1,4,500,22.0,item_templates.alias,high
13,"Body Part",52,"Right leg","RightLeg_07_Model_02",eb97736d-bbc2-4d61-a31c-d4da392e1ea3,1,4,500,22.0,item_templates.alias,high
14,"Aid Kit",90,"Aid Kit","EMERKIT MedKit",2613c37e-2678-4627-a87d-37dc46274d8a,1,1,210,1.0,Items_en.m_TableData,high
14,"Aid Kit",90,"Aid Kit","Large MedKit",e6ec3bc6-a38e-4f1c-a04d-bf900bf082b3,2,2,1020,5.0,Items_en.m_TableData,high
14,"Aid Kit",90,"Aid Kit","Major MedKit",fd065383-2b84-41e8-80fd-041bf8d19ab6,2,2,1600,6.0,Items_en.m_TableData,high
14,"Aid Kit",90,"Aid Kit","Medium Anti-Jam Kit",cd9976eb-64bb-4b58-a9a1-e1073bc1ed24,2,1,530,3.0,Items_en.m_TableData,high
14,"Aid Kit",90,"Aid Kit","Medium Anti-Leakage Kit",178956e4-f121-4c36-91c4-7dec87dd59b0,2,1,320,3.0,Items_en.m_TableData,high
14,"Aid Kit",90,"Aid Kit","Medium MedKit",b26c003f-496e-41b3-bc6f-70beaa76ac0e,2,1,550,3.0,Items_en.m_TableData,high
14,"Aid Kit",90,"Aid Kit","Mini MedKit",6d249ffa-bd3b-43c2-89fa-4992be7af2a9,1,1,310,1.0,Items_en.m_TableData,high
14,"Aid Kit",90,"Aid Kit","Small Anti-Jam Kit",0490f111-c829-42fb-9f39-2535a850d909,1,1,180,1.0,Items_en.m_TableData,high
14,"Aid Kit",90,"Aid Kit","Small Anti-Leakage Kit",f2e9c005-e2cd-4c52-97cf-60adbba2ddab,1,1,200,1.0,Items_en.m_TableData,high
14,"Aid Kit",91,"Repair Kit","Armor repair kit",6bbcfad1-1d14-469c-a3e6-62b41ce7dc32,2,1,30000,2.0,Items_en.m_TableData,high
14,"Aid Kit",91,"Repair Kit","Armor repair kit",755fa97a-40c0-4e85-ade5-c58bc63db4dd,2,1,4500,2.0,Items_en.m_TableData,high
14,"Aid Kit",91,"Repair Kit","Bodypart repair kit",76ad31a4-2fe1-4ca4-a2b6-a5133e776ff1,2,1,4500,4.0,Items_en.m_TableData,high
14,"Aid Kit",91,"Repair Kit","Bodypart repair kit",ea2663a5-34ff-4cb7-926f-d37397fa890a,2,1,40000,4.0,Items_en.m_TableData,high
14,"Aid Kit",91,"Repair Kit","Fabrics repair kit",9d991ab8-3a58-4751-a758-d86279872dd1,2,1,4500,2.0,Items_en.m_TableData,high
14,"Aid Kit",91,"Repair Kit","Fabrics repair kit",d1a5064a-ed13-435a-bb7c-71c2dc1e1530,2,1,30000,2.0,Items_en.m_TableData,high
14,"Aid Kit",91,"Repair Kit","Power bank",a98c1804-2afc-492d-8f99-feb7ce821281,2,1,4500,2.0,Items_en.m_TableData,high
14,"Aid Kit",91,"Repair Kit","Special repair kit",288c7552-901a-4980-8d7b-9ace7a4eb2e3,2,1,4500,2.0,Items_en.m_TableData,high
14,"Aid Kit",91,"Repair Kit","Special repair kit",ac3f2fe0-0828-4e94-8344-b33e48c41d39,2,1,4500,2.0,Items_en.m_TableData,high
14,"Aid Kit",91,"Repair Kit","Weapon repair kit",0a92b724-46a9-45b9-9837-67f3b2aecf1d,2,1,4500,2.0,Items_en.m_TableData,high
14,"Aid Kit",91,"Repair Kit","Weapon repair kit",f3c5a718-9da1-4297-978e-6105dd3a365c,2,1,50000,2.0,Items_en.m_TableData,high
17,"",39,"Valuables","<color=#4DB8FF>Board game</color>",78f5363c-81dd-4f39-a79a-8abb5a402b4a,2,2,2500,1.0,Items_en.m_TableData,high
17,"",39,"Valuables","Arc Welders",0d8980ad-7696-4fb5-b5f2-9ee2ac4072b4,1,2,5000,0.2,Items_en.m_TableData,high
17,"",39,"Valuables","Audio cassette",2dda77ec-bbf5-4480-9927-8be93aece84c,1,1,1000,0.1,Items_en.m_TableData,high
17,"",39,"Valuables","Augustus Caesar bust",1b9e9b5a-1c8d-4382-a1da-32fcc7c8008a,2,3,150000,30.0,Items_en.m_TableData,high
17,"",39,"Valuables","Barn of Love'55",743ee930-924d-4a07-a78d-0f8772c827dc,2,2,5000,0.1,Items_en.m_TableData,high
17,"",39,"Valuables","Boiler",75a370aa-76a4-4254-9ff7-36a912a19c8d,3,3,16000,7.0,Items_en.m_TableData,high
17,"",39,"Valuables","Cargo Hunter 'Ancestor'",eaf847c1-bdb0-4d79-89d0-65597f6c4215,1,1,250000,0.1,Items_en.m_TableData,high
17,"",39,"Valuables","Clown Doll",abc47b7f-fa48-4f7f-9ac2-1696128444d8,2,2,3333,5.0,Items_en.m_TableData,high
17,"",39,"Valuables","Dalahast",9e8b3a0f-3bf3-451f-9b25-d54efe38c728,1,1,1500,0.2,Items_en.m_TableData,high
17,"",39,"Valuables","Engagement ring",80f8f347-ec5a-4337-9100-2a8fffc6b4f9,1,1,7000,0.01,Items_en.m_TableData,high
17,"",39,"Valuables","Failed Sprint: Unpublished",f6bd31cf-15b0-4e95-a99e-9074d3718d1c,2,2,2000,0.1,Items_en.m_TableData,high
17,"",39,"Valuables","Football Ball",27cee545-0b8a-4979-a3d4-b09639edc1a0,2,1,3000,0.5,Items_en.m_TableData,high
17,"",39,"Valuables","Gold Watch",4584636c-1573-475d-9736-ffbd7f833eee,1,1,9000,0.2,Items_en.m_TableData,high
17,"",39,"Valuables","Golden chain",37681f10-3767-4bb3-806a-4cae60a07a45,1,1,8000,0.1,Items_en.m_TableData,high
17,"",39,"Valuables","Hilarious B.E.A.R.",9348032c-9a10-4b0c-90c9-73779c28b64f,2,2,9000,0.1,Items_en.m_TableData,high
17,"",39,"Valuables","LOK",05f488b3-d650-47b0-b326-435e6915f1de,1,2,10000,0.2,Items_en.m_TableData,high
17,"",39,"Valuables","Magic ball",29aa3f95-4310-4c4e-9ae6-c6a57eef2e5e,1,1,850,1.5,Items_en.m_TableData,high
17,"",39,"Valuables","MetaBook",4de40746-eb83-4f5f-931b-64b5ea7fe9ed,2,2,9000,4.2,Items_en.m_TableData,high
17,"",39,"Valuables","Pocket watch",a195ae0d-8cd1-4651-af9e-a604f276a825,1,1,3000,0.3,Items_en.m_TableData,high
17,"",39,"Valuables","PoolBall_01_Black_08_S",f52d2e86-5a96-43e1-98e2-4813a5af2d1a,1,1,6000,0.3,item_templates.alias_fallback_for_localization_links,high
17,"",39,"Valuables","PoolBall_01_Blue_02_S",0716f395-5d19-4a74-b39d-05ac65075dc1,1,1,15,0.3,item_templates.alias_fallback_for_localization_links,high
17,"",39,"Valuables","PoolBall_01_BlueStripe_10_S",bdae643c-e907-4214-aa6a-28ef9c06f44e,1,1,15,0.3,item_templates.alias_fallback_for_localization_links,high
17,"",39,"Valuables","PoolBall_01_Darkred_07_S",955b1b3b-c893-47da-8eff-dd21cf7a4044,1,1,15,0.3,item_templates.alias_fallback_for_localization_links,high
17,"",39,"Valuables","PoolBall_01_DarkredStripe_15_S",03326a30-58cf-4b6f-9218-83d0b348a152,1,1,15,0.3,item_templates.alias_fallback_for_localization_links,high
17,"",39,"Valuables","PoolBall_01_Green_06_S",38016e29-d9d4-4cb6-82cd-81c6b9cc9fef,1,1,15,0.3,item_templates.alias_fallback_for_localization_links,high
17,"",39,"Valuables","PoolBall_01_GreenStripe_14_S",ed68e8a6-5954-43f2-875e-15b1cc39942e,1,1,15,0.3,item_templates.alias_fallback_for_localization_links,high
17,"",39,"Valuables","PoolBall_01_Orange_05_S",e9549115-6de9-4638-8b4e-81eafda807ef,1,1,15,0.3,item_templates.alias_fallback_for_localization_links,high
17,"",39,"Valuables","PoolBall_01_OrangeStripe_13_S",2ceae466-b063-497b-9c62-47dac5135703,1,1,15,0.3,item_templates.alias_fallback_for_localization_links,high
17,"",39,"Valuables","PoolBall_01_Purple_04_S",344b422b-6357-4a28-b250-c1a971cfe4a0,1,1,15,0.3,item_templates.alias_fallback_for_localization_links,high
17,"",39,"Valuables","PoolBall_01_PurpleStripe_12_S",41792edc-e1bd-4682-84b4-2ddf421f3c8f,1,1,15,0.3,item_templates.alias_fallback_for_localization_links,high
17,"",39,"Valuables","PoolBall_01_Red_03_S",b4b2a023-5618-4e47-8a4a-91853cf25d0c,1,1,15,0.3,item_templates.alias_fallback_for_localization_links,high
17,"",39,"Valuables","PoolBall_01_RedStripe_11_S",910e1c69-d380-422e-a655-8bf889090941,1,1,15,0.3,item_templates.alias_fallback_for_localization_links,high
17,"",39,"Valuables","PoolBall_01_Yellow_01_S",bec4c29d-c7a3-439c-9397-387c8075fc72,1,1,15,0.3,item_templates.alias_fallback_for_localization_links,high
17,"",39,"Valuables","PoolBall_01_YellowStripe_09_S",ffa2cce4-381c-49a8-b3f0-ff114dc4fddd,1,1,15,0.3,item_templates.alias_fallback_for_localization_links,high
17,"",39,"Valuables","POPO",d1cb3db1-1546-4f3c-bc94-ac2e0c3751aa,1,1,250,0.01,Items_en.m_TableData,high
17,"",39,"Valuables","Porcelain vase",1517e1b3-2cac-4c0f-b7dc-74d52536847a,2,3,9000,2.2,Items_en.m_TableData,high
17,"",39,"Valuables","Puzzle cube",5ed41c7b-f00e-4af2-b38e-7dfdd024f533,1,1,150,0.3,Items_en.m_TableData,high
17,"",39,"Valuables","Summer Shades",0ead113e-2b86-471a-9ff4-edacea1497a0,1,1,300,0.044,Items_en.m_TableData,high
17,"",39,"Valuables","TEDE BERE",14e19813-1289-4d6b-8284-0d894260bfed,2,2,9999,0.3,Items_en.m_TableData,high
17,"",39,"Valuables","The Joy of Being Sad",70c1e808-a6e7-4dd7-bad8-ad019e4088af,2,2,7000,0.1,Items_en.m_TableData,high
17,"",39,"Valuables","The Pool Ball",a6c96a41-78e4-46c0-a2f1-d12bf1b20fa6,1,1,3000,0.3,Items_en.m_TableData,high
17,"",39,"Valuables","Toy Rocket",d1c819aa-5ff7-466f-a2b2-1a9c8602912a,1,1,16000,1.0,Items_en.m_TableData,high
17,"",53,"Grinder disc","AD A+",b1c818fa-0ae5-415c-b407-a9c1a92feb14,1,1,300,1.0,Items_en.m_TableData,high
17,"",53,"Grinder disc","AD B+",d668d0fc-df69-4eda-b7c2-50c6ed818488,1,1,1000,2.0,Items_en.m_TableData,high
17,"",53,"Grinder disc","AD C+",43dfb4d7-5cf6-4cb0-908f-7111f9a33e32,1,1,3000,3.0,Items_en.m_TableData,high
17,"",55,"Reagents","Acid",81c4f709-043f-459f-a058-c1a63baf42b1,1,1,30,0.2,Items_en.m_TableData,high
17,"",55,"Reagents","Alcali salt",4546bb7f-1186-498a-ab0b-83c2a003a83c,1,1,91,0.2,Items_en.m_TableData,high
17,"",55,"Reagents","Catalyst",3ff34f15-f56d-4d06-ae40-e798c22f0c5a,1,1,275,1.2,Items_en.m_TableData,high
17,"",56,"Organics","Beverage",6ac65b2d-574a-40c3-b575-3b6c9caa8eb7,1,2,420,0.5,Items_en.m_TableData,high
17,"",56,"Organics","Big can of beans",7536f519-4b84-4860-be78-4fc07441b1bc,2,2,360,2.5,Items_en.m_TableData,high
17,"",56,"Organics","Big can of cucumbers",8341cbac-90f0-4575-8731-e82793be882b,2,2,1080,2.0,Items_en.m_TableData,high
17,"",56,"Organics","Can",9e06528d-448e-4349-bebc-295670252599,1,1,8,0.2,Items_en.m_TableData,high
17,"",56,"Organics","Food in tube",bd366c65-14b0-4bed-ad5a-9089cc586948,1,1,29,0.15,Items_en.m_TableData,high
17,"",57,"Papers","Encyclopedia",36be88b0-c1e8-48c7-8374-295ac4625abe,2,2,2350,3.2,Items_en.m_TableData,high
17,"",57,"Papers","Flyer H25",5c8e2b56-1944-4aa2-b736-ec40e39e5673,1,1,1,0.1,Items_en.m_TableData,high
17,"",57,"Papers","Operator's manual",67e09dc0-061d-4c3e-b020-15eaaeb3dd01,1,2,530,0.2,Items_en.m_TableData,high
17,"",57,"Papers","Repair manual",78c605da-cfe8-4076-b08b-d3a78339c20d,1,2,677,0.2,Items_en.m_TableData,high
17,"",57,"Papers","Wedding album",14192ba3-a591-49e5-ac7e-e28eec0b9319,1,2,50,0.234,Items_en.m_TableData,high
17,"",58,"Waste","Empty bottle small",3a9e574c-5d78-4d4f-8b48-fc88ed622936,1,2,14,0.3,Items_en.m_TableData,high
17,"",58,"Waste","Empty can small",6ddfe715-591f-4ec3-bd21-c8fd3547e38e,1,1,10,0.04,Items_en.m_TableData,high
17,"",58,"Waste","Empty Tin Can",2d4949ef-0c5b-4545-9283-4617db378268,1,1,9,0.08,Items_en.m_TableData,high
17,"",58,"Waste","Plastic cup medium",2ca25be8-14d3-4fda-9237-e1ecb64117c1,1,2,22,0.04,Items_en.m_TableData,high
17,"",58,"Waste","Plastic cup small",c2c9c9f3-2db1-49eb-b33d-ee7870860d09,1,1,6,0.02,Items_en.m_TableData,high
17,"",58,"Waste","Plastic plate",bc469349-9243-4daa-9926-68978a6018f4,1,1,5,0.1,Items_en.m_TableData,high
17,"",58,"Waste","Rags",cccfea3e-5a11-4886-94d6-2ec535581888,2,1,17,0.3,Items_en.m_TableData,high
17,"",58,"Waste","Recycled Junk",93b62ea2-406f-471b-abc6-34ab1672da83,2,2,120,2.0,Items_en.m_TableData,high
17,"",58,"Waste","Rusty brake disc",9a8edaeb-cbe5-44f5-a748-698b46eb3a48,2,2,40,3.0,Items_en.m_TableData,high
17,"",58,"Waste","Scrap",0ac59f1d-258f-45ea-abc8-1795cba04be9,2,1,20,3.0,Items_en.m_TableData,high
17,"",58,"Waste","Soda Can",8a42c5fa-898d-469d-a0ab-1700f0571813,1,1,8,0.01,Items_en.m_TableData,high
17,"",58,"Waste","Syringe empty",aa0bdd79-7dc3-4ed8-84f8-4d6ff623728b,1,1,90,0.01,Items_en.m_TableData,high
17,"",58,"Waste","Toilet paper",344e0db7-f1f6-4fd9-b1ec-699e3ac641ab,1,1,28,0.21,Items_en.m_TableData,high
17,"",59,"Fabrics","Aramid fabric",a3b740e1-c291-4e30-819f-58c3f6a95b12,2,1,31640,0.3,Items_en.m_TableData,high
17,"",59,"Fabrics","Aramid thread",35ed1890-26ca-482b-ae23-43e5baa928b9,1,1,9808,1.15,Items_en.m_TableData,high
17,"",59,"Fabrics","Ballistic neylon",40ded529-c778-4158-be96-6706088d5700,2,1,540,0.25,Items_en.m_TableData,high
17,"",59,"Fabrics","Cotton",04d5db24-23d2-4655-ab6e-0ef2be305cbc,2,1,20,0.25,Items_en.m_TableData,high
17,"",59,"Fabrics","Cotton thread",87e3f6ae-54d1-4a79-a827-2960256b94ff,1,1,9,0.5,Items_en.m_TableData,high
17,"",59,"Fabrics","Neylon thread",8f62c23d-9896-4512-8ada-d50c035ed4af,1,1,267,1.0,Items_en.m_TableData,high
17,"",59,"Fabrics","Polyester fabric",f6a8f595-2bb5-4fe1-bbc4-f2939772d9fa,2,1,178,0.25,Items_en.m_TableData,high
17,"",59,"Fabrics","Polyester thread",6e6c1a4d-7e42-4616-bc7b-7f8c8e1f4721,1,1,88,0.85,Items_en.m_TableData,high
17,"",59,"Fabrics","Tarpaulin",1b31a1b3-9b14-49a4-89b6-82df12cc81a9,2,1,61,0.25,Items_en.m_TableData,high
17,"",59,"Fabrics","Tarpaulin thread",f03af5f6-61cc-40c0-bf72-547f522d4d93,1,1,27,0.75,Items_en.m_TableData,high
17,"",61,"Textile","2Striper",b06d5c8a-2c7d-47d6-93ec-fd0937b7c579,2,1,182,1.2,Items_en.m_TableData,high
17,"",61,"Textile","Army tent",68511907-474f-4200-9ec3-d34bb154e3f6,3,2,24800,8.0,Items_en.m_TableData,high
17,"",61,"Textile","Car cover",c02065bf-5ce6-483a-ac92-5793f934c8bd,3,2,25000,5.3,Items_en.m_TableData,high
17,"",61,"Textile","Emergency blanket",fb187b50-1c3b-46ff-98b8-c1a3dca559a6,2,2,40,0.3,Items_en.m_TableData,high
17,"",61,"Textile","Face mask",54594c18-bc4b-485a-bc1f-d2f500694f31,1,1,6,0.02,Items_en.m_TableData,high
17,"",61,"Textile","Hammock",56860088-aee1-4ee5-b867-73b4c307c9f7,2,2,125,4.0,Items_en.m_TableData,high
17,"",61,"Textile","Sneaker",cf255a97-31ec-4d06-8e48-716c5f48665d,2,1,180,0.7,Items_en.m_TableData,high
17,"",61,"Textile","T-shirt 'Khozosch'",277076f8-fed4-4d3d-bce0-3478bd10b5fa,2,2,1000,0.3,Items_en.m_TableData,high
17,"",61,"Textile","T-shirt 'Metamoto Musashi'",7f8c19d7-a7d0-45e1-8002-d771e5520d74,2,2,365,0.2,Items_en.m_TableData,high
17,"",61,"Textile","T-Shirt 'Panzerkatze'",cd17d24b-2a42-4510-adc6-acce37be1180,2,2,999,0.3,Items_en.m_TableData,high
17,"",61,"Textile","Travel tent",68f4acce-9559-42e7-8ed4-9319a641da41,2,2,1210,4.0,Items_en.m_TableData,high
17,"",62,"Materials","Acrylic",d89d8235-967b-456b-8d81-1fca88458fe9,2,1,542,6.0,Items_en.m_TableData,high
17,"",62,"Materials","Aluminum",34f196ef-5fb2-4c86-80bb-fddf659bca8e,1,1,1,0.2,Items_en.m_TableData,high
17,"",62,"Materials","Aluminum bar",c55edf17-995b-4fdd-a990-1ba4d7a0e853,1,1,27,0.3,Items_en.m_TableData,high
17,"",62,"Materials","Aramid fibers",3de3c6e0-274a-4ae3-86c0-ed5e113967ce,2,1,160,0.5,Items_en.m_TableData,high
17,"",62,"Materials","Bakelite",51880963-cbe1-4424-a0b6-58fd7bb1d6cd,2,1,180,6.0,Items_en.m_TableData,high
17,"",62,"Materials","Cement",21de42bf-4145-49a2-952a-76c109f0cdf2,2,1,22,7.0,Items_en.m_TableData,high
17,"",62,"Materials","CORE10",2fbb45ec-ce09-416a-9d8d-5aa7ae7b527d,2,1,182,7.0,Items_en.m_TableData,high
17,"",62,"Materials","Cotton fibers",b0bf02cd-3e44-4e88-878a-bde1f00adcad,2,1,1,0.5,Items_en.m_TableData,high
17,"",62,"Materials","CR",fee0c84d-abf5-45fd-bf04-f8d7e1f17804,2,1,179,6.0,Items_en.m_TableData,high
17,"",62,"Materials","Durafault",156b94b5-3081-4b7a-9665-f2b122448961,2,1,180,7.0,Items_en.m_TableData,high
17,"",62,"Materials","Ebonite",04ee95c1-ed85-4ec3-9dff-9cfd9ddde4ad,2,1,540,6.0,Items_en.m_TableData,high
17,"",62,"Materials","ES1",030bc807-278d-4aed-85da-17d28b97ff65,2,1,542,7.0,Items_en.m_TableData,high
17,"",62,"Materials","Fibermesh",ac0b5eb0-315b-46f0-a715-36240c4e337e,2,1,538,7.0,Items_en.m_TableData,high
17,"",62,"Materials","Geopolymer",84034c1b-5ddc-448d-9acd-b81f316b095c,2,1,181,7.0,Items_en.m_TableData,high
17,"",62,"Materials","Gold",88bba90f-cf99-4234-a1cd-05fcbc8344a4,1,1,8,0.05,Items_en.m_TableData,high
17,"",62,"Materials","Gold filament 'D'",4c480ffa-a373-4186-a8a6-d44b99181a57,1,1,3800,2.0,Items_en.m_TableData,high
17,"",62,"Materials","Hadfield",ae9530f9-73bd-475d-9760-35f0a29ba6f7,2,1,183,7.0,Items_en.m_TableData,high
17,"",62,"Materials","Hard rubber",7757233e-7304-4aff-b5ab-15d1eb314bd2,2,1,20,6.0,Items_en.m_TableData,high
17,"",62,"Materials","HDPE",23df7a6b-022c-4e42-9c2d-ab4b11895e99,2,1,60,6.0,Items_en.m_TableData,high
17,"",62,"Materials","Huskalite",41db58fd-c4f5-43f6-a27b-d517e23da522,2,1,541,7.0,Items_en.m_TableData,high
17,"",62,"Materials","INOX",ee2ce0b2-fe2a-4a9c-85bc-d09482600a17,2,1,59,7.0,Items_en.m_TableData,high
17,"",62,"Materials","Iron",32bd8cd3-a47e-4021-8cfb-b2d0b8681503,1,1,1,0.2,Items_en.m_TableData,high
17,"",62,"Materials","Lead",ce825513-b87c-42c0-9762-2f6eb92d4e35,1,1,1,0.005,Items_en.m_TableData,high
17,"",62,"Materials","LVL",9bd49535-c2cd-40ac-80e9-a41bc045e532,2,1,179,7.0,Items_en.m_TableData,high
17,"",62,"Materials","Metal filament 'A'",ba5dbbb0-4e2b-49ac-986c-3ec4d27dcf7e,1,1,30,1.5,Items_en.m_TableData,high
17,"",62,"Materials","Metal filament 'B'",8e1b46f5-a8f1-4eb4-8a31-91a4c2ec8aca,1,1,90,2.0,Items_en.m_TableData,high
17,"",62,"Materials","Metal filament 'C'",4a8c9d8d-3ed9-475a-a9be-5c32ae856eac,1,1,270,3.0,Items_en.m_TableData,high
17,"",62,"Materials","Metal powder 'A'",130fb09a-5dc8-4b81-b139-991262ca2747,1,1,29,1.0,Items_en.m_TableData,high
17,"",62,"Materials","Metal powder 'B'",a886e54f-be1d-49ab-9e16-3d196f9c23e2,1,1,92,1.5,Items_en.m_TableData,high
17,"",62,"Materials","Metal powder 'C'",58f0710b-1f64-4a79-ae47-d09a65438297,1,1,280,2.0,Items_en.m_TableData,high
17,"",62,"Materials","NBR",13fb358e-bbac-4da7-ace1-8b9c8d773436,2,1,60,6.0,Items_en.m_TableData,high
17,"",62,"Materials","Neylon fibers",dfaa1590-8e90-4ba9-a9b7-c7f9b37e7cc1,2,1,54,0.5,Items_en.m_TableData,high
17,"",62,"Materials","Palladium",e1aeea69-d7c8-42c8-bb00-cbcb50ac2512,1,1,9,0.1,Items_en.m_TableData,high
17,"",62,"Materials","Plastic filament '1'",da8f3bfc-467d-41e4-bc2a-586cd023984e,1,1,30,1.0,Items_en.m_TableData,high
17,"",62,"Materials","Plastic filament '2'",d8a7475b-5d73-441c-ae51-9d0bcc197b25,1,1,89,1.0,Items_en.m_TableData,high
17,"",62,"Materials","Plastic filament '3'",228ccb71-7fc9-4b1f-a613-de4d14a3178d,1,1,270,1.5,Items_en.m_TableData,high
17,"",62,"Materials","Plastic filament '4'",e6ab825d-2350-4302-b5bd-414a55180450,1,1,4795,2.0,Items_en.m_TableData,high
17,"",62,"Materials","Plastic filament '5'",8009ba18-31a3-4b0b-a669-5fcb4de16279,1,1,12300,2.0,Items_en.m_TableData,high
17,"",62,"Materials","Plastic powder '1'",e29a82ef-6de7-4952-ba0c-8f3a632662dc,1,1,30,0.5,Items_en.m_TableData,high
17,"",62,"Materials","Plastic powder '2'",a4771787-8c38-46e3-a696-05729708752b,1,1,89,0.5,Items_en.m_TableData,high
17,"",62,"Materials","Plastic powder '3'",d43c37bc-53c9-441f-943c-c071553eebda,1,1,260,0.75,Items_en.m_TableData,high
17,"",62,"Materials","Plastic powder '4'",33e73c67-2832-4fed-bb4c-5e20bf3f656d,1,1,2820,1.0,Items_en.m_TableData,high
17,"",62,"Materials","Plywood",9b9a30fd-e400-4765-9b92-9f86d19cb359,2,1,60,7.0,Items_en.m_TableData,high
17,"",62,"Materials","Polyester fibers",0dee46bf-a723-4e53-801c-f50ee14d4ef0,2,1,17,0.5,Items_en.m_TableData,high
17,"",62,"Materials","Portland",70a3ab01-9133-4e78-a767-42c7a3c4a65c,2,1,60,7.0,Items_en.m_TableData,high
17,"",62,"Materials","PP",3a923f41-ec98-4088-80d8-a6bb45347e26,1,1,1,0.2,Items_en.m_TableData,high
17,"",62,"Materials","Presswood",615c92a4-183f-4c45-bae5-5d53a3dc3334,2,1,18,7.0,Items_en.m_TableData,high
17,"",62,"Materials","PVC",13daf181-18bf-4c1d-8cf0-0d775e3257c4,1,1,1,0.2,Items_en.m_TableData,high
17,"",62,"Materials","PVC",45a7c4fe-ac97-4b8e-8a08-5ebb0c2e6d42,2,1,20,6.0,Items_en.m_TableData,high
17,"",62,"Materials","Silicone",31b94be9-bf8d-431f-b287-d0b046c74c57,2,1,180,6.0,Items_en.m_TableData,high
17,"",62,"Materials","Slag",bb20942a-0500-4939-ac4e-bb809700c304,1,1,1,0.2,Items_en.m_TableData,high
17,"",62,"Materials","Sorel",8d5c2bd3-644d-42ac-82b9-a8ffe1ab10ae,2,1,182,7.0,Items_en.m_TableData,high
17,"",62,"Materials","Steel",1109da06-d007-4b1c-b72c-57d67bf05e26,2,1,20,7.0,Items_en.m_TableData,high
17,"",62,"Materials","Steel",7740d993-3ac8-43df-bd92-a07185904192,1,1,1,0.2,Items_en.m_TableData,high
17,"",62,"Materials","Tarpaulin strips",fbb68f10-d659-4720-b620-b416b340514a,2,1,5,0.5,Items_en.m_TableData,high
17,"",62,"Materials","Thermoplast",556ab63c-ec9f-4b35-9454-c5f6ba0a9473,2,1,182,6.0,Items_en.m_TableData,high
17,"",63,"Ware","Aluminum foil",112d0e63-7d49-4f83-89b8-c2c8cf9fb99a,2,1,20,1.0,Items_en.m_TableData,high
17,"",63,"Ware","Aluminum Pot",8d5dec15-bc57-439f-be48-07a9bdef9dd8,2,2,41,2.5,Items_en.m_TableData,high
17,"",63,"Ware","Erlenmeyer flask",cd916d85-50a2-43ee-b085-7f4eca535fa3,1,2,180,0.2,Items_en.m_TableData,high
17,"",63,"Ware","Frying pan",961f4116-1063-433c-b8cc-6db6f2f58025,2,2,110,2.25,Items_en.m_TableData,high
17,"",63,"Ware","HP-hose",d0f41c0c-2db4-48f8-934c-2edcd4423c22,2,1,23,2.4,Items_en.m_TableData,high
17,"",63,"Ware","Kettle",87ce1dde-4001-4114-8db6-7fefdaa8240f,2,2,40,1.5,Items_en.m_TableData,high
17,"",63,"Ware","Lab tubing",a53035fb-7f02-4a7d-bfc3-95ed0065e825,2,1,2550,1.7,Items_en.m_TableData,high
17,"",63,"Ware","Plastic bottle",a1ff1977-559c-4fc7-8818-220b39f24919,1,2,12,0.038,Items_en.m_TableData,high
17,"",63,"Ware","Plastic lunchbox",96103985-3274-40a9-a695-ef33dfcccc9a,2,1,18,0.5,Items_en.m_TableData,high
17,"",63,"Ware","Sport bottle 1 liter",36bda7a3-874d-42ca-a69e-7a36cc9e01cc,1,2,180,0.2,Items_en.m_TableData,high
17,"",63,"Ware","Trash bags",5c8cc8af-831b-4ace-8cde-faea85b7ef6d,1,1,9,0.73,Items_en.m_TableData,high
17,"",64,"Chemicals","""Sticky Stick"" Foam",aea62400-befc-464c-afe9-ad17b4912fff,1,2,18,0.75,Items_en.m_TableData,high
17,"",64,"Chemicals","Alkaline detergent",11212814-8ed5-4d79-b0b5-c12a16d1640f,2,3,25000,4.0,Items_en.m_TableData,high
17,"",64,"Chemicals","ANFO",b8e4d960-58e6-41be-a89a-a04bfc2ce88a,1,1,32,1.0,Items_en.m_TableData,high
17,"",64,"Chemicals","Corrosion inhibitor",79abc434-0aca-4f1c-a786-47d8950665f8,1,2,200,4.0,Items_en.m_TableData,high
17,"",64,"Chemicals","Epoxy glue",2b18fc91-3724-4733-8f3e-34aab87d33e1,1,1,250,0.3,Items_en.m_TableData,high
17,"",64,"Chemicals","Fertilizer",2fb4db35-c36d-40a8-9ea9-601329acd001,1,2,102,2.0,Items_en.m_TableData,high
17,"",64,"Chemicals","Gunpowder",24c88a20-d6da-41fb-9dba-91c69b078718,1,1,1,0.001,Items_en.m_TableData,high
17,"",64,"Chemicals","Gunpowder 'A'",2de91478-fafc-4382-9899-d6e6ac13b924,1,2,22,1.0,Items_en.m_TableData,high
17,"",64,"Chemicals","Gunpowder 'M'",7f80a8db-fd6b-487e-9e49-59b2279e6d53,1,2,65,1.0,Items_en.m_TableData,high
17,"",64,"Chemicals","Gunpowder 'S'",1d9ed76a-63d1-4eac-acc7-6207300fd767,1,2,181,1.0,Items_en.m_TableData,high
17,"",64,"Chemicals","Gunpowder 'X'",2bb3809f-5227-4a2a-a905-0aaec7d7fad0,1,2,600,1.0,Items_en.m_TableData,high
17,"",64,"Chemicals","Hydraulic fluid",673aa80f-1f7d-4123-a139-a2369397b78e,2,2,50,4.0,Items_en.m_TableData,high
17,"",64,"Chemicals","Liquid soap",5f949b11-669e-43cd-8ffd-a7471a551450,1,2,59,1.0,Items_en.m_TableData,high
17,"",64,"Chemicals","M-Hardener",62a75f55-b71e-43e0-925e-49f8eef974b5,1,1,15,1.0,Items_en.m_TableData,high
17,"",64,"Chemicals","M-hardener+",36ed0949-fa71-41ec-9c3b-7aaeafe73989,1,1,102,1.0,Items_en.m_TableData,high
17,"",64,"Chemicals","P-Hardener",b86c3008-c36b-43d3-99e5-97811ce05aef,1,1,12,0.5,Items_en.m_TableData,high
17,"",64,"Chemicals","P-hardener +",63b34ef0-6cb4-4f85-9e9d-28e2873841e3,1,1,98,0.5,Items_en.m_TableData,high
17,"",64,"Chemicals","Paint can",0721861b-3767-42a3-9670-69a8e524c0a9,2,2,40,6.5,Items_en.m_TableData,high
17,"",64,"Chemicals","Pills",fa3ba6fe-e52e-4b95-b92a-08ec8782730b,1,1,31,0.1,Items_en.m_TableData,high
17,"",64,"Chemicals","Relaxant",32cf2a9b-6877-4327-92ec-ae81aa1d9796,1,1,10,0.25,Items_en.m_TableData,high
17,"",64,"Chemicals","Saltpeter",4faccef6-4ba0-4b69-b564-b421d96f47c2,1,1,10,1.0,Items_en.m_TableData,high
17,"",64,"Chemicals","Sealant",b3b6f9c3-6b34-41dc-b5c6-1e43ffcbe7c2,1,1,9,0.25,Items_en.m_TableData,high
17,"",64,"Chemicals","Soap",6710a4df-9d4e-42e7-ba50-e6e9a84a13e3,1,1,8,0.2,Items_en.m_TableData,high
17,"",64,"Chemicals","Solvent",ce9cde6c-a6dd-4f96-a581-fe066329ab17,1,1,10,0.3,Items_en.m_TableData,high
17,"",64,"Chemicals","Thermal paste",cb45cd15-c481-41a3-87fb-1be2ef1b847e,1,1,123,0.4,Items_en.m_TableData,high
17,"",64,"Chemicals","Thermite",635e33a8-c121-4301-8134-61fe0ca6ac11,1,1,29,1.5,Items_en.m_TableData,high
17,"",64,"Chemicals","Thermite 'S'",0fd15b1c-d3a8-4d5a-85aa-489f991fce2b,1,1,270,2.0,Items_en.m_TableData,high
17,"",64,"Chemicals","Thermite 'X'",8fd8e463-3504-4c04-90de-e9a3bb6d76f9,1,1,91,2.0,Items_en.m_TableData,high
17,"",64,"Chemicals","TNT",c7c19d88-8934-4ce8-b8b0-ef784de8fd3c,1,1,95,2.0,Items_en.m_TableData,high
17,"",64,"Chemicals","Torpex",9ba03c2a-9533-4172-b110-eb57681aad47,1,1,16800,3.0,Items_en.m_TableData,high
17,"",65,"Devices","Antique Telephone",eebca844-5345-4c4e-9d88-46276ea9f695,1,2,18120,4.0,Items_en.m_TableData,high
17,"",65,"Devices","Audioplayer",8bd5d00b-458a-4652-8f02-dd60e7937a86,3,3,24680,8.0,Items_en.m_TableData,high
17,"",65,"Devices","Bionic arm",2e13f2b5-6d81-4aa7-8d9a-7ef31667dd63,1,2,555000,1.5,Items_en.m_TableData,high
17,"",65,"Devices","Bullet speed meter",6e345b20-3d02-4ce2-a286-5b54191ebb0d,2,2,97000,12.0,Items_en.m_TableData,high
17,"",65,"Devices","Chromatograph",325d2bd4-08df-439c-986c-94411983ef91,3,3,8500,36.0,Items_en.m_TableData,high
17,"",65,"Devices","Coffee machine",4f4d9fa0-cdc4-44cb-b673-cbb66d9a6ef8,3,3,12420,7.5,Items_en.m_TableData,high
17,"",65,"Devices","Dead powerbank",c5bbf445-8dea-4e0f-b9e6-8add7975e2c9,1,1,11,0.35,Items_en.m_TableData,high
17,"",65,"Devices","Desk lamp",6850c148-83ff-4f76-82fa-30599cbb99f7,2,2,800,1.55,Items_en.m_TableData,high
17,"",65,"Devices","Digital Camera",ab9c9c22-551e-46f0-87e8-7e20771faf1e,2,1,2860,2.0,Items_en.m_TableData,high
17,"",65,"Devices","Electric Massager",7daddb76-7035-4d44-88f1-b14681ce0fca,1,1,333333,1.1,Items_en.m_TableData,high
17,"",65,"Devices","Endoscope",50c17979-ff5e-4ddb-aacc-15f4ed053da7,1,1,8320,0.45,Items_en.m_TableData,high
17,"",65,"Devices","Fan",b3a651fb-f809-42d1-b2e2-3c7b971d9e9e,2,2,118,2.2,Items_en.m_TableData,high
17,"",65,"Devices","FPV Drone",1e2cb018-0448-4407-80fb-04adf01a43b1,3,3,3000,8.0,Items_en.m_TableData,high
17,"",65,"Devices","FPV goggles",05719140-60db-494c-b32c-d0c62955312f,2,2,3600,2.0,Items_en.m_TableData,high
17,"",65,"Devices","Fusion Monocular",18bbbc14-e82d-4825-bdf6-bbfffe0e4351,1,1,82000,3.0,Items_en.m_TableData,high
17,"",65,"Devices","GamePad",4b2e6392-9a60-4805-a8c4-696733be7bf2,1,1,15,0.4,Items_en.m_TableData,high
17,"",65,"Devices","Hopea 9310",3b481f5d-be22-439e-8a7c-6cf15f7714db,1,1,3310,0.16,Items_en.m_TableData,high
17,"",65,"Devices","IR Monocular",5bc96d11-866e-4ff5-90b4-4f627501ddc4,1,1,81500,3.0,Items_en.m_TableData,high
17,"",65,"Devices","Lab scales",23631a25-38e9-4bda-a49f-5de37f214a1f,2,1,160,3.0,Items_en.m_TableData,high
17,"",65,"Devices","Laser Gyroscope",f4e7b579-e86a-435c-a6f8-8151ac6a215b,2,2,32000,6.0,Items_en.m_TableData,high
17,"",65,"Devices","MetaPad",3716b258-c61c-47d7-8991-2620fff0f07b,1,2,1820,0.469,Items_en.m_TableData,high
17,"",65,"Devices","MetaPhone",594232ba-770b-4026-a2b9-bf9cc331e5b2,1,1,890,0.164,Items_en.m_TableData,high
17,"",65,"Devices","MetaPods",dc90c883-6168-4862-9b99-269e5f5e6688,2,2,2500,0.35,Items_en.m_TableData,high
17,"",65,"Devices","Microscope",a941f3a0-0f82-400c-9bea-0f631ae7cc2c,2,2,620,7.2,Items_en.m_TableData,high
17,"",65,"Devices","Military laptop",a4ff9cd7-cf76-42b6-b042-66cbef1bb119,3,2,48000,7.0,Items_en.m_TableData,high
17,"",65,"Devices","No data",71703e33-33f2-4f55-906b-8e23c88c9042,1,1,1,0.1,Items_en.m_TableData,high
17,"",65,"Devices","No data",74ae4c12-d643-4609-a189-db7d4a230d82,1,1,1,0.1,Items_en.m_TableData,high
17,"",65,"Devices","No data",f01e75ec-a889-47ee-b3d0-1fa3afededb0,1,1,10000,0.1,Items_en.m_TableData,high
17,"",65,"Devices","Pipetto Ditch",c6d140e7-f0e1-43b3-9302-d903d2ed2b92,2,1,2700,0.577,Items_en.m_TableData,high
17,"",65,"Devices","Primitive Transmitter",45664a8c-3bee-4b1f-b13d-591dc5d6e0dd,2,1,1720,2.4,Items_en.m_TableData,high
17,"",65,"Devices","QR code scanner",b9c96112-6b2b-4b53-a78e-58722e378dd6,1,2,200,1.4,Items_en.m_TableData,high
17,"",65,"Devices","Rotola",3bab5426-7d25-4fcb-9adb-982e46cec2ce,1,2,156,1.5,Items_en.m_TableData,high
17,"",65,"Devices","Sashiko sewing machine",658c3e97-c4cb-431d-b9fe-476441a23992,2,2,3600,14.0,Items_en.m_TableData,high
17,"",65,"Devices","SCP-667 model",92b051c9-5ced-4566-8552-c040751ab26c,1,3,192900,2.4,Items_en.m_TableData,high
17,"",65,"Devices","Sport watch",1c6a716e-fd65-45f0-8578-3851d4755243,1,1,25,0.3,Items_en.m_TableData,high
17,"",65,"Devices","TALKMAN cassette player",56df2c12-1a7b-4225-aac2-b2425a6bc0ba,1,2,5200,0.35,Items_en.m_TableData,high
17,"",65,"Devices","USB Flash Drive",27b03882-8597-4455-8de8-865ec3fc2993,1,1,28,0.005,Items_en.m_TableData,high
17,"",65,"Devices","Video game console",867cec9a-7105-4ac0-90c6-3a40e329e8db,2,2,10808,2.0,Items_en.m_TableData,high
17,"",65,"Devices","Vintage Camera",23d2c71d-1e99-4b48-a59a-ed332d3ff4e6,1,1,28000,1.5,Items_en.m_TableData,high
17,"",65,"Devices","Vintage HiFi",4e8ff91c-1cff-4769-9def-152b022b2516,3,3,47295,12.0,Items_en.m_TableData,high
17,"",65,"Devices","Vintage Microphone",6b300c5f-622d-4f08-bfb1-840f67028ffe,1,2,1980,2.0,Items_en.m_TableData,high
17,"",65,"Devices","Vintage Telephone",19f57aab-204c-47a5-ac56-560262d11f72,2,1,1984,3.0,Items_en.m_TableData,high
17,"",65,"Devices","Zigler sewing machine",5e791bcd-3fda-499f-8a8c-ef00e8b5fbb9,3,2,1200,12.0,Items_en.m_TableData,high
17,"",66,"A&D components","!CHANGE!",0302daec-2867-4c53-9515-a2bfec7c2d9f,1,1,250,2.0,Items_en.m_TableData,high
17,"",66,"A&D components","!CHANGE!",150d8019-c953-40e7-a767-ac7f0a2ad182,1,1,100,2.0,Items_en.m_TableData,high
17,"",66,"A&D components","!CHANGE!",3f403c4f-4205-4d0b-a9d2-aa6a0e7ddb26,1,1,15000,2.0,Items_en.m_TableData,high
17,"",66,"A&D components","!CHANGE!",81201066-4d42-4d21-8d78-87d0633a0db8,1,1,800,2.0,Items_en.m_TableData,high
17,"",66,"A&D components","!CHANGE!",a6f9ab0a-0453-4678-9fd1-1e78c6959a2f,1,1,65000,2.0,Items_en.m_TableData,high
17,"",66,"A&D components","!CHANGE!",c9fc5377-b3f9-4d01-b601-5b3b8a70fda2,1,1,5000,2.0,Items_en.m_TableData,high
17,"",66,"A&D components","!CHANGE!",d83ae0f3-f5ab-4889-906f-91ea18e6de10,1,1,31000,2.0,Items_en.m_TableData,high
17,"",66,"A&D components","099990-PSI",ca41fd98-0904-4e35-b6af-b83032b0bf29,2,1,60000,0.9,Items_en.m_TableData,high
17,"",66,"A&D components","AA batteries",7b7468fa-1252-4dc3-aba1-6b8a7ed30128,1,1,32,0.2,Items_en.m_TableData,high
17,"",66,"A&D components","Battery C",55b3b782-d019-4e6a-868b-ca8eae303f0a,1,1,10,0.05,Items_en.m_TableData,high
17,"",66,"A&D components","Broken servomotor",8b73a812-ae14-4802-a72e-b97053fc351d,1,1,300,1.0,Items_en.m_TableData,high
17,"",66,"A&D components","Car battery",1992f67b-e729-48b0-bb43-23704442bd7e,2,2,850,13.0,Items_en.m_TableData,high
17,"",66,"A&D components","CO-meter",4e237596-3fc5-4cda-abc4-5d912f089362,1,1,303,0.1,Items_en.m_TableData,high
17,"",66,"A&D components","CPU",c7220f04-34b1-4477-bce4-8dd16dc09237,1,1,400,0.004,Items_en.m_TableData,high
17,"",66,"A&D components","CPU cooler",c2100003-aed3-4a91-8dd5-8c4f55c6a427,1,1,3000,0.2,Items_en.m_TableData,high
17,"",66,"A&D components","Electrical wire",036000c4-8773-45a7-b72e-c7e95e0ca875,2,1,160,2.2,Items_en.m_TableData,high
17,"",66,"A&D components","Fuel injector",9afb0f0d-42c1-49ba-9be7-7663c77904b8,1,1,400,0.2,Items_en.m_TableData,high
17,"",66,"A&D components","GT injector",413a4f7c-a72a-4d94-960b-f2955a4931bd,1,1,10000,0.2,Items_en.m_TableData,high
17,"",66,"A&D components","HDD",a9897cc7-f4a2-4891-ae7e-d63b731a10e2,1,1,35,0.5,Items_en.m_TableData,high
17,"",66,"A&D components","Laptop Battery",06811963-be6a-462a-9917-fb6457bdfddb,2,1,800,1.1,Items_en.m_TableData,high
17,"",66,"A&D components","LED lamp",63d51c44-eb2b-4746-aed4-aa6fe281d2bc,1,1,11,0.4,Items_en.m_TableData,high
17,"",66,"A&D components","Microcircuits",f144da8e-ef8d-489c-a714-8987f5f6adcf,1,1,10,0.05,Items_en.m_TableData,high
17,"",66,"A&D components","Microcontroller",c7f9e401-8d10-43cb-a8b9-b5cafb711236,1,1,20000,0.05,Items_en.m_TableData,high
17,"",66,"A&D components","Oil filter",38ed278d-9804-4249-b923-74c31adea550,1,1,32,0.3,Items_en.m_TableData,high
17,"",66,"A&D components","Oscilloscope",bf8e6864-b25e-4cd1-a3cc-5e1c57fea5a9,3,2,27000,7.8,Items_en.m_TableData,high
17,"",66,"A&D components","PCB",322764d1-5b80-4bc6-b872-e3fdf344dd2e,2,2,13500,1.2,Items_en.m_TableData,high
17,"",66,"A&D components","Photovoltaic panel",3574fee4-e696-4790-8118-8b18508429b8,4,4,149800,10.0,Items_en.m_TableData,high
17,"",66,"A&D components","Photovoltaic panel",c7af9d80-43ce-4fce-8d70-7570703706a6,6,6,321000,20.0,Items_en.m_TableData,high
17,"",66,"A&D components","Photovoltaic panel",e75b4867-aeff-4f24-81a7-a84d9149b972,3,2,94700,5.0,Items_en.m_TableData,high
17,"",66,"A&D components","Power supply",8bf8f745-ec2c-427b-bc02-67d57e770b6d,2,2,120,4.0,Items_en.m_TableData,high
17,"",66,"A&D components","Radar",4c63ed65-8862-4494-b27a-bbc4102f016f,4,4,80000,52.0,Items_en.m_TableData,high
17,"",66,"A&D components","Reinforced cable",be1991bc-ef48-4d03-b71e-365c45321df1,1,1,850,0.75,Items_en.m_TableData,high
17,"",66,"A&D components","Relay",22be97dd-eeb8-443d-8e03-be20c208b626,1,1,29,0.1,Items_en.m_TableData,high
17,"",66,"A&D components","Spark plug",57e6b19d-c8c4-487c-9683-7ea539939a67,1,1,100,0.05,Items_en.m_TableData,high
17,"",66,"A&D components","SSD",2dbbe764-b024-444a-a652-fe003b82b99a,1,1,1900,0.1,Items_en.m_TableData,high
17,"",66,"A&D components","Titanium wire",9fb41f1c-3d20-49a9-b1fa-eece14f824f8,2,1,3000,7.0,Items_en.m_TableData,high
17,"",66,"A&D components","Tool battery",f2cbd944-3439-451d-a849-07ede42af967,1,1,35,0.6,Items_en.m_TableData,high
17,"",66,"A&D components","Vacuum tube",35491505-7cf2-4da1-bfe2-14a10ff8c9b6,1,1,1310,0.02,Items_en.m_TableData,high
17,"",66,"A&D components","Wires",8e95293c-26e9-4d85-9d89-f698c598aaa4,1,1,9,0.1,Items_en.m_TableData,high
17,"",67,"Tools","Air hammer",a16da3a0-a42c-44f2-924c-1be58a7a9f1c,2,2,32400,5.0,Items_en.m_TableData,high
17,"",67,"Tools","B-pliers",2377cfe5-0fd7-4c09-bf35-1b58a6b0092e,2,1,1800,1.0,Items_en.m_TableData,high
17,"",67,"Tools","Car jump starter",9d1e3471-7fee-4bbc-9c60-a02dee9d1f5a,1,1,35,0.5,Items_en.m_TableData,high
17,"",67,"Tools","DIC",8bb4fb2e-58cd-41bc-93ab-9ffa6da2b061,1,1,9,0.1,Items_en.m_TableData,high
17,"",67,"Tools","Electric motor",e203d8ca-c286-425f-8e98-74d0b5cf86b2,3,3,13500,40.0,Items_en.m_TableData,high
17,"",67,"Tools","Electric screwdriver",effa3edc-cafc-4b24-93ee-fb99c1da1400,1,1,30,0.5,Items_en.m_TableData,high
17,"",67,"Tools","Electric Shears",0962656d-3d31-451c-8235-ea5463de3557,2,1,162,1.5,Items_en.m_TableData,high
17,"",67,"Tools","Fishing rod",6b8d7661-ce64-47eb-8788-68c42539703e,2,1,1800,1.0,Items_en.m_TableData,high
17,"",67,"Tools","Gas cutter",24461256-a884-4a16-9052-6201f6a6b419,3,1,45000,7.0,Items_en.m_TableData,high
17,"",67,"Tools","Gun cleaning kit",1971ee43-8f52-4fc0-9dad-69c720d83fd6,2,1,1,2.0,Items_en.m_TableData,high
17,"",67,"Tools","Hacksaw",3da54c7c-9021-4be7-a214-4856c4fac458,2,1,59,1.0,Items_en.m_TableData,high
17,"",67,"Tools","Hammer drill",067803bb-029b-4107-b5a4-4e813625c9e9,2,2,240,3.4,Items_en.m_TableData,high
17,"",67,"Tools","Heat gun",7b4f8f6d-d3f9-45f2-a6e2-4d23d8b0c096,2,2,97000,2.5,Items_en.m_TableData,high
17,"",67,"Tools","Honing tool",59bb6feb-8f70-42fc-85b2-16a2341fdda6,2,1,16300,3.5,Items_en.m_TableData,high
17,"",67,"Tools","Laser level",c19432b1-5f3d-49b0-9d5a-e7621eed4816,1,1,18000,0.4,Items_en.m_TableData,high
17,"",67,"Tools","Metal working set",4a615a34-0280-4297-ae6c-8876cf4f8e8f,2,2,450,4.0,Items_en.m_TableData,high
17,"",67,"Tools","Multimeter",9490b7a6-b39e-4070-b630-b2f676030904,1,1,1000,0.5,Items_en.m_TableData,high
17,"",67,"Tools","Polisher",6ea9decb-801a-4aeb-8b82-65dc081dac1b,2,1,9550,2.2,Items_en.m_TableData,high
17,"",67,"Tools","Rusty hammer",36b66ae1-ee8c-41fa-8c35-5e0075d7f437,2,1,25,1.2,Items_en.m_TableData,high
17,"",67,"Tools","Saw",ee95b91b-4bc7-4a2b-a175-30fd550a31d1,2,1,30,0.6,Items_en.m_TableData,high
17,"",67,"Tools","Scissors",5b8562c8-1261-435a-8889-9144b4e736e7,1,1,30,0.2,Items_en.m_TableData,high
17,"",67,"Tools","Scissors for metal cutting",3dbff59d-49a2-43be-9ffb-fa1d1e68eb62,2,1,1700,2.95,Items_en.m_TableData,high
17,"",67,"Tools","Screwdriver",d8a25d58-6fad-4549-bf81-f106eb675ee8,1,1,12,0.2,Items_en.m_TableData,high
17,"",67,"Tools","Set of wrenches",27453ef3-26c8-4de6-80c0-2b5e60093827,2,2,2000,3.5,Items_en.m_TableData,high
17,"",67,"Tools","Sewing kit",26dc9c41-0908-4063-8be2-16b61ff0b9e5,1,1,10,0.5,Items_en.m_TableData,high
17,"",67,"Tools","Sewing scissors",b4458dde-dcbb-4988-975e-f93fbd2c7396,1,1,500,0.25,Items_en.m_TableData,high
17,"",67,"Tools","Shovel",52329c11-5d35-426b-9378-180c86adad3b,1,2,64,3.0,Items_en.m_TableData,high
17,"",67,"Tools","Soldering iron",c48fee09-83f8-4970-94c4-bb011e72c03b,1,1,450,1.2,Items_en.m_TableData,high
17,"",67,"Tools","Spirit level",9c5864fb-7aff-4c42-bd1c-1a6a76b89ec5,3,1,7888,2.2,Items_en.m_TableData,high
17,"",67,"Tools","Titanium multitool",1edc9f4c-448a-4338-a2ac-7ab44875c783,1,1,8000,0.5,Items_en.m_TableData,high
17,"",67,"Tools","Tow rope",f1d78ffc-647d-4450-8742-90c5f6615525,2,1,1800,4.0,Items_en.m_TableData,high
17,"",67,"Tools","Umbrella",6c604713-0518-41ab-852d-c7dd5c7dbe44,2,1,60,2.0,Items_en.m_TableData,high
17,"",67,"Tools","Utility knife",c2505272-c1d2-44ec-b491-3e173c5213d5,1,1,30,0.2,Items_en.m_TableData,high
17,"",67,"Tools","Vise",357fcd11-546d-4082-954d-4bc0873aa83e,3,3,12500,15.0,Items_en.m_TableData,high
17,"",67,"Tools","Welding Machine",965d033c-61c7-4d1c-93ee-da59f2b211a2,4,2,400000,10.0,Items_en.m_TableData,high
17,"",67,"Tools","Wire cutters",5f7fcf28-b7d8-4f95-9cea-98fc793b657b,1,1,10,0.4,Items_en.m_TableData,high
17,"",67,"Tools","Wrench",454aeb37-6e98-4d95-a2a5-8b654cf3e14b,1,1,9,0.75,Items_en.m_TableData,high
17,"",68,"Surplus","107-44-8",b3346d69-ea6a-4640-8ade-f923f07b7817,2,2,3200,0.9,Items_en.m_TableData,high
17,"",68,"Surplus","Bolt",109f6d79-cf40-465a-8a03-e93010acc298,1,1,8,0.01,Items_en.m_TableData,high
17,"",68,"Surplus","Broken hydraulics",37f9075c-03c6-44f0-84d6-cd996a3b53f8,1,1,320,0.5,Items_en.m_TableData,high
17,"",68,"Surplus","Broken structure",2d5c9660-caa9-4160-953d-04c32668c307,1,1,320,0.5,Items_en.m_TableData,high
17,"",68,"Surplus","Car parts",673f3876-b10e-44d8-ab65-b17540cdd9af,2,1,180,2.0,Items_en.m_TableData,high
17,"",68,"Surplus","Ceramic armor plate",58f7c44f-cdd8-443d-b121-04eb67867b97,2,2,360,2.5,Items_en.m_TableData,high
17,"",68,"Surplus","Composite armor plate",4603d633-07a0-4c1d-87b9-62e7167cc150,2,2,358,1.5,Items_en.m_TableData,high
17,"",68,"Surplus","Disposable gloves",048e46f5-652f-42aa-8394-89ea7d930ad7,1,1,28,0.058,Items_en.m_TableData,high
17,"",68,"Surplus","Duct tape",2caed088-6206-4c4e-92dd-33ce6ef19220,1,1,10,0.1,Items_en.m_TableData,high
17,"",68,"Surplus","Duct tape",a7cb4394-ff2b-4478-b38b-da4c7342699e,1,1,271,0.1,Items_en.m_TableData,high
17,"",68,"Surplus","Duct tape",a885bf68-1763-4b06-8fac-232837d6123d,1,1,89,0.1,Items_en.m_TableData,high
17,"",68,"Surplus","Explosion package",d47253ea-ecde-4955-990b-0022253c4d09,1,1,92,1.2,Items_en.m_TableData,high
17,"",68,"Surplus","Fishing line",97556a99-424f-4f7e-89d8-9a444b446476,1,1,10,0.5,Items_en.m_TableData,high
17,"",68,"Surplus","Fitting",ef7a1268-267e-4573-845a-4a55ab62745d,1,1,9,0.82,Items_en.m_TableData,high
17,"",68,"Surplus","Gold nugget",7988774d-8a15-43a6-b444-02b452a7aeef,1,1,278,3.0,Items_en.m_TableData,high
17,"",68,"Surplus","Gold powder 'D'",ca0ce64b-8da5-4862-a9de-aab160e5e6f6,1,1,270,2.0,Items_en.m_TableData,high
17,"",68,"Surplus","Gun parts",93519409-4138-4b33-944d-77954e60fb75,3,1,273,3.5,Items_en.m_TableData,high
17,"",68,"Surplus","Heavy Armor Plate",2e4125fb-85df-45e3-bb6c-30273c49b3b0,3,3,22000,15.0,Items_en.m_TableData,high
17,"",68,"Surplus","Iron bar",b4df008c-5ce8-467c-a9bc-b00676d4efa6,1,1,10,1.5,Items_en.m_TableData,high
17,"",68,"Surplus","Matchbox",06615852-8a0b-437d-944a-4be8aa364b11,1,1,30,0.05,Items_en.m_TableData,high
17,"",68,"Surplus","Metal armor plate",8fbdd68f-6403-4d01-83f1-488f9a971e3e,2,2,122,4.0,Items_en.m_TableData,high
17,"",68,"Surplus","Metal parts 'A'",5283349a-7e5a-46d0-b242-1bdf9b313ce7,1,1,35,3.0,Items_en.m_TableData,high
17,"",68,"Surplus","Metal parts 'B'",2c7c109a-66ab-4017-9382-f0664a109f1a,1,1,91,3.2,Items_en.m_TableData,high
17,"",68,"Surplus","Metal parts 'C'",a47c5937-f2e3-43c1-a01e-af577971a55c,1,1,800,3.5,Items_en.m_TableData,high
17,"",68,"Surplus","Metal tube",1d659d9c-08c9-45ae-9bb8-ca1f0652703b,1,1,31,1.0,Items_en.m_TableData,high
17,"",68,"Surplus","Nail",a89445cc-3d7d-45a7-a64c-e0eaf26cdfbc,1,1,10,0.01,Items_en.m_TableData,high
17,"",68,"Surplus","Nut",d6c4bb04-d6a1-4cd7-977d-73c05ce701df,1,1,11,0.01,Items_en.m_TableData,high
17,"",68,"Surplus","Optical lenses",e64bcab0-7018-4f33-bcd7-a133076d1e44,1,1,32500,1.2,Items_en.m_TableData,high
17,"",68,"Surplus","Palladium bar",714debe4-ca4b-401d-85d2-43f2cb0c9bad,1,1,2800,2.0,Items_en.m_TableData,high
17,"",68,"Surplus","Plastic parts '1'",e6669bac-09bb-4b34-9465-3cca549756ee,1,1,30,2.0,Items_en.m_TableData,high
17,"",68,"Surplus","Plastic parts '2'",8c09e73d-f202-42d8-be7c-8745eebc2423,1,1,92,2.0,Items_en.m_TableData,high
17,"",68,"Surplus","Plastic parts '3'",7290cfab-6432-4592-b55b-ce5269d76db3,1,1,270,2.0,Items_en.m_TableData,high
17,"",68,"Surplus","Plastic parts '4'",21a21990-d620-4256-8200-feaf81a9fb4a,1,1,6800,3.0,Items_en.m_TableData,high
17,"",68,"Surplus","PVC tube",6cb2d799-1b9d-4f20-b829-d2a054d0111f,1,1,25,0.25,Items_en.m_TableData,high
17,"",68,"Surplus","Reinforced pipe",a80e17ad-4c3e-4534-8ac9-2c95229cffd3,1,1,87,1.6,Items_en.m_TableData,high
17,"",68,"Surplus","Screw",9dd40a31-fe9f-4158-9575-a8e6780978bd,1,1,7,0.01,Items_en.m_TableData,high
17,"",68,"Surplus","Steel bar",570f6113-0f57-4305-b21f-2ba49c6b83f0,1,1,30,1.5,Items_en.m_TableData,high
17,"",81,"Explosives parts","Grenade fuse",83ec9fb7-a701-46de-9850-8a3289967045,1,1,30,0.08,Items_en.m_TableData,high
17,"",82,"Fuel","Canister 'S'",d587acfe-336d-451e-9b2d-497886b47af7,2,2,360,8.0,Items_en.m_TableData,high
17,"",82,"Fuel","Gas tank 'S'",5eecbf32-5326-4910-98e4-677b7323a893,2,2,352,12.0,Items_en.m_TableData,high
18,"Quest item",39,"Valuables","Best hits ??80s",0a17a109-ff69-4f40-a602-6db9178bafbd,1,1,1,0.35,Items_en.m_TableData,high
18,"Quest item",39,"Valuables","Blueprints flash drive",d928f0a6-ad08-4f81-9847-7eb3332aa9f9,1,1,1,0.005,Items_en.m_TableData,high
18,"Quest item",39,"Valuables","Customer database",9ab2a400-92f7-4bb3-b060-b9f9b832d9f8,1,1,1,0.005,Items_en.m_TableData,high
18,"Quest item",39,"Valuables","Quest item (HDD)",2fc5f4ec-7552-43b0-aa0a-861190addeb3,1,1,1,0.3,item_templates.alias,high
18,"Quest item",39,"Valuables","Quest item (Headphones)",3bc07d95-1538-4b5b-bd26-8fede554b918,2,2,1,0.35,item_templates.alias,high
18,"Quest item",39,"Valuables","Quest Item (Lighter)",8b02c9d4-34fc-4c02-b5f0-72deaa8b1312,1,1,1,0.01,item_templates.alias,high
18,"Quest item",39,"Valuables","Quest item (Old photo)",68f9bccf-6739-44f5-b0dd-affdcff76c73,1,1,1,0.1,item_templates.alias,high
18,"Quest item",39,"Valuables","Quest Item (Pink Bear)",8862e856-38c2-4a63-8066-b43dea84da50,2,2,1,0.3,item_templates.alias,high
18,"Quest item",39,"Valuables","Quest item (Tshirt_Head)",9c14bfd5-0bf4-4453-9d11-83016552fe42,2,2,1,0.1,item_templates.alias,high
18,"Quest item",39,"Valuables","Quest Item q_cabinetnoir_something_more Flash Drive",4ace4104-0d3d-49ab-a576-b11f21dd15ad,1,1,1,0.005,item_templates.alias,high
18,"Quest item",39,"Valuables","Research information",403ed089-6431-4d02-bc53-7db22de16e5e,1,1,1,0.005,Items_en.m_TableData,high
18,"Quest item",39,"Valuables","SoyTech News",8e95b775-5dc4-49db-8d12-b488ebfa229c,1,2,100,0.2,Items_en.m_TableData,high
18,"Quest item",39,"Valuables","THAT data",e96fc11e-f19e-48ce-8884-8aa3081999e8,1,1,1,0.005,Items_en.m_TableData,high
18,"Quest item",39,"Valuables","Unfinished toy",f8891152-df14-4147-b5a1-cf63fda87497,1,1,100,0.2,Items_en.m_TableData,high
18,"Quest item",39,"Valuables","Voicemail record",5f0db7ea-1859-4763-8717-408c71ef0254,1,1,1,0.35,Items_en.m_TableData,high
18,"Quest item",65,"Devices","Quest Item (Transmitter)",fa963e14-45fb-4ad5-86e8-85dfb4130e2a,2,1,1,2.4,item_templates.alias,high
18,"Quest item",85,"","Analyzed Evidence",b494fa7a-934e-4aa4-bb63-62a5953c373a,1,1,,0.2,Items_en.m_TableData,high
18,"Quest item",85,"","Best hits ??80s",1d0004d8-2bae-4f32-b493-c2eea057a7b8,1,1,,0.35,Items_en.m_TableData,high
18,"Quest item",85,"","Blueprints flash drive",5fcc8c67-d2a8-42da-8266-33616923d9c2,1,1,,0.005,Items_en.m_TableData,high
18,"Quest item",85,"","Customer database",95193508-2edb-4097-b6ac-3c75c265a0ff,1,1,,0.005,Items_en.m_TableData,high
18,"Quest item",85,"","Evidence",56b69d4a-0c89-4138-8438-c1d55bb35334,1,1,1,0.2,Items_en.m_TableData,high
18,"Quest item",85,"","Friends' Remains",48e3cd36-8df5-48b7-83ef-5a959b048197,1,1,,0.2,Items_en.m_TableData,high
18,"Quest item",85,"","Murder Weapon",c2317f16-0f43-4e89-8739-b39c3dd3e3be,1,1,,0.2,Items_en.m_TableData,high
18,"Quest item",85,"","Notepad page",10fb7a07-549e-41c9-b8a3-ec597a33df73,1,2,1,0.01,Items_en.m_TableData,high
18,"Quest item",85,"","Notepad page",51ec73a7-74f4-4125-8345-30b6df44b3aa,1,2,1,0.01,Items_en.m_TableData,high
18,"Quest item",85,"","Notepad page",6a25b33a-9d9e-4f16-9c4e-fa721be4de43,1,2,1,0.01,Items_en.m_TableData,high
18,"Quest item",85,"","Notepad page",8b8da50e-de56-46ce-8026-c56ab14bcad5,1,2,1,0.01,Items_en.m_TableData,high
18,"Quest item",85,"","Notepad page",9cb054f0-5aa9-41a8-836d-2dd290fc58b5,1,2,1,0.01,Items_en.m_TableData,high
18,"Quest item",85,"","Notepad page",b736b4e2-efd1-427e-b76c-02494a27331d,1,2,1,0.01,Items_en.m_TableData,high
18,"Quest item",85,"","Odd Fax",97e62f3f-45d9-45c4-a211-5531f0ff0021,1,2,1,0.01,Items_en.m_TableData,high
18,"Quest item",85,"","Progenitor Files",c7df0181-af32-440e-bcf0-3860d1288e79,1,1,,0.2,Items_en.m_TableData,high
18,"Quest item",85,"","Progenitor project Launch Codes",300195f9-189b-4e64-adac-19baa4f5f688,1,1,,0.2,Items_en.m_TableData,high
18,"Quest item",85,"","Research information",72a6105f-9509-4baf-b2ca-d10cdf9861ff,1,1,,0.005,Items_en.m_TableData,high
18,"Quest item",85,"","Secret Meeting Location Coordinates",806be2fb-d1c6-4c0e-89e9-663f7ab7af4c,1,1,,0.2,Items_en.m_TableData,high
18,"Quest item",85,"","SoyTech News",a866996d-e22e-4d8c-b419-7161c3104076,1,2,,0.2,Items_en.m_TableData,high
18,"Quest item",85,"","THAT data",49faf8ce-b958-4f55-98e9-98cc4da614d7,1,1,,0.005,Items_en.m_TableData,high
18,"Quest item",85,"","Voicemail record",202d7e7a-2bbf-4427-ac51-b906c52476a2,1,1,,0.35,Items_en.m_TableData,high
18,"Quest item",86,"","Data-Meter",71111a00-b560-43c6-98d5-39d90c7fb822,2,1,1000,1.0,Items_en.m_TableData,high
18,"Quest item",,"","Long, improvised and stinky (or so they say)",30effc00-66f1-4dc9-a990-a95426916059,1,1,,,Items_en.m_TableData,high
18,"Quest item",,"","QuestContainer_Victim_01",9454e315-9f02-4168-80cf-d69dd6c4ad04,1,1,,,item_templates.alias,high
18,"Quest item",,"","QuestZone_DamageZone_InstantKill_Bots",faafd2bc-8fe4-49be-a303-574fc4b57df1,1,1,,,item_templates.alias,high
18,"Quest item",,"","Secure case",5d13c196-b1bb-4ae8-88b2-bda5c791fbdc,1,1,,,Items_en.m_TableData,high
18,"Quest item",,"","Shiny, long and tiny",9c648b35-9002-49a5-93d5-e23700eb1ae6,1,1,,,Items_en.m_TableData,high
18,"Quest item",,"","Stylish, timeless, of irregular shape",b4cbc667-67af-435f-abcf-65b8964ee030,1,1,,,Items_en.m_TableData,high
18,"Quest item",,"","Toolbox A",fd3e5ac7-ffe6-4ed8-ae03-5e4bcc025b79,1,1,,,Items_en.m_TableData,high
18,"Quest item",,"","Toolbox B",8c7e9dfa-c698-454e-930a-157db2dec363,1,1,,,Items_en.m_TableData,high
20,"Weapon Mod",7,"Magazine","1A4M drum mag",6f0a8140-6130-4931-b8a6-17215f7c16b5,2,2,10000,1.5,item_templates.alias_fallback_for_localization_links,high
20,"Weapon Mod",7,"Magazine","1A4M mag",b8e33705-d85f-4245-9b1b-93470b458146,1,2,2200,0.1,item_templates.alias_fallback_for_localization_links,high
20,"Weapon Mod",7,"Magazine","AssaultRifle_05_Magazine_01",94ec0454-79aa-47e1-86ca-659d1fa5e14f,1,2,2860,0.3,item_templates.alias_fallback_for_localization_links,high
20,"Weapon Mod",7,"Magazine","AssaultRifle_06_Magazine_01",9eaba8f2-f202-426f-ac8a-098ef722281c,1,2,4840,0.3,item_templates.alias_fallback_for_localization_links,high
20,"Weapon Mod",7,"Magazine","DORA mag",e630734a-98d7-498c-9745-d2171638a196,1,2,2420,0.2,item_templates.alias_fallback_for_localization_links,high
20,"Weapon Mod",7,"Magazine","DVS extended mag",d6693600-0cf4-4529-b880-cf6c7cd74c49,1,2,15000,0.4,item_templates.alias_fallback_for_localization_links,high
20,"Weapon Mod",7,"Magazine","DVS mag",aa74dff8-bfc0-444b-b49d-29c0768ce3d1,1,1,6050,0.35,item_templates.alias_fallback_for_localization_links,high
20,"Weapon Mod",7,"Magazine","Eliphalet 700 extended mag",46c9d0a2-7aec-44ab-88a2-cfaa4d1f2668,1,2,8000,0.35,item_templates.alias_fallback_for_localization_links,high
20,"Weapon Mod",7,"Magazine","Eliphalet 700 mag",40c51d9c-4791-4acd-abe5-31dae088b82f,1,1,3795,0.5,item_templates.alias_fallback_for_localization_links,high
20,"Weapon Mod",7,"Magazine","EMERKIT Pistol mag",c68f4259-4dd9-40ac-abdc-be0f7387c595,1,1,552,0.16,item_templates.alias_fallback_for_localization_links,high
20,"Weapon Mod",7,"Magazine","EMERKIT SMG mag",ebf66e51-8357-454d-85e2-c0008c6942c9,1,2,1000,0.1,item_templates.alias_fallback_for_localization_links,high
20,"Weapon Mod",7,"Magazine","ETA 417 mag",45e3b85d-2467-4149-8307-dbf55c2e43c0,1,2,6820,0.125,item_templates.alias_fallback_for_localization_links,high
20,"Weapon Mod",7,"Magazine","ETA 45 ext. mag",697f5509-e32c-4f30-ba6a-b73280fa5379,1,2,4030,0.36,item_templates.alias_fallback_for_localization_links,high
20,"Weapon Mod",7,"Magazine","ETA 45 mag",38ef8a65-2f2f-418d-860b-24dc3d0e67af,1,2,1200,0.18,item_templates.alias_fallback_for_localization_links,high
20,"Weapon Mod",7,"Magazine","ETA 5 drum mag",f4cacf3d-95ef-4f88-8dd7-ce1721f12c20,1,2,10000,0.4,item_templates.alias_fallback_for_localization_links,high
20,"Weapon Mod",7,"Magazine","ETA 5 extended mag",00c28802-b4d4-45a6-88cd-6271e060da01,1,2,3500,0.18,item_templates.alias_fallback_for_localization_links,high
20,"Weapon Mod",7,"Magazine","ETA 5 mag",f3aaea5d-78d6-4c03-ac74-253d45dbf9ee,1,2,1100,0.1,item_templates.alias_fallback_for_localization_links,high
20,"Weapon Mod",7,"Magazine","Gaston 17 drum mag",7c1e3436-0b6b-4413-89f5-1e154d09f792,1,2,10000,0.57,item_templates.alias_fallback_for_localization_links,high
20,"Weapon Mod",7,"Magazine","Gaston 17 mag",798db9cb-47fd-4be5-b6ca-71fac65a700b,1,1,604,0.1,item_templates.alias_fallback_for_localization_links,high
20,"Weapon Mod",7,"Magazine","Herstal 57 mag",4e8db72c-4ad6-4c7e-8cdf-3c69dc88e78c,1,1,1121,0.08,item_templates.alias_fallback_for_localization_links,high
20,"Weapon Mod",7,"Magazine","Herstal SH mag",c7d283ef-6c32-4cd8-a23d-245a6b45f0fd,1,2,4180,0.165,item_templates.alias_fallback_for_localization_links,high
20,"Weapon Mod",7,"Magazine","KA74 ext. mag",fd4000b1-b5ba-4d0d-9b8a-1afe0fcaeb4f,1,2,4000,0.4,item_templates.alias_fallback_for_localization_links,high
20,"Weapon Mod",7,"Magazine","KA74 mag",8512857a-cab6-4286-a597-b3ae5ed4d496,1,2,1980,0.3,item_templates.alias_fallback_for_localization_links,high
20,"Weapon Mod",7,"Magazine","LM39 mag",9bdfd56c-8f37-4343-8111-73a7631e6421,2,2,7150,0.6,item_templates.alias_fallback_for_localization_links,high
20,"Weapon Mod",7,"Magazine","M420 mag",36802461-c3bc-4026-8c73-58fa2303117f,2,2,8250,0.8,item_templates.alias_fallback_for_localization_links,high
20,"Weapon Mod",7,"Magazine","MKP mag",cb0623ad-ed67-415a-a69f-a61d077ddb82,2,2,7700,0.5,item_templates.alias_fallback_for_localization_links,high
20,"Weapon Mod",7,"Magazine","Neckar SR93 mag",1e42d136-ea0e-4ca6-9046-a5197aaef7bb,1,1,12937,0.5,item_templates.alias_fallback_for_localization_links,high
20,"Weapon Mod",7,"Magazine","Oscar 590A1 mag",90ae5a46-c40d-451e-96ba-dec68b109f1c,3,1,800,0.6,item_templates.alias_fallback_for_localization_links,high
20,"Weapon Mod",7,"Magazine","Pistol_04_Magazine_01",0ed07355-4e00-4815-9204-3f2ea86c7ef6,1,1,3325,0.2,item_templates.alias_fallback_for_localization_links,high
20,"Weapon Mod",7,"Magazine","Pistol_05_Magazine_01",83046e72-315e-4eaa-af9c-eee2dd33f49b,1,1,3570,0.2,item_templates.alias_fallback_for_localization_links,high
20,"Weapon Mod",7,"Magazine","Pistol_06_Magazine_01",25182c18-e2d5-49b1-a3c5-91f680a21386,1,1,4601,0.3,item_templates.alias_fallback_for_localization_links,high
20,"Weapon Mod",7,"Magazine","Pistol_07_Magazine_01",f48c0b92-f601-43ca-ab8e-981f5d9e62d1,1,1,6300,0.4,item_templates.alias_fallback_for_localization_links,high
20,"Weapon Mod",7,"Magazine","PRO 90 mag",29a49914-d5aa-4a8f-919c-043e08e7fe82,2,1,2420,0.2,item_templates.alias_fallback_for_localization_links,high
20,"Weapon Mod",7,"Magazine","Ramon 1891 mag",a50bf0c1-25f3-4668-afe4-92bccd60ed0c,1,1,7762,0.221,item_templates.alias_fallback_for_localization_links,high
20,"Weapon Mod",7,"Magazine","Ronnie B4 mag",2717d66c-4303-4796-a125-0bcedfd7fea9,2,1,18000,0.65,item_templates.alias_fallback_for_localization_links,high
20,"Weapon Mod",7,"Magazine","Sam M1911 ext. mag",9d2caad0-71a7-4d26-8546-bc90483b0c15,1,2,1200,0.32,item_templates.alias_fallback_for_localization_links,high
20,"Weapon Mod",7,"Magazine","Sam M1911 mag",e0b2ced1-f8cb-48e6-b500-7f9069e2041a,1,1,690,0.16,item_templates.alias_fallback_for_localization_links,high
20,"Weapon Mod",7,"Magazine","SAPA12 mag",461b3c0d-7cca-4b54-962c-35c73da45b5e,3,1,900,0.6,item_templates.alias_fallback_for_localization_links,high
20,"Weapon Mod",7,"Magazine","Shotgun_03_Magazine_02",41ded33f-ed30-4de5-b611-1ae7dfe733d4,2,1,1000,0.4,item_templates.alias_fallback_for_localization_links,high
20,"Weapon Mod",7,"Magazine","Shotgun_05_Magazine_01",aab163e1-d00a-4bf1-9f96-d39e03248628,1,1,3360,0.4,item_templates.alias_fallback_for_localization_links,high
20,"Weapon Mod",7,"Magazine","Shotgun_06_Magazine_01",c6623cb5-3520-4ddb-80f5-50d9d32df1bf,1,1,3500,0.4,item_templates.alias_fallback_for_localization_links,high
20,"Weapon Mod",7,"Magazine","SMG_02_Magazine_03",16e4bbb1-ffe5-465e-93d3-f66d08592614,1,2,6000,2.0,item_templates.alias_fallback_for_localization_links,high
20,"Weapon Mod",7,"Magazine","SniperRifle_04_Magazine_02",b4b5954b-ffd5-496d-aaa5-971a1bf3db54,1,1,10000,0.5,item_templates.alias_fallback_for_localization_links,high
20,"Weapon Mod",7,"Magazine","SniperRifle_06_Magazine_01",0fa273b4-7600-47fd-a986-3213777b395d,1,1,5250,0.5,item_templates.alias_fallback_for_localization_links,high
20,"Weapon Mod",7,"Magazine","Taiga-12 mag",bc822b88-51c1-437d-bb28-b8d745a4fc63,1,2,1760,0.6,item_templates.alias_fallback_for_localization_links,high
20,"Weapon Mod",7,"Magazine","VMAG10",31f9f8af-4e16-45e8-84de-08606ef2474e,1,1,6800,0.3,Items_en.m_TableData,high
20,"Weapon Mod",7,"Magazine","VMAG20",d241e2bc-15b1-499a-a33c-563e6e0a2e66,1,2,11000,0.5,Items_en.m_TableData,high
20,"Weapon Mod",7,"Magazine","VMAG30",4606342c-b96a-4019-9379-364841fa7cf7,1,2,25000,1.0,Items_en.m_TableData,high
20,"Weapon Mod",8,"Sight","1A4M Sight",b250a7e6-5aa6-4659-9882-da69d43f2720,1,1,1600,0.15,item_templates.alias_fallback_for_localization_links,high
20,"Weapon Mod",8,"Sight","AGOTH",ef356100-8e19-42ac-ad45-1a6629592ffa,2,1,6850,0.4,Items_en.m_TableData,high
20,"Weapon Mod",8,"Sight","Beastmaster",0a92e93b-a479-40c5-9156-181eb04096a4,2,1,7000,0.6,Items_en.m_TableData,high
20,"Weapon Mod",8,"Sight","Borovik",d41a5b80-05d8-434d-9652-4021ffa2769d,2,1,2700,0.4,Items_en.m_TableData,high
20,"Weapon Mod",8,"Sight","DORA sight",23abd278-c171-48d2-b116-2ac1441099a3,1,1,2420,0.24,item_templates.alias_fallback_for_localization_links,high
20,"Weapon Mod",8,"Sight","ETA 417 sight",707604a7-9235-49eb-9a89-9925c29e67b8,1,1,4960,0.172,item_templates.alias_fallback_for_localization_links,high
20,"Weapon Mod",8,"Sight","FIREX-PRO",a5535eb8-ba62-4724-9903-4845bb0b4afd,2,1,34850,1.0,Items_en.m_TableData,high
20,"Weapon Mod",8,"Sight","FOXTROT-U",ae596355-675d-4799-ac00-8f52a81977c3,2,1,23000,0.6,Items_en.m_TableData,high
20,"Weapon Mod",8,"Sight","Herstal SH sight",d1d82534-0f7e-456b-98dc-01cd38e651be,1,1,3040,0.075,item_templates.alias_fallback_for_localization_links,high
20,"Weapon Mod",8,"Sight","Humboldt Y4 OS",c95fbaf6-2f51-4c50-9a01-fc7297b2894d,2,1,12606,2.0,Items_en.m_TableData,high
20,"Weapon Mod",8,"Sight","Jaegeraugen",0c5125aa-4d25-4512-bb5b-03167c123e22,2,1,5000,0.6,Items_en.m_TableData,high
20,"Weapon Mod",8,"Sight","LEP-7",5b6f373c-f022-4ebc-9e0b-2c8d82c41798,2,1,5100,0.5,Items_en.m_TableData,high
20,"Weapon Mod",8,"Sight","LES",e57105aa-ffdc-426e-a261-f208ad5f06c7,2,1,2920,0.4,Items_en.m_TableData,high
20,"Weapon Mod",8,"Sight","Maximillian V OS",1660acbb-3a12-40e6-a9a1-9db844d8a735,2,1,8000,0.8,Items_en.m_TableData,high
20,"Weapon Mod",8,"Sight","OKO-77",930bbdd3-a95b-40a6-a741-dbd894206ac1,2,1,16000,1.1,Items_en.m_TableData,high
20,"Weapon Mod",8,"Sight","PES OS",ef803849-7fbd-41ed-8b3d-297ce6fb1e35,2,1,4520,0.6,Items_en.m_TableData,high
20,"Weapon Mod",8,"Sight","PRIMAL",c9e8789e-e7a7-4d7b-940b-bd8754670c68,1,1,4140,0.4,Items_en.m_TableData,high
20,"Weapon Mod",8,"Sight","PRO90 Sight",93686991-de7f-4aad-bcfe-1eebe51381af,1,1,2420,0.2,item_templates.alias_fallback_for_localization_links,high
20,"Weapon Mod",8,"Sight","PRZL-5",22e83fd7-f87d-4d80-be6e-f85056341e94,2,1,3800,0.5,Items_en.m_TableData,high
20,"Weapon Mod",8,"Sight","QUAKE",c9435509-b4e1-482a-a54b-c50752ae9268,2,1,5350,0.3,Items_en.m_TableData,high
20,"Weapon Mod",8,"Sight","Ramon OS",e32e244a-b266-4837-83f2-e74936372a8a,2,1,5570,0.6,item_templates.alias_fallback_for_localization_links,high
20,"Weapon Mod",8,"Sight","Woodmann",a8e9e196-51e8-4e40-8c11-a43b5c2fdbe0,2,1,4500,0.5,Items_en.m_TableData,high
20,"Weapon Mod",8,"Sight","Zveroboi",24ea38dd-e313-4303-a077-331d80de2694,2,1,5000,0.7,Items_en.m_TableData,high
20,"Weapon Mod",9,"Muzzle",".300 WinMag supressor",6fade111-f653-462f-9961-adc92ae52b7d,2,1,50000,0.212,item_templates.alias_fallback_for_localization_links,high
20,"Weapon Mod",9,"Muzzle","1A4M Trustshot suppressor",b4966a1d-a693-4c8f-b696-c58e7f5c6927,2,1,10000,0.19,item_templates.alias_fallback_for_localization_links,high
20,"Weapon Mod",9,"Muzzle","AssaultRifle_06_Suppressor_01",19194808-14ca-4a19-b824-e57a18d7358c,2,1,16000,0.4,item_templates.alias_fallback_for_localization_links,high
20,"Weapon Mod",9,"Muzzle","BRTH 11 suppressor",4cf90748-3cd3-4978-8f8b-1ac8b847579c,1,1,5000,0.35,item_templates.alias_fallback_for_localization_links,high
20,"Weapon Mod",9,"Muzzle","DIY JR",32d2d3a2-d2d7-4cc2-b4fd-c8001d63081c,2,1,100,0.1,Items_en.m_TableData,high
20,"Weapon Mod",9,"Muzzle","DIY SR",7c6d77b0-6b9f-4fea-ad41-166657783d77,1,1,500,0.3,Items_en.m_TableData,high
20,"Weapon Mod",9,"Muzzle","DORA supressor",635a7a80-0843-4976-9e4e-3a14bd34203c,2,1,60000,0.65,item_templates.alias_fallback_for_localization_links,high
20,"Weapon Mod",9,"Muzzle","Duck Supp",be2d92e3-2b1f-4a9a-9e3a-00876ee78f8a,2,1,25000,0.32,Items_en.m_TableData,high
20,"Weapon Mod",9,"Muzzle","DVS supressor",b18c4762-e367-4dc2-b823-78f2e87f3536,2,1,80000,0.7,item_templates.alias_fallback_for_localization_links,high
20,"Weapon Mod",9,"Muzzle","Eliphalet 700 supressor",490456dc-4492-4e0a-9b27-bf4442670719,2,1,15000,0.292,item_templates.alias_fallback_for_localization_links,high
20,"Weapon Mod",9,"Muzzle","ETA 45 supressor",0f36ad15-476b-4dee-85dd-3fede7688ef6,1,1,8000,0.345,item_templates.alias_fallback_for_localization_links,high
20,"Weapon Mod",9,"Muzzle","ETA 5 supressor",80ff3305-460c-4302-bfe9-5ed6e4dc2567,1,1,7000,0.24,item_templates.alias_fallback_for_localization_links,high
20,"Weapon Mod",9,"Muzzle","Gaston 17 supressor",96ba8898-fe56-4860-a4fb-8137ac61cb44,2,1,7000,0.35,item_templates.alias_fallback_for_localization_links,high
20,"Weapon Mod",9,"Muzzle","Herstal 57 supressor",8528d2bb-e68b-4c73-bedc-4d3a681cb7cd,1,1,6500,0.322,item_templates.alias_fallback_for_localization_links,high
20,"Weapon Mod",9,"Muzzle","Herstal SH supressor",1bdc2a4c-b9d6-4d68-8d02-26b00f3b4756,2,1,5200,0.33,item_templates.alias_fallback_for_localization_links,high
20,"Weapon Mod",9,"Muzzle","KA74 supressor",eb0504d1-d7a3-4906-b04b-8dcc91c6dae2,2,1,9000,0.145,item_templates.alias_fallback_for_localization_links,high
20,"Weapon Mod",9,"Muzzle","PRO90 SwirlTech suppressor",5d2f5067-7c4f-470c-85bd-dcab0b9dcc59,1,1,15000,0.4,item_templates.alias_fallback_for_localization_links,high
20,"Weapon Mod",9,"Muzzle","SLNT12",a7fcef8c-2bf0-48ed-ab29-7af4199d9d81,2,1,35000,0.8,Items_en.m_TableData,high
20,"Weapon Mod",9,"Muzzle","TandJ suppressor",f1b2768e-9a75-4c17-8b1c-1a5a87b67c3e,2,1,30600,0.38,item_templates.alias_fallback_for_localization_links,high
20,"Weapon Mod",9,"Muzzle","Trustbang",6eff4289-ef99-4cc7-9c7a-f156ae411d80,2,1,12000,0.4,Items_en.m_TableData,high
20,"Weapon Mod",10,"Tactical Handle","Anglegrip",ffbf47a9-d9f8-43dd-b01e-4314010f9386,1,1,25000,0.12,Items_en.m_TableData,high
20,"Weapon Mod",10,"Tactical Handle","CKA VTF",3aa4f976-8753-46a2-8f14-768362c8b116,1,1,8750,0.07,Items_en.m_TableData,high
20,"Weapon Mod",10,"Tactical Handle","EZ Grip",f84973eb-972f-4f4b-8681-ec077c96dfc3,1,1,14000,0.33,Items_en.m_TableData,high
20,"Weapon Mod",10,"Tactical Handle","TH 2",961b9acb-b9b2-4803-b741-feebbd583664,1,1,4920,0.065,Items_en.m_TableData,high
20,"Weapon Mod",11,"Butt","1A4M butt",d05f3198-c223-491e-aabf-cb7100c0fe23,2,1,2800,1.0,item_templates.alias_fallback_for_localization_links,high
20,"Weapon Mod",11,"Butt","AssaultRifle_01_Butt_02",82bcee1e-75de-4dfc-8e41-e9f99defb7b0,2,1,5000,1.0,item_templates.alias_fallback_for_localization_links,high
20,"Weapon Mod",11,"Butt","AssaultRifle_05_Butt_01",3d7a257e-ca09-49a1-a85f-7787f62d042f,2,1,3640,0.8,item_templates.alias_fallback_for_localization_links,high
20,"Weapon Mod",11,"Butt","AssaultRifle_06_Butt_01",833daeed-7642-490b-969f-de79d49bca8a,2,1,6160,0.9,item_templates.alias_fallback_for_localization_links,high
20,"Weapon Mod",11,"Butt","DORA butt",80940f1f-5ea6-456a-95cd-a824f89e5221,2,1,3080,0.7,item_templates.alias_fallback_for_localization_links,high
20,"Weapon Mod",11,"Butt","DVS Butt",1b911f53-ae0c-4af3-913f-b59e8956fae5,2,1,7700,1.0,item_templates.alias_fallback_for_localization_links,high
20,"Weapon Mod",11,"Butt","DVS butt X",e09e25e2-aec0-49fc-b872-572f2358c9a4,2,1,10500,0.8,item_templates.alias_fallback_for_localization_links,high
20,"Weapon Mod",11,"Butt","EMERKIT SMG butt",3a4ae4ea-5ef9-4067-9835-6656262bb865,2,1,1500,0.32,item_templates.alias_fallback_for_localization_links,high
20,"Weapon Mod",11,"Butt","ETA 417 butt",7f2c7731-3c71-45da-81e5-e0d09e79219e,2,1,8680,0.45,item_templates.alias_fallback_for_localization_links,high
20,"Weapon Mod",11,"Butt","ETA 45 butt",32f347fb-3017-4d4d-a5fd-3b126bc767d2,2,1,1800,0.35,item_templates.alias_fallback_for_localization_links,high
20,"Weapon Mod",11,"Butt","ETA 5 butt",1f2c5d76-d78d-4962-ba28-7bf726c6748d,2,1,1650,0.32,item_templates.alias_fallback_for_localization_links,high
20,"Weapon Mod",11,"Butt","ETA 5 fixed butt",fc583ad4-dc8e-4c6e-b88e-626bb3edd138,2,1,4000,0.45,item_templates.alias_fallback_for_localization_links,high
20,"Weapon Mod",11,"Butt","Herstal SH butt",44c8b741-5665-46a1-83b8-e2d7e7aaf571,2,1,5320,0.65,item_templates.alias_fallback_for_localization_links,high
20,"Weapon Mod",11,"Butt","KA74 butt",2eccc6a4-cc5c-4bcb-bbaf-3096f8af5e6f,2,1,2520,0.35,item_templates.alias_fallback_for_localization_links,high
20,"Weapon Mod",11,"Butt","KA74 butt X",529e60ae-6d98-4f7d-b02f-b1b6839cf43d,2,1,6000,0.35,item_templates.alias_fallback_for_localization_links,high
20,"Weapon Mod",11,"Butt","LM39 butt",626747c5-fee6-4e3e-bdbe-e40061e03ffc,2,1,9100,0.75,item_templates.alias_fallback_for_localization_links,high
20,"Weapon Mod",11,"Butt","M420 butt",d2fd8c49-a1e5-4ffa-8dcd-6421b3092aa4,2,1,10500,1.2,item_templates.alias_fallback_for_localization_links,high
20,"Weapon Mod",11,"Butt","MKP butt",fb93822e-24dd-42bc-92b3-c3736972250b,2,1,9800,2.0,item_templates.alias_fallback_for_localization_links,high
20,"Weapon Mod",11,"Butt","Oscar 590A1 grip",9c947458-956b-4701-90b4-d9bf3b71198e,2,1,1200,0.5,item_templates.alias_fallback_for_localization_links,high
20,"Weapon Mod",11,"Butt","Oscar 590A1 grip X",5f5a1bff-6b5b-45b1-8b3b-06441a7f7d3f,2,1,3000,0.66,item_templates.alias_fallback_for_localization_links,high
20,"Weapon Mod",11,"Butt","SAPA12 butt",59996ba4-8411-40d5-8bd2-a00d77c6c79e,2,1,1350,0.8,item_templates.alias_fallback_for_localization_links,high
20,"Weapon Mod",11,"Butt","Shotgun_03_Butt_02",39ad92d6-0e24-4ccf-b585-be7dc54b4955,2,1,3500,1.5,item_templates.alias_fallback_for_localization_links,high
20,"Weapon Mod",11,"Butt","SMG_02_Butt_02",0099bf36-a254-466a-a383-5555264bf07e,2,1,8000,0.5,item_templates.alias_fallback_for_localization_links,high
20,"Weapon Mod",11,"Butt","SniperRifle_01_Butt_03",9a591c73-b524-4f79-bdab-b3dfa8034bab,2,1,12000,1.6,item_templates.alias_fallback_for_localization_links,high
20,"Weapon Mod",11,"Butt","SniperRifle_05_Butt_01",3b83da18-df07-4b35-8dc6-346f095fe582,2,1,10200,1.0,item_templates.alias_fallback_for_localization_links,high
20,"Weapon Mod",11,"Butt","SniperRifle_05_Butt_02",e92c655c-1b50-4716-8f14-87f6ec0b6a64,2,1,15000,1.0,item_templates.alias_fallback_for_localization_links,high
20,"Weapon Mod",11,"Butt","SniperRifle_05_Butt_03",61748429-71dc-45cb-9932-9ad6fa633176,2,1,20000,1.0,item_templates.alias_fallback_for_localization_links,high
20,"Weapon Mod",11,"Butt","Taiga-12 butt",ca1d8c14-b3e9-45ee-a1c3-db6c57142bed,2,1,2240,0.5,item_templates.alias_fallback_for_localization_links,high
20,"Weapon Mod",12,"Barrel","1A4M barrel",a7c59e5f-4b6b-454f-82b7-07ad6de50780,3,1,3400,0.33,item_templates.alias_fallback_for_localization_links,high
20,"Weapon Mod",12,"Barrel","AssaultRifle_05_Barrel_01",8953338a-3148-42e9-926f-0ff6e01a0232,3,1,4680,1.0,item_templates.alias_fallback_for_localization_links,high
20,"Weapon Mod",12,"Barrel","AssaultRifle_06_Barrel_01",58ea444c-11e5-4799-ab97-f88242883e59,3,1,7920,1.0,item_templates.alias_fallback_for_localization_links,high
20,"Weapon Mod",12,"Barrel","DORA barrel",c9ff9359-7d61-437c-b709-a914fd28b2bc,3,1,3960,1.0,item_templates.alias_fallback_for_localization_links,high
20,"Weapon Mod",12,"Barrel","DVS barrel",90962383-4317-4d9d-ba41-a1510b4f51af,4,1,9900,1.2,item_templates.alias_fallback_for_localization_links,high
20,"Weapon Mod",12,"Barrel","Eliphalet 700 barrel",5d4bf209-c68a-40f1-b8c5-a6d05bee96cb,3,1,5019,1.45,item_templates.alias_fallback_for_localization_links,high
20,"Weapon Mod",12,"Barrel","EMERKIT Pistol barrel",8b955a6a-8561-4467-97ed-afb7c3e02406,1,1,730,0.144,item_templates.alias_fallback_for_localization_links,high
20,"Weapon Mod",12,"Barrel","EMERKIT SMG barrel",8629cc97-61d6-40c7-8dc6-e7f212a8ede4,2,1,2000,0.2,item_templates.alias_fallback_for_localization_links,high
20,"Weapon Mod",12,"Barrel","ETA 417 barrel",ecd6ed86-f433-4e54-a7b7-85fc5a65c3b8,4,1,10540,1.2,item_templates.alias_fallback_for_localization_links,high
20,"Weapon Mod",12,"Barrel","ETA 45 barrel",9d881a0e-0276-4c04-ad3b-4e312a0fa01f,2,1,2400,0.2,item_templates.alias_fallback_for_localization_links,high
20,"Weapon Mod",12,"Barrel","ETA 45 threaded barrel",830b5f16-acc5-4bd3-a266-5bd578690c10,2,1,7000,0.365,item_templates.alias_fallback_for_localization_links,high
20,"Weapon Mod",12,"Barrel","ETA 5 barrel",8d1a20b3-16f0-4489-aaca-692f2ce39ceb,2,1,2200,0.2,item_templates.alias_fallback_for_localization_links,high
20,"Weapon Mod",12,"Barrel","Gaston 17 barrel",74c7349f-f705-4971-9c9e-080416105b84,1,1,798,0.125,item_templates.alias_fallback_for_localization_links,high
20,"Weapon Mod",12,"Barrel","Herstal 57 barrel",35a9779d-a37d-4a2a-92fe-ea4c320cccfa,1,1,1483,0.17,item_templates.alias_fallback_for_localization_links,high
20,"Weapon Mod",12,"Barrel","Herstal SH barrel",9b80b771-1ee0-49c1-9e82-67eda3a6d7a0,3,1,6461,0.7,item_templates.alias_fallback_for_localization_links,high
20,"Weapon Mod",12,"Barrel","KA74 barrel",53d665d5-b3d8-47f2-9b2a-e2cb8dbdb991,3,1,3240,0.55,item_templates.alias_fallback_for_localization_links,high
20,"Weapon Mod",12,"Barrel","LM39 barrel",9ff05069-b2f2-49e1-b7bf-38ba9738b86f,3,1,11050,0.9,item_templates.alias_fallback_for_localization_links,high
20,"Weapon Mod",12,"Barrel","M420 barrel",5c6eb7e7-2df7-4297-95c4-5fc44a7b6828,3,1,12750,1.5,item_templates.alias_fallback_for_localization_links,high
20,"Weapon Mod",12,"Barrel","MKP barrel",26cc568e-3a52-45dd-b4b6-08382ff52f5c,3,1,11900,1.2,item_templates.alias_fallback_for_localization_links,high
20,"Weapon Mod",12,"Barrel","Neckar SR93 barrel",d32ca7d9-347e-499d-a69a-2bc3a55accf4,4,1,17109,0.126,item_templates.alias_fallback_for_localization_links,high
20,"Weapon Mod",12,"Barrel","Oscar 590A1 barrel",9e91f078-eea9-4405-9f27-84960f4850da,3,1,1600,0.8,item_templates.alias_fallback_for_localization_links,high
20,"Weapon Mod",12,"Barrel","Pistol_06_Barrel_01",b27620db-e680-4623-b2a4-c750f315acaa,1,1,3859,0.3,item_templates.alias_fallback_for_localization_links,high
20,"Weapon Mod",12,"Barrel","Pistol_06_Barrel_02",805214b3-cc17-4209-a067-e52a0f5e568f,1,1,6000,0.4,item_templates.alias_fallback_for_localization_links,high
20,"Weapon Mod",12,"Barrel","Pistol_06_Barrel_03",1d9459b3-4ca7-4759-bea6-cafe266ec3a2,2,1,8000,0.5,item_templates.alias_fallback_for_localization_links,high
20,"Weapon Mod",12,"Barrel","Pistol_06_Barrel_04",779bb600-aa1a-40bc-bf78-64eddcc11d4d,2,1,10000,0.8,item_templates.alias_fallback_for_localization_links,high
20,"Weapon Mod",12,"Barrel","PRO 90 barrel",f8d313a9-336a-4f8e-986d-41b52bf1a2ac,3,1,3960,0.3,item_templates.alias_fallback_for_localization_links,high
20,"Weapon Mod",12,"Barrel","Ramon 1891 stock barrel",958a6512-5559-49e9-91d9-294baa109162,5,1,10266,1.232,item_templates.alias_fallback_for_localization_links,high
20,"Weapon Mod",12,"Barrel","Ronnie B4 barrel",fc69a4a7-d482-43f1-8a0b-eefd47bd23db,3,1,24000,2.0,item_templates.alias_fallback_for_localization_links,high
20,"Weapon Mod",12,"Barrel","Sam M1911 barrel",043e44c0-3fd6-4f57-8192-d34704b8fec5,1,1,912,0.144,item_templates.alias_fallback_for_localization_links,high
20,"Weapon Mod",12,"Barrel","SAPA12 barrel",16ba9c5b-922c-4dfa-b211-4f30d480a725,3,1,1800,1.1,item_templates.alias_fallback_for_localization_links,high
20,"Weapon Mod",12,"Barrel","Shotgun_03_Barrel_02",4098fba7-33af-4f92-889c-2b1fd58937fc,2,1,5000,0.75,item_templates.alias_fallback_for_localization_links,high
20,"Weapon Mod",12,"Barrel","SMG_02_Barrel_03",03cc26cf-8aeb-4b0f-aa58-ea3715d77b0b,3,1,8000,0.8,item_templates.alias_fallback_for_localization_links,high
20,"Weapon Mod",12,"Barrel","SniperRifle_01_Barrel_02",a2b1e531-ddbb-4a68-a8ef-6768e89345ae,3,1,15000,0.7,item_templates.alias_fallback_for_localization_links,high
20,"Weapon Mod",12,"Barrel","SniperRifle_05_Barrel_01",8ac7459b-6b67-4757-88c0-21549c6ba4da,2,1,13600,1.0,item_templates.alias_fallback_for_localization_links,high
20,"Weapon Mod",12,"Barrel","Taiga-12 barrel",69690b55-c1ff-4c8c-995c-e14775976e95,3,1,2880,0.8,item_templates.alias_fallback_for_localization_links,high
20,"Weapon Mod",13,"Receiver","1A4M receiver",55d12426-6545-4f68-981a-31236c8cd0bd,3,1,4000,0.62,item_templates.alias_fallback_for_localization_links,high
20,"Weapon Mod",13,"Receiver","AssaultRifle_05_Receiver_01",512aca49-5535-4c9b-8b3d-4f51434cf6df,3,1,5719,1.4,item_templates.alias_fallback_for_localization_links,high
20,"Weapon Mod",13,"Receiver","AssaultRifle_06_Receiver_01",171cc3b7-b1de-4223-87ec-d15372baffb0,3,1,9679,1.3,item_templates.alias_fallback_for_localization_links,high
20,"Weapon Mod",13,"Receiver","DORA receiver",32d8b8a4-2227-4cfc-af0c-d475581f5517,3,1,4841,0.9,item_templates.alias_fallback_for_localization_links,high
20,"Weapon Mod",13,"Receiver","DVS receiver",d722794d-6354-4954-90ee-1728e55f2a62,3,1,12101,1.2,item_templates.alias_fallback_for_localization_links,high
20,"Weapon Mod",13,"Receiver","DVS receiver X",9e02d99b-f806-484e-8782-36863dfc0183,3,1,20000,2.0,item_templates.alias_fallback_for_localization_links,high
20,"Weapon Mod",13,"Receiver","EMERKIT SMG receiver",e137fc5d-cdbb-430b-911d-af88ffcb81f4,2,1,2500,0.45,item_templates.alias_fallback_for_localization_links,high
20,"Weapon Mod",13,"Receiver","ETA 417 receiver",17b66d0f-0994-41e7-bca4-e10e31c69192,3,1,12400,0.8,item_templates.alias_fallback_for_localization_links,high
20,"Weapon Mod",13,"Receiver","ETA 45 receiver",7c7e06a7-128c-4c88-a754-7686e04a2b2c,2,1,3000,0.6,item_templates.alias_fallback_for_localization_links,high
20,"Weapon Mod",13,"Receiver","ETA 5 receiver",a84141c7-1cfc-413f-a4e4-666822d1d78a,2,1,2750,0.45,item_templates.alias_fallback_for_localization_links,high
20,"Weapon Mod",13,"Receiver","ETA 5 receiver X",3059e2a7-232e-4684-a550-e1baf2be90fa,2,1,6000,0.452,item_templates.alias_fallback_for_localization_links,high
20,"Weapon Mod",13,"Receiver","Herstal SH receiver",995abd32-01e5-4a37-a391-f421ae70fd5c,3,1,7601,0.75,item_templates.alias_fallback_for_localization_links,high
20,"Weapon Mod",13,"Receiver","KA74 receiver",46cebdc1-a828-4666-8334-adc8d8887c5f,3,1,3960,0.56,item_templates.alias_fallback_for_localization_links,high
20,"Weapon Mod",13,"Receiver","KA74 receiver HEX",942450a3-dde2-4f9e-9a49-8afa51d237dc,3,1,10100,0.22,item_templates.alias_fallback_for_localization_links,high
20,"Weapon Mod",13,"Receiver","KA74 receiver X",cdffe083-f22b-4c7d-987a-549282cb9981,3,1,8000,0.357,item_templates.alias_fallback_for_localization_links,high
20,"Weapon Mod",13,"Receiver","KA74 upper receiver",65ec6eac-de55-4e57-b536-14359e8801ff,2,1,2000,0.36,item_templates.alias_fallback_for_localization_links,high
20,"Weapon Mod",13,"Receiver","LM39 receiver",bbb39610-943b-455c-996d-2f54b48bc367,2,1,13000,1.0,item_templates.alias_fallback_for_localization_links,high
20,"Weapon Mod",13,"Receiver","M420 receiver",bdf8b230-9908-4a73-848a-d71bc64bbe38,2,1,15000,1.3,item_templates.alias_fallback_for_localization_links,high
20,"Weapon Mod",13,"Receiver","MKP receiver",cc138130-efb9-4852-bae7-f85d3d5c94ab,2,1,14000,2.25,item_templates.alias_fallback_for_localization_links,high
20,"Weapon Mod",13,"Receiver","Oscar 590A1 receiver",f9001e5c-481c-4ab0-a34f-18c2a9165d33,2,1,2000,0.4,item_templates.alias_fallback_for_localization_links,high
20,"Weapon Mod",13,"Receiver","Oscar 590A1 receiver X",379a9b5c-f308-4e30-85c9-ab0aaee195ff,2,1,5000,0.322,item_templates.alias_fallback_for_localization_links,high
20,"Weapon Mod",13,"Receiver","PRO 90 receiver",ebb6b08b-383e-4659-b4b1-cd9acbdda0b8,2,1,4841,0.25,item_templates.alias_fallback_for_localization_links,high
20,"Weapon Mod",13,"Receiver","PRO90 KnockTurn receiver",dfc92bd1-5eff-4714-9a00-7cb6badf5a59,2,1,15580,0.7,item_templates.alias_fallback_for_localization_links,high
20,"Weapon Mod",13,"Receiver","PRO90 Mesmer receiver",f670fbdf-b84b-46c7-bcc0-ad81cea9fbc7,2,1,18200,0.33,item_templates.alias_fallback_for_localization_links,high
20,"Weapon Mod",13,"Receiver","SAPA12 receiver",43d1c529-3be5-445a-b2cf-4d89d1926152,2,1,2250,0.7,item_templates.alias_fallback_for_localization_links,high
20,"Weapon Mod",13,"Receiver","SniperRifle_01_Receiver_03",9835e4f5-b2fc-4de7-a44e-5ece6414717e,3,1,27000,2.2,item_templates.alias_fallback_for_localization_links,high
20,"Weapon Mod",13,"Receiver","SniperRifle_05_Receiver_01",245375c0-1ef8-42a8-8324-7b0cc2e7352d,2,1,17000,1.0,item_templates.alias_fallback_for_localization_links,high
20,"Weapon Mod",13,"Receiver","Taiga-12 receiver",8098a987-87e2-41ee-8b9c-9af6a990f779,2,1,3521,0.65,item_templates.alias_fallback_for_localization_links,high
20,"Weapon Mod",14,"Muzzle","1A4M FH",e20ca3bf-fb8d-4a81-9182-6d792eb2c48a,1,1,1199,0.125,item_templates.alias_fallback_for_localization_links,high
20,"Weapon Mod",14,"Muzzle","AssaultRifle_05_FlashHider_01",e24150d0-c565-49cd-8303-3f465a4230e0,1,1,2080,0.3,item_templates.alias_fallback_for_localization_links,high
20,"Weapon Mod",14,"Muzzle","AssaultRifle_06_FlashHider_01",c55428c2-f163-4de0-8ca8-5b3e90574d99,1,1,3520,0.35,item_templates.alias_fallback_for_localization_links,high
20,"Weapon Mod",14,"Muzzle","DVS FH",dbf7a0f0-b6d5-4624-a919-3868039ef36e,1,1,4400,0.11,item_templates.alias_fallback_for_localization_links,high
20,"Weapon Mod",14,"Muzzle","DVS FH X",37b81f16-cea6-4d10-a4e5-9afc3e24d77d,1,1,9300,0.137,item_templates.alias_fallback_for_localization_links,high
20,"Weapon Mod",14,"Muzzle","ETA 417 FH",f30c3e52-7223-4923-8603-4e28d471d4b5,1,1,3719,0.153,item_templates.alias_fallback_for_localization_links,high
20,"Weapon Mod",14,"Muzzle","Herstal SH FH",6a63be5a-a8be-453b-8e39-7645df3f41f7,1,1,2280,0.202,item_templates.alias_fallback_for_localization_links,high
20,"Weapon Mod",14,"Muzzle","KA74 FH",d37bc5f4-fe6f-4d43-902e-fe3661a517bf,1,1,1440,0.175,item_templates.alias_fallback_for_localization_links,high
20,"Weapon Mod",14,"Muzzle","KA74 FH X",7b954a8c-befb-4906-9215-1bdd5dcf6983,1,1,3510,0.1,item_templates.alias_fallback_for_localization_links,high
20,"Weapon Mod",14,"Muzzle","LM39 FH",56f7960b-e79d-416e-b9e1-9455feb62dae,1,1,3902,0.1,item_templates.alias_fallback_for_localization_links,high
20,"Weapon Mod",14,"Muzzle","M420 FH",9016bfe8-b42a-4d4c-83b7-61cb1dd699d9,1,1,4498,0.12,item_templates.alias_fallback_for_localization_links,high
20,"Weapon Mod",14,"Muzzle","MKP FH",db6ff2a1-9204-432e-9477-24332c3821b6,1,1,4200,0.1,item_templates.alias_fallback_for_localization_links,high
20,"Weapon Mod",14,"Muzzle","PRO 90 FH",c18b0aae-ce6a-42c9-9d9c-c4cbc3e811b0,1,1,1760,0.1,item_templates.alias_fallback_for_localization_links,high
20,"Weapon Mod",14,"Muzzle","Ronnie B4 flash hider",56bd8a68-c89d-4054-80f0-812efe86eaca,2,1,12000,0.4,item_templates.alias_fallback_for_localization_links,high
20,"Weapon Mod",14,"Muzzle","Taiga-12 FH",3c58fa36-0e88-45d8-aeaf-91584b90b5ae,1,1,1280,0.2,item_templates.alias_fallback_for_localization_links,high
20,"Weapon Mod",15,"Rifle Stock","Eliphalet 700 rifle stock",aefed1bb-2f30-4d5e-b0d7-2379ad30e475,4,1,5981,0.65,item_templates.alias_fallback_for_localization_links,high
20,"Weapon Mod",15,"Rifle Stock","Eliphalet 700 rifle stock X",8a39a623-298a-4b0c-97b9-6cedc04bc0c7,4,1,24830,0.53,item_templates.alias_fallback_for_localization_links,high
20,"Weapon Mod",15,"Rifle Stock","Neckar SR93 rifle stock",03abefff-f395-47b5-bd66-7ad7561d9bcb,4,1,20391,2.2,item_templates.alias_fallback_for_localization_links,high
20,"Weapon Mod",15,"Rifle Stock","Neckar SR93 rifle stock X",e311257e-0765-42a1-bd59-56e90c5eba22,4,1,32760,1.7,item_templates.alias_fallback_for_localization_links,high
20,"Weapon Mod",15,"Rifle Stock","Ramon 1891 rifle stock",a916c0b5-7aab-447b-b744-d2cf24037e09,4,1,12234,2.5,item_templates.alias_fallback_for_localization_links,high
20,"Weapon Mod",15,"Rifle Stock","Ramon 1891 rifle stock X",3f4f3bab-3387-4efd-9d96-55040b898020,4,1,23000,2.1,item_templates.alias_fallback_for_localization_links,high
20,"Weapon Mod",15,"Rifle Stock","Ronnie B4 rifle stock",92d4d4fd-88a4-4e4e-b60d-8c38b898a457,6,2,30000,2.3,item_templates.alias_fallback_for_localization_links,high
20,"Weapon Mod",15,"Rifle Stock","SniperRifle_04_RifleStock_03",b16ef76f-e44a-4f94-bb4f-20cb45737c22,4,1,28000,2.0,item_templates.alias_fallback_for_localization_links,high
20,"Weapon Mod",15,"Rifle Stock","SniperRifle_04_RifleStock_04",b2afd4b9-b64c-453b-9d5b-1036c31f5c62,4,1,40000,1.1,item_templates.alias_fallback_for_localization_links,high
20,"Weapon Mod",16,"Slide","EMERKIT Pistol slide",fa7e1394-910d-41e4-99c3-c6474de9a498,2,1,870,0.25,item_templates.alias_fallback_for_localization_links,high
20,"Weapon Mod",16,"Slide","Gaston 17 slide",4abf91ad-a2a8-47ff-a22e-1dff2de5e5d5,2,1,952,0.2,item_templates.alias_fallback_for_localization_links,high
20,"Weapon Mod",16,"Slide","Gaston 17 slide X",68cfd43c-0bba-4f93-96b0-4852e3278236,2,1,2050,0.235,item_templates.alias_fallback_for_localization_links,high
20,"Weapon Mod",16,"Slide","Herstal 57 slide",b296a025-d0a4-451f-981d-23fcffcd9879,2,1,1767,0.2,item_templates.alias_fallback_for_localization_links,high
20,"Weapon Mod",16,"Slide","Herstal 57 slide X",066321bc-ebf4-4011-8811-d0d73ddfc15d,2,1,3000,0.165,item_templates.alias_fallback_for_localization_links,high
20,"Weapon Mod",16,"Slide","Sam M1911 slide",28f87ad3-6524-44be-af6e-26dc917cbf09,2,1,1088,0.25,item_templates.alias_fallback_for_localization_links,high
20,"Weapon Mod",16,"Slide","Sam M1911 slide X",c9fd1c0c-ce4a-4e63-9f02-2d3182ad06b5,2,1,2900,0.15,item_templates.alias_fallback_for_localization_links,high
20,"Weapon Mod",28,"Grip","LM39 grip",83d0cd25-2be8-4ef0-9bb1-88de21729303,1,1,5200,0.45,item_templates.alias_fallback_for_localization_links,high
20,"Weapon Mod",28,"Grip","M420 grip",68334b7f-4e48-41b7-80e7-d77e16be4649,1,1,6000,1.1,item_templates.alias_fallback_for_localization_links,high
20,"Weapon Mod",28,"Grip","MKP grip",adf9aa59-692f-4c91-b009-192d5b539c30,1,1,5600,0.35,item_templates.alias_fallback_for_localization_links,high
20,"Weapon Mod",30,"Collimator sight","AIMBOT",86454eec-84a2-4623-b2f0-bfba7a14d30d,1,1,1500,0.2,Items_en.m_TableData,high
20,"Weapon Mod",30,"Collimator sight","FRAG",c1f7cb60-80e1-4a19-9177-a11efc70b4af,1,1,1800,0.3,Items_en.m_TableData,high
20,"Weapon Mod",30,"Collimator sight","KP7",02bd87e5-e7fa-4d76-80b8-f15f2df2d248,1,1,1700,0.3,Items_en.m_TableData,high
20,"Weapon Mod",30,"Collimator sight","MRAS",c122feae-e20f-4b13-acc2-2816e8174f0d,1,1,2000,0.3,Items_en.m_TableData,high
20,"Weapon Mod",30,"Collimator sight","SHARINGUN",ecdf5f38-60d6-4798-a4ac-4e1388583e89,1,1,2200,0.4,Items_en.m_TableData,high
20,"Weapon Mod",30,"Collimator sight","TPS1",ca6e3e1f-35eb-491a-ba7e-46aad68b01d6,1,1,1400,0.2,Items_en.m_TableData,high
20,"Weapon Mod",54,"Heavy weapon","Janitor GAV mag",19359987-2be5-41b2-8be7-d8c8ae01ccd6,2,2,1875,0.8,item_templates.alias,high
20,"Weapon Mod",74,"Muzzle","PRO90 long barrel",cd25157b-6156-4545-8044-e749b9c17a48,3,1,7000,0.5,item_templates.alias_fallback_for_localization_links,high
21,"Money",,"","Credits",cb567810-cc82-424f-893f-299c704ffb12,1,1,,0.0001,Items_en.m_TableData,high
22,"Case",46,"Key holder","Keyholder",83851a2f-728f-4052-9b65-2f3e9f5b0ddb,1,1,5000,0.2,Items_en.m_TableData,high
22,"Case",47,"Case","Aid Kit Box",27618756-432d-4595-a756-e82a7a8bc97e,3,3,28000,10.0,Items_en.m_TableData,high
22,"Case",47,"Case","Ammo Box",dbd3de0b-2917-444f-87dc-9385bf233a90,2,2,20000,5.0,Items_en.m_TableData,high
22,"Case",47,"Case","Cosmetics Case",cc56755a-0ba4-4d93-9aa1-7950ab08d434,2,2,200000,5.0,Items_en.m_TableData,high
22,"Case",47,"Case","EMERKIT storage box",eb80bb95-154a-4d52-91c8-3e5e307387f1,4,3,50000,15.0,Items_en.m_TableData,high
22,"Case",47,"Case","Item box",fa6a54bf-42ec-48f9-bca9-9c6c06ba2c14,5,4,200000,20.0,Items_en.m_TableData,high
22,"Case",47,"Case","Money Box",4345a530-bd80-4844-b1bd-f0a1da5c46ba,2,2,10000,5.0,Items_en.m_TableData,high
22,"Case",47,"Case","Rifle case",f5ec92b3-85f2-465a-91f8-ed8c1f72f0bc,4,2,124000,3.5,Items_en.m_TableData,high
22,"Case",78,"Safe Box","Safe Box Basic",897ca2ec-eba8-4fdd-b03f-3325804a81b9,2,2,,0.5,Items_en.m_TableData,high
22,"Case",78,"Safe Box","Safe Box I",fbfff175-d3e1-4bf3-ab0e-2cb29ef1d048,2,2,,0.5,Items_en.m_TableData,high
22,"Case",78,"Safe Box","Safe Box II",a6c2b2e0-d3a3-478c-bbbe-10faf6a99eab,2,2,,0.5,Items_en.m_TableData,high
22,"Case",78,"Safe Box","Safe Box III",4a90df7f-2bba-478b-b5ae-553aeba4d944,2,2,,0.5,Items_en.m_TableData,high
23,"Key",41,"Keycard","_OBSOLETE_Boss office key card",bcd5b67a-f0c4-4531-a00f-2552085b48fa,1,1,25000,0.01,item_templates.alias,high
23,"Key",85,"","Broken key",f966436c-330e-481c-ad8b-190c969ddc5f,1,1,,0.2,Items_en.m_TableData,high
23,"Key",85,"","DEMO_Key_Warehouse_Logistics_Basement_MainEntrance",4a94b359-5f38-4594-964b-34bf86237731,1,1,,0.05,item_templates.alias,high
23,"Key",85,"","DEMO_Key_Warehouse_SecurityControl",c4a6b9f5-4bfa-4e08-90bb-48202972f4ed,1,1,,0.05,item_templates.alias,high
23,"Key",99,"Lockpick","Lockpick_01",fd72a971-80d2-4dd3-9d56-22dbbd066642,1,1,300,0.01,item_templates.alias,high
23,"Key",,"","_OBSOLETE_Basement key 3",6077cfb5-ab25-4428-973b-6cb84f6bbe69,1,1,3000,0.05,item_templates.alias,high
23,"Key",,"","_OBSOLETE_Door key mini office",38b50584-237f-479c-99d0-abf62532d10d,1,1,20000,0.05,item_templates.alias,high
23,"Key",,"","Key_Bunker_Level00_Electrical_E",819fe897-6c40-4fc8-99ac-57bb0a38bf24,1,1,1000,0.05,item_templates.alias,high
23,"Key",,"","Key_Bunker_Level00_Electrical_W",f3410403-d442-4ac2-b6a5-021fa439f36c,1,1,1000,0.05,item_templates.alias,high
23,"Key",,"","Key_Bunker_Level00_Janitor",7061f12e-75a7-4d8c-b9dd-a9c318549b8d,1,1,1000,0.05,item_templates.alias,high
23,"Key",,"","Key_Bunker_Level00_LostAndFound",afd35d08-ea87-4718-a915-54763f7f63a5,1,1,1000,0.08,item_templates.alias,high
23,"Key",,"","Key_Bunker_Level00_Maintenance_NW",0c74d0a9-15c5-474d-90bd-3f6cd6af7994,1,1,1000,0.08,item_templates.alias,high
23,"Key",,"","Key_Bunker_Level00_Maintenance_SE",f02bae46-5d3c-4ad6-92c2-e3aa41e5f523,1,1,1000,0.08,item_templates.alias,high
23,"Key",,"","Key_Bunker_Level00_Room_04_Archive",f5838455-374d-48f3-abd7-fc2bdf77afba,1,1,1000,0.05,item_templates.alias,high
23,"Key",,"","Key_Bunker_Level00_Room_05_SecurityChief",5b11da33-6aa1-468b-8735-98712dd3a9f5,1,1,1000,0.05,item_templates.alias,high
23,"Key",,"","Key_Bunker_Level00_Room_07_Armory",980e3f47-5504-477d-a327-5384950055b5,1,1,1000,0.05,item_templates.alias,high
23,"Key",,"","Key_Bunker_Level00_Room_12_CopierRoom_E",e515294c-ff82-4c8d-9426-bbd2e99643b5,1,1,1000,0.08,item_templates.alias,high
23,"Key",,"","Key_Bunker_Level00_Room_14_SpecialOperations",3cc838e7-0bb5-4868-b7e3-242fc97841e1,1,1,1000,0.05,item_templates.alias,high
23,"Key",,"","Key_Bunker_Level00_Room_15_Surveillance",b7e4cb2d-6736-4c82-b1b1-c243fa9e516a,1,1,1000,0.05,item_templates.alias,high
23,"Key",,"","Key_Bunker_Level00_Stall",d8e5d5d2-69a4-4c65-84b3-3e7fc8e1ea6e,1,1,1000,0.08,item_templates.alias,high
23,"Key",,"","Key_Dev_MasterKey",2ad27ee9-bf0b-47d7-b44b-b229a8d251a6,1,1,1,0.08,item_templates.alias,high
23,"Key",,"","Key_Port_CentralCargoStorage_3F_Stairs_E",8aea1ce5-d50b-43f5-ba26-80e9108f516d,1,1,100,0.05,item_templates.alias,high
23,"Key",,"","Key_Port_CentralCargoStorage_3F_Stairs_NW",f11152bd-97a7-443f-9c00-a158d4e1b561,1,1,100,0.05,item_templates.alias,high
23,"Key",,"","Key_Port_CentralCargoStorage_Restroom",dd2851e4-bbd6-4765-8b37-b3e0a371bcf7,1,1,100,0.05,item_templates.alias,high
23,"Key",,"","Key_Port_CoastGuardBay_CoastGuardHouse_E",bb0ad5c5-d138-409e-8e47-451c8266781c,1,1,100,0.05,item_templates.alias,high
23,"Key",,"","Key_Port_FuelReserveMaintenanceTunnels_GasStorage",bdd46602-c593-45c3-9133-d4fa3640c55d,1,1,100,0.08,item_templates.alias,high
23,"Key",,"","Key_Port_FuelStorage_InventoryClerk",ad851ae1-96cd-402c-9373-39b67cb20b9f,1,1,100,0.05,item_templates.alias,high
23,"Key",,"","Key_Port_GeologicFieldStation",094389bd-0201-434b-aab3-2af58deac5f7,1,1,100,0.05,item_templates.alias,high
23,"Key",,"","Key_Port_LoadingAreaAdministration_Communications",d525b466-8a7a-46f4-8869-57941d764abb,1,1,100,0.08,item_templates.alias,high
23,"Key",,"","Key_Port_LoadingAreaAdministration_Entrance_Stairs",73292b56-7b67-461d-96c2-529550fa91f9,1,1,100,0.08,item_templates.alias,high
23,"Key",,"","Key_Port_LoadingAreaAdministration_Maintenance",5cd79e64-f0c6-4656-9aa2-11660f7451c0,1,1,100,0.08,item_templates.alias,high
23,"Key",,"","Key_Port_LoadingAreaAdministration_QualityControl",d4744eac-fa1b-45bf-89ce-14a919c90feb,1,1,100,0.08,item_templates.alias,high
23,"Key",,"","Key_Port_LoadingAreaAdministration_Registrations",fb12431a-8f19-4b1e-9678-749b21049b1f,1,1,100,0.08,item_templates.alias,high
23,"Key",,"","Key_Port_Logistics_Basement",917e09f1-ba60-4e37-92e8-df199163214c,1,1,100,0.05,item_templates.alias,high
23,"Key",,"","Key_Port_Logistics_Checkpoint_NE",440b3fe9-8ee0-41af-ba88-9ee13d4b4bec,1,1,100,0.05,item_templates.alias,high
23,"Key",,"","Key_Port_Logistics_Checkpoint_NW",396458cc-55e7-4eb0-a550-4b56d5e6029f,1,1,100,0.05,item_templates.alias,high
23,"Key",,"","Key_Port_Logistics_Checkpoint_S",31213172-b75d-461e-b6bc-3105f0eb2a48,1,1,100,0.05,item_templates.alias,high
23,"Key",,"","Key_Port_Logistics_Checkpoint_SE",52f54254-9871-4f8d-b7f4-20759cd4d29f,1,1,100,0.05,item_templates.alias,high
23,"Key",,"","Key_Port_Logistics_CheckpointBooth_NE",7c1b65cf-30d9-4770-bcd7-0a2a16566fab,1,1,100,0.05,item_templates.alias,high
23,"Key",,"","Key_Port_Logistics_CheckpointBooth_NW",ef58b782-051d-49f2-a964-36978eb805c3,1,1,100,0.05,item_templates.alias,high
23,"Key",,"","Key_Port_Logistics_Distribution",57afaf2c-01e5-460b-933f-0aa6e6f2cb2a,1,1,100,0.05,item_templates.alias,high
23,"Key",,"","Key_Port_Logistics_PackagingStorage",56f8fda3-a74b-44e5-a81c-9051325db082,1,1,100,0.05,item_templates.alias,high
23,"Key",,"","Key_Port_Logistics_SecurityRoom_Parking",4934e722-10b8-43b0-ab36-50b8935e7393,1,1,100,0.08,item_templates.alias,high
23,"Key",,"","Key_Port_Logistics_SecurityRoom_SE",9be34d16-9635-4c4d-902a-932a5f99a9fa,1,1,100,0.08,item_templates.alias,high
23,"Key",,"","Key_Port_Logistics_Sorting",f5b0d73b-f72f-48d1-a897-cccaee15176e,1,1,100,0.05,item_templates.alias,high
23,"Key",,"","Key_Port_Logistics_TemporaryStorage",ba9069df-c0e7-4214-b89c-c876c48a45cc,1,1,100,0.05,item_templates.alias,high
23,"Key",,"","Key_Port_MachineShopB_Storage",59cf62dc-5fe5-40c2-b717-90d99fc7b017,1,1,100,0.05,item_templates.alias,high
23,"Key",,"","Key_Port_MainDocks_SpecialCargo",6874b818-68aa-4492-bbb5-ed284666fe89,1,1,100,0.08,item_templates.alias,high
23,"Key",,"","Key_Port_ParkingGarage_Manager",a03d7355-80c9-4571-b685-4594d94f2f31,1,1,100,0.05,item_templates.alias,high
23,"Key",,"","Key_Port_ParkingGarage_Security",e049debd-c596-4133-b565-8b822a3bbcd5,1,1,100,0.05,item_templates.alias,high
23,"Key",,"","Key_Port_PortAdministration_Accounting",2896b559-5096-4f04-a655-82a0ed7baa88,1,1,100,0.05,item_templates.alias,high
23,"Key",,"","Key_Port_PortAdministration_ITSupport",2bcde773-74f2-4000-87c3-8d39b5a7b770,1,1,100,0.05,item_templates.alias,high
23,"Key",,"","Key_Port_PortAdministration_LostAndFound",7702f7c9-e646-4aad-b132-b8628d7f148d,1,1,100,0.05,item_templates.alias,high
23,"Key",,"","Key_Port_PortAdministration_Manager",5845f48a-bf81-4e58-ac44-6be204d80496,1,1,100,0.05,item_templates.alias,high
23,"Key",,"","Key_Port_PortAdministration_Stairs",eae14b76-a563-4bfd-b842-baa4e4ab5d73,1,1,100,0.05,item_templates.alias,high
23,"Key",,"","Key_Port_SandReserveMaintenanceTunnels_Electrical",50c14ca0-adba-4e35-aaf3-1cfcaf274519,1,1,100,0.05,item_templates.alias,high
23,"Key",,"","Key_Port_SandReserveMaintenanceTunnels_Stockroom_B",7b8cc137-de58-4600-a98e-75b17d654d39,1,1,100,0.05,item_templates.alias,high
23,"Key",,"","Key_Port_SandReserveMaintenanceTunnels_UtilityMaintenance",44fa6746-7a31-478e-81c7-f0a34b061cbc,1,1,100,0.05,item_templates.alias,high
23,"Key",,"","Key_Port_Ship_Bridge",6ae85c11-9cbf-4643-aaa0-6f742dea51c4,1,1,100,0.08,item_templates.alias,high
23,"Key",,"","Key_Port_Ship_Maintenance_E",bfe1dc7f-5d07-48ca-a80c-bab260388d99,1,1,100,0.08,item_templates.alias,high
23,"Key",,"","Key_Port_Ship_Maintenance_W",119bfd35-395b-48bb-8a40-131be8124b57,1,1,100,0.08,item_templates.alias,high
23,"Key",,"","Key_Port_Substation_Maintenance_B",27eab967-cd73-464c-84ec-b68b2857b7c1,1,1,100,0.05,item_templates.alias,high
23,"Key",,"","Key_Port_WaterPurification_Chief",d58a2790-d5a9-495f-9f67-72dd4969e008,1,1,100,0.05,item_templates.alias,high
23,"Key",,"","Key_Port_WaterPurification_SecurityRoom",0adadfe8-c3bf-4565-b99c-4d2ab5392278,1,1,100,0.05,item_templates.alias,high
23,"Key",,"","Key_Warehouse_CargoStorageC_InventoryClerk",4003b962-f553-4032-b83e-d9f99e2b3345,1,1,100,0.05,item_templates.alias,high
23,"Key",,"","Key_Warehouse_CargoStorageD_Supervisor",a390b113-9e19-41b0-96f5-cc482b443b65,1,1,100,0.05,item_templates.alias,high
23,"Key",,"","Key_Warehouse_Electrical",88c6a32a-85a6-4fa2-9e96-3b7b17abac40,1,1,100,0.05,item_templates.alias,high
23,"Key",,"","Key_Warehouse_Logistics_Basement_BackEntrance",8bc47367-29ad-4db5-9a13-d5b06a4ebe12,1,1,100,0.05,item_templates.alias,high
23,"Key",,"","Key_Warehouse_Logistics_Basement_MainEntrance",2472cfae-0f4c-4de1-bdd8-25b53751e61f,1,1,100,0.05,item_templates.alias,high
23,"Key",,"","Key_Warehouse_QuarantineBay_ControlRoom",7c5908e3-f519-4a77-bd06-e0242bc3376d,1,1,100,0.05,item_templates.alias,high
23,"Key",,"","Key_Warehouse_QuarantineGate",84905e18-27e0-4e21-861b-09ad645683b7,1,1,100,0.05,item_templates.alias,high
23,"Key",,"","Key_Warehouse_ReceivingBay_SpecialExit_Annex",978f498d-7ba4-475d-88a9-462be2d68d22,1,1,100,0.05,item_templates.alias,high
23,"Key",,"","Key_Warehouse_SecurityControl",8b3db90b-f67b-4050-987e-b1772a17ba62,1,1,100,0.05,item_templates.alias,high
23,"Key",,"","Key_Warehouse_SecurityRoom_Armory",9789377a-fab4-4a01-a5d1-bdeeeb74fc92,1,1,100,0.08,item_templates.alias,high
23,"Key",,"","Key_Warehouse_TemporaryStorage_AdministrationAndTransitOffices_EmployeeStairs",6c47d1ea-a09d-42d5-bf02-9dfb189c8bca,1,1,100,0.05,item_templates.alias,high
23,"Key",,"","Key_Warehouse_TemporaryStorage_AdministrationAndTransitOffices_FireExit",8f19d387-b028-4e07-85fe-66f365e2c5dc,1,1,100,0.05,item_templates.alias,high
23,"Key",,"","Key_Warehouse_TemporaryStorage_AdministrationAndTransitOffices_Manager",297a47cf-a3ad-488d-b93f-41e808ffda76,1,1,100,0.05,item_templates.alias,high
23,"Key",,"","Key_Warehouse_TemporaryStorage_AdministrationAndTransitOffices_Records",c04753bc-5a94-41e3-b00d-07ded76858d1,1,1,100,0.05,item_templates.alias,high
23,"Key",,"","Key_Warehouse_UtilityDiagnostics_Systems",365409cf-ca8d-4440-9223-8a704142683b,1,1,100,0.05,item_templates.alias,high
23,"Key",,"","Key_WH_Basement_TechRoom",8ae204d9-0004-4a19-88dc-befb4d65f20a,1,1,100,0.08,item_templates.alias,high
24,"",36,"Angle Grinder","Grinder",08c93f9a-6059-41e6-8e74-aeb038e3a53c,3,2,20000,5.0,Items_en.m_TableData,high
24,"",102,"Shield","BARS-3",dcb1ee64-6524-4cbb-975c-04c1514692af,3,4,10000,5.0,Items_en.m_TableData,high
24,"",102,"Shield","Police shield",3d7b2d30-b205-42dd-ba70-00c6135bc7bc,3,4,5000,2.0,Items_en.m_TableData,high
26,"",54,"Heavy weapon","Droid Boss - Janitor",dad65ed7-503d-4c2c-abe3-33694e0c210a,1,1,,,item_templates.alias,high
26,"",54,"Heavy weapon","Helicopter_01",c0d5bf79-331f-49d9-8220-3451641f6449,1,1,,,item_templates.alias,high
26,"",76,"","Enforcer_01",0f96a099-2251-4ec0-85cb-e7db93647063,1,1,,,item_templates.alias,high
26,"",76,"","Hoarder_01",949103e9-579a-4a5a-bab8-24571917ca0d,1,1,,,item_templates.alias,high
26,"",76,"","Hoarder_02",dbdbaaf5-4463-43f9-8612-b615951f27e5,1,1,,,item_templates.alias,high
26,"",76,"","Hoarder_03",3ab69b75-047f-4293-b352-391537c901d7,1,1,,,item_templates.alias,high
26,"",76,"","Monster_BodyParts_BaseTemplate",8eb69666-5a6d-4ff1-8091-7e94643747da,1,1,,,item_templates.alias,high
26,"",76,"","Rookie_01",cc46b513-2b8e-484e-932a-c07cd1425318,1,1,,,item_templates.alias,high
26,"",76,"","SWAT_01",a124c0c4-fbc8-47e2-bd2f-aac3f3657ddd,1,1,,,item_templates.alias,high
26,"",76,"","Trashooter_01",333cec89-d292-4af8-a93f-8272c9bbb8e0,1,1,,,item_templates.alias,high
26,"",76,"","Turret_01",727c0b2a-a649-4333-ac88-09112303815e,1,1,,,item_templates.alias,high
26,"",76,"","Zombie_01",77ecb094-cbf5-4897-9f74-3ac4b1334d42,1,1,,,item_templates.alias,high
26,"",76,"","Zombie_02",d4a90f87-fe54-40a3-bd04-92b3976f3e0a,1,1,,,item_templates.alias,high
26,"",87,"<color=#ffffff>NPC</color>","NPC_Peddler",419ff900-4966-4bd0-8b76-e3aef27d526f,1,1,,,item_templates.alias,high
26,"",87,"<color=#ffffff>NPC</color>","NPC_Pedlar",8494f671-ad29-4b78-b657-f8bac1443f09,1,1,,,item_templates.alias,high
26,"",,"","Droid 01 - Hunter",b4149a55-0e3a-4349-9486-2fc327726860,1,1,,,item_templates.alias,high
26,"",,"","Droid 01 - Rusted",11efe6ff-5694-468f-b2ca-57a864c5ff5e,1,1,,,item_templates.alias,high
26,"",,"","QuestHoarder_01",79804392-a7de-40a9-af87-77c18b187cc5,1,1,,,item_templates.alias,high
27,"",42,"","Door",ce68fd38-8def-4571-9558-76904f12741c,1,1,,,Items_en.m_TableData,high
27,"",42,"","Door_Common_Accounting",ba4f1bc7-4514-484a-ad6b-0e67db5c7432,1,1,,,item_templates.alias,high
27,"",42,"","Door_Common_Annex",83be4f4f-8ee2-44dd-b697-bc678b5223fa,1,1,,,item_templates.alias,high
27,"",42,"","Door_Common_AnnexStorage",45b617fc-94df-41db-a95f-63d6aa24da27,1,1,,,item_templates.alias,high
27,"",42,"","Door_Common_Archive",07aa02c3-d3ae-4bac-ab6e-96bec38c3379,1,1,,,item_templates.alias,high
27,"",42,"","Door_Common_Armory",7a12be0e-9a4f-4899-8cba-fa8aed2fb079,1,1,,,item_templates.alias,high
27,"",42,"","Door_Common_BackEntrance",e7b5dd43-4478-4a91-b14a-76a7d8622ae3,1,1,,,item_templates.alias,high
27,"",42,"","Door_Common_Basement",2ac0b8ef-d96b-42c6-a94f-4b689660f19d,1,1,,,item_templates.alias,high
27,"",42,"","Door_Common_BreakRoom",c3e22a22-c70c-42d8-9309-2f13617af0f1,1,1,,,item_templates.alias,high
27,"",42,"","Door_Common_Checkpoint_NE",9adb4f5a-3981-4955-befe-358094241ff4,1,1,,,item_templates.alias,high
27,"",42,"","Door_Common_Checkpoint_NW",88e7a543-a0fb-4c6f-8957-ad92f0f3aca3,1,1,,,item_templates.alias,high
27,"",42,"","Door_Common_Checkpoint_S",99b3572f-b9d7-445f-916c-1ec6b2501a55,1,1,,,item_templates.alias,high
27,"",42,"","Door_Common_Checkpoint_SE",4de0cfd2-a459-4b35-946a-f12f5819e1c7,1,1,,,item_templates.alias,high
27,"",42,"","Door_Common_CheckpointBooth_NE",34a98b25-e7dd-45d8-b123-67643278f658,1,1,,,item_templates.alias,high
27,"",42,"","Door_Common_CheckpointBooth_NW",4a871c85-8649-4498-9bfb-a7339a96d8df,1,1,,,item_templates.alias,high
27,"",42,"","Door_Common_Chief",2319cc8c-375e-4cbd-896e-03cfb51ef9cc,1,1,,,item_templates.alias,high
27,"",42,"","Door_Common_Communications",fa204e30-2743-4c5e-b8db-4087f90ee5e0,1,1,,,item_templates.alias,high
27,"",42,"","Door_Common_ControlRoom",9714d56d-c501-4765-9a07-0a53d753e5b6,1,1,,,item_templates.alias,high
27,"",42,"","Door_Common_CopierRoom_E",8063647a-9971-4ee2-b2da-5dcb37df4ca1,1,1,,,item_templates.alias,high
27,"",42,"","Door_Common_CopierRoom_W",7073e773-650a-4069-9991-a89daa913f0e,1,1,,,item_templates.alias,high
27,"",42,"","Door_Common_Distribution",bbb54481-ed1a-4b68-9144-c7df1d51b095,1,1,,,item_templates.alias,high
27,"",42,"","Door_Common_Electrical",6422074a-4e5e-4779-b380-813fffad8022,1,1,,,item_templates.alias,high
27,"",42,"","Door_Common_Electrical_E",6c2aa3bc-0fa4-4284-83d4-daa207e88072,1,1,,,item_templates.alias,high
27,"",42,"","Door_Common_Electrical_W",9387873e-0786-4514-bab6-da554d54b34c,1,1,,,item_templates.alias,high
27,"",42,"","Door_Common_EmployeeStairs",80dec2a4-d34f-4146-a672-8ec8d7167ad2,1,1,,,item_templates.alias,high
27,"",42,"","Door_Common_Exit",07e90cdf-05cd-470c-96f7-93d807e9b4c1,1,1,,,item_templates.alias,high
27,"",42,"","Door_Common_FireExit",10c583b7-1a6b-4dd6-9825-264941ed589b,1,1,,,item_templates.alias,high
27,"",42,"","Door_Common_Floor_02",84b32b85-0bc6-46ae-93c2-31f30738792a,1,1,,,item_templates.alias,high
27,"",42,"","Door_Common_Floor_03",c89bcf64-09f8-421a-8a04-a885a4fb0654,1,1,,,item_templates.alias,high
27,"",42,"","Door_Common_Floor_04",85dd177f-0007-42f0-b74f-6bcc32de8e51,1,1,,,item_templates.alias,high
27,"",42,"","Door_Common_GasStorage",7a9532a5-b404-49ab-a59b-92c783be333c,1,1,,,item_templates.alias,high
27,"",42,"","Door_Common_InventoryClerk",e66db7b2-fc87-427b-ba95-912fd31cb209,1,1,,,item_templates.alias,high
27,"",42,"","Door_Common_ITSupport",e04cafa5-9594-4789-8e77-353e41db6681,1,1,,,item_templates.alias,high
27,"",42,"","Door_Common_Janitor",5b37150b-6026-4992-828d-2efc3c798fc1,1,1,,,item_templates.alias,high
27,"",42,"","Door_Common_LoadingArea",5178c1ea-5010-49f3-b91d-bbab97f7c6ba,1,1,,,item_templates.alias,high
27,"",42,"","Door_Common_LockerRoom",abdc3862-040f-47e1-ac4d-fcf6daa05948,1,1,,,item_templates.alias,high
27,"",42,"","Door_Common_LogisticsManagersOffice",d380009c-abb0-4921-8f5f-a1d3c66b1df9,1,1,,,item_templates.alias,high
27,"",42,"","Door_Common_LostAndFound",d09ec04c-a6f0-41d2-949c-70f45e340c5e,1,1,,,item_templates.alias,high
27,"",42,"","Door_Common_MainEntrance",e38397a9-2d36-49ae-96c5-f2fae9fd843f,1,1,,,item_templates.alias,high
27,"",42,"","Door_Common_Maintenance",338b1964-e029-46dd-989b-a6b4ecb4da05,1,1,,,item_templates.alias,high
27,"",42,"","Door_Common_Maintenance_B",beedd0e1-e9ab-4881-a8ea-217d6701fdd2,1,1,,,item_templates.alias,high
27,"",42,"","Door_Common_Maintenance_E",5994a661-1ec2-4dd4-a581-509459d5ecd9,1,1,,,item_templates.alias,high
27,"",42,"","Door_Common_Maintenance_NW",c639b1fd-2c84-48fd-9995-cda2b287d227,1,1,,,item_templates.alias,high
27,"",42,"","Door_Common_Maintenance_SE",cb884004-6b4a-4ddb-9ac6-2914ed0d6da5,1,1,,,item_templates.alias,high
27,"",42,"","Door_Common_Maintenance_W",66c9b659-d24e-4059-83c8-54ffe26bc79d,1,1,,,item_templates.alias,high
27,"",42,"","Door_Common_MaintenanceTunnel",a5dee608-9a8b-4c06-a930-bf86af2cb58f,1,1,,,item_templates.alias,high
27,"",42,"","Door_Common_Manager",ddd96d17-e8e3-4a6c-87c8-e00b521dada2,1,1,,,item_templates.alias,high
27,"",42,"","Door_Common_Managerial",1365116a-01cf-4d22-8e28-664448311f72,1,1,,,item_templates.alias,high
27,"",42,"","Door_Common_OfficeSuppliesStorage_E",c29e06c2-f7af-4fff-a06c-f3cae2546fd0,1,1,,,item_templates.alias,high
27,"",42,"","Door_Common_OfficeSuppliesStorage_W",447db2e9-df67-4520-b8b6-06c4901f87c9,1,1,,,item_templates.alias,high
27,"",42,"","Door_Common_Operations",c29e8a77-5525-4e65-baf4-3eaa1ca1cb44,1,1,,,item_templates.alias,high
27,"",42,"","Door_Common_Orientation",e0371f98-88f6-47c3-9081-13dd7188f4d7,1,1,,,item_templates.alias,high
27,"",42,"","Door_Common_PackagingStorage",2e310207-41ce-4dd7-96dd-a860b743eb7f,1,1,,,item_templates.alias,high
27,"",42,"","Door_Common_Parking",c51d4d81-ead4-448c-963b-4dd3fd90c6bb,1,1,,,item_templates.alias,high
27,"",42,"","Door_Common_PeripheryServiceStorage",7408c591-5f03-4009-bf37-be0348c7318c,1,1,,,item_templates.alias,high
27,"",42,"","Door_Common_PumpControl",ef4a5be7-24b8-4441-b393-0f15bcdbcf4b,1,1,,,item_templates.alias,high
27,"",42,"","Door_Common_QualityControl",f73244b8-1fef-4f04-900e-18c84300a5b2,1,1,,,item_templates.alias,high
27,"",42,"","Door_Common_ReceivingClerksOffice",255968b5-cc7e-45ff-a7e7-d26f947e5907,1,1,,,item_templates.alias,high
27,"",42,"","Door_Common_Records",6584230d-ef6e-4eb5-b1fd-76f88047634c,1,1,,,item_templates.alias,high
27,"",42,"","Door_Common_Registrations",02c82ceb-1966-4b92-9c02-6a0034df7ad6,1,1,,,item_templates.alias,high
27,"",42,"","Door_Common_Restroom",9b42fba8-9653-4639-9358-3ae32ffe558d,1,1,,,item_templates.alias,high
27,"",42,"","Door_Common_Security",f4b199fb-9416-4443-8612-8bc6dd1dcd48,1,1,,,item_templates.alias,high
27,"",42,"","Door_Common_Security_Parking",13eb7be4-2928-4a0d-9506-aad98a49176b,1,1,,,item_templates.alias,high
27,"",42,"","Door_Common_Security_SE",38d8f478-0712-45ec-8ae1-9eab3e4c1167,1,1,,,item_templates.alias,high
27,"",42,"","Door_Common_SecurityChief",8408a22a-350e-48bd-b096-93e3d7cbe2f7,1,1,,,item_templates.alias,high
27,"",42,"","Door_Common_ServiceShop",9746d23a-2c07-4531-8d67-1f6ee9ad89b6,1,1,,,item_templates.alias,high
27,"",42,"","Door_Common_ServiceStorage",3846d4f1-eed7-465b-80c2-c4fdef58c65f,1,1,,,item_templates.alias,high
27,"",42,"","Door_Common_ServiceStorage_A",4eb0d570-0ec2-4594-b018-86cbde27990a,1,1,,,item_templates.alias,high
27,"",42,"","Door_Common_ServiceStorage_B",573aa306-1864-41cb-bc30-b624403dc431,1,1,,,item_templates.alias,high
27,"",42,"","Door_Common_SewerAccess",7c63c4ea-0761-428f-b571-4b539d6e7577,1,1,,,item_templates.alias,high
27,"",42,"","Door_Common_Sorting",4abb0f0b-5745-4c1f-ab21-eca73df14ea3,1,1,,,item_templates.alias,high
27,"",42,"","Door_Common_SpecialCargo",28cd9b13-47fd-415c-a0f2-5c7b84097620,1,1,,,item_templates.alias,high
27,"",42,"","Door_Common_SpecialOperations",04ba47a1-d495-415a-a556-3208347f37cc,1,1,,,item_templates.alias,high
27,"",42,"","Door_Common_StaffRoom",71dcd5bb-4dad-4b13-aff8-81d679a624ba,1,1,,,item_templates.alias,high
27,"",42,"","Door_Common_Stairs",3fb4be84-feb6-4934-b217-cc7252491210,1,1,,,item_templates.alias,high
27,"",42,"","Door_Common_Stairs_E",8e456c08-e808-42cb-88cd-40cc2265ade3,1,1,,,item_templates.alias,high
27,"",42,"","Door_Common_Stairs_NW",e7c277fd-35de-4acc-bc9e-11e5a55c2152,1,1,,,item_templates.alias,high
27,"",42,"","Door_Common_Stall",4f0d83b8-b15a-449d-a3d7-e9378b624528,1,1,,,item_templates.alias,high
27,"",42,"","Door_Common_Stockroom",8a5bd7b4-c24d-4ade-8336-356a4584a25e,1,1,,,item_templates.alias,high
27,"",42,"","Door_Common_Stockroom_A",2af80655-1d67-4857-83dd-8cea0af8a4cd,1,1,,,item_templates.alias,high
27,"",42,"","Door_Common_Stockroom_B",9ab616ba-3981-47a0-85e0-522e6eae3cfb,1,1,,,item_templates.alias,high
27,"",42,"","Door_Common_Storage",279f82d6-ed50-4050-b86d-837aa55373f3,1,1,,,item_templates.alias,high
27,"",42,"","Door_Common_Storage_E",60bbe6d2-f83d-49e9-8f68-abd5dcc184ea,1,1,,,item_templates.alias,high
27,"",42,"","Door_Common_Storage_N",e1a1838e-87a0-4da5-bbb8-1d8be8d52201,1,1,,,item_templates.alias,high
27,"",42,"","Door_Common_Storage_S",5951c163-30b9-46a4-9ef3-6de500c7a57c,1,1,,,item_templates.alias,high
27,"",42,"","Door_Common_Storage_W",e389fdf0-13f6-4b0a-b62c-e0142a57dd2f,1,1,,,item_templates.alias,high
27,"",42,"","Door_Common_Supervisor",e54a23c4-b442-4cb3-a860-06e42dfb2629,1,1,,,item_templates.alias,high
27,"",42,"","Door_Common_SupplyRoom",cd47d00a-9944-48ac-8065-99762036a493,1,1,,,item_templates.alias,high
27,"",42,"","Door_Common_Surveillance",e20839b8-f62f-4ab4-b57c-50636024c3f5,1,1,,,item_templates.alias,high
27,"",42,"","Door_Common_Systems",ab3fb9d4-7abc-4ac8-9fbe-b1e7e6c924c5,1,1,,,item_templates.alias,high
27,"",42,"","Door_Common_TechRoom",b58f4abe-921c-4e98-8be9-0465a1652959,1,1,,,item_templates.alias,high
27,"",42,"","Door_Common_TemporaryStorage",733f5b21-7e76-4e47-b58a-3738068d5406,1,1,,,item_templates.alias,high
27,"",42,"","Door_Common_ToolsStorage",147104cd-3c1c-4576-859c-b63a60237843,1,1,,,item_templates.alias,high
27,"",42,"","Door_Common_TransitStairs",a356b65a-5fb9-4033-8663-e3a6b8de99ba,1,1,,,item_templates.alias,high
27,"",42,"","Door_Common_UtilityMaintenance",e50e2e9b-5ebc-49fa-abf3-59b2cb102f2b,1,1,,,item_templates.alias,high
27,"",42,"","Door_Common_UtilityStorage",d1ed61c6-f995-41d6-9ce9-1eee8cee8b17,1,1,,,item_templates.alias,high
27,"",42,"","Door_Common_Ventilation",43c132a3-1cd9-4cc7-a089-0128c34a98f8,1,1,,,item_templates.alias,high
27,"",42,"","Door_Common_Ventilation_NE",33ad6b14-8792-49ed-bb7c-d554a92a21fc,1,1,,,item_templates.alias,high
27,"",42,"","Door_Common_Ventilation_SW",1cc70533-28cb-4770-8c2c-7c3b25715f36,1,1,,,item_templates.alias,high
27,"",42,"","Door_Common_VisitingCenter",eec64643-8eea-46eb-aa69-4c75bf44bdcd,1,1,,,item_templates.alias,high
27,"",42,"","Door_Common_WatchmanBooth",ece31e7a-810e-48ed-ab0e-ff65ec9e7508,1,1,,,item_templates.alias,high
27,"",42,"","Door_Common_WingTransit",da084fca-0bd0-4e2e-9ea8-aaf6fb3c0c86,1,1,,,item_templates.alias,high
27,"",42,"","Door_Common_Workshop",864834cd-1058-4b95-8208-95a9577dff68,1,1,,,item_templates.alias,high
27,"",42,"","Door_Port_CargoPier_PortableUniversalModule_01",e74fe5cf-1ae1-48f6-b846-e81719e4839b,1,1,,,item_templates.alias,high
27,"",42,"","Door_Port_CoastGuardBay_CoastGuardHouse_E",57c6a730-b70d-4705-8bbb-6569f47e7fdd,1,1,,,item_templates.alias,high
27,"",42,"","Door_Port_CoastGuardBay_CoastGuardPier_E",ef11c38b-d8ba-4180-b86c-d85388e3490e,1,1,,,item_templates.alias,high
27,"",42,"","Door_Port_FuelReserve_PortableOffice_01",c2e7154f-174f-4b7c-883d-ea169e661672,1,1,,,item_templates.alias,high
27,"",42,"","Door_Port_FuelReserve_PortableOffice_02",b2029f76-e7a6-4dbb-aa26-912df5beca59,1,1,,,item_templates.alias,high
27,"",42,"","Door_Port_FuelReserve_PortableUniversalModule_01",a845cec2-1fd5-4e24-bd2e-17a23e68616e,1,1,,,item_templates.alias,high
27,"",42,"","Door_Port_FuelReserve_PortableUniversalModule_03",cab68a89-f04c-40ee-b419-bbf1392260d9,1,1,,,item_templates.alias,high
27,"",42,"","Door_Port_FuelReserve_PortableUniversalModule_04",1c39a1e0-d44b-4ee8-92c8-29dbfa46fd28,1,1,,,item_templates.alias,high
27,"",42,"","Door_Port_FuelReserve_PortableUniversalModule_05",27b68136-c150-4b54-a4c7-73267909ea79,1,1,,,item_templates.alias,high
27,"",42,"","Door_Port_FuelReserveMaintenanceTunnels_FuelStorage",5d23609f-b1e4-4da9-a5c4-8d4bbda625ba,1,1,,,item_templates.alias,high
27,"",42,"","Door_Port_FuelStorage_PortableOffice_01",23457d99-c6dc-4dbb-bcd2-93be37afc478,1,1,,,item_templates.alias,high
27,"",42,"","Door_Port_FuelStorage_PortableOffice_02",ae9bed93-5954-4bf0-9b27-b15a63c6f10e,1,1,,,item_templates.alias,high
27,"",42,"","Door_Port_FuelStorage_PortableOffice_03",8023c190-a6c4-4e4b-98d9-7fc9972fbbe3,1,1,,,item_templates.alias,high
27,"",42,"","Door_Port_GeologicFIeldStation",e8e25b90-e7f6-4508-bb7b-c6f2b8acd52c,1,1,,,item_templates.alias,high
27,"",42,"","Door_Port_GeologicFieldStation_RockPassageStairs",a9ba24e5-eb94-4f98-aebd-f08b19251d5d,1,1,,,item_templates.alias,high
27,"",42,"","Door_Port_LoadingAreaAdministration_Entrance_Lobby",19143755-e94e-4fa3-a79a-69eb292b7fda,1,1,,,item_templates.alias,high
27,"",42,"","Door_Port_LoadingAreaAdministration_Entrance_Stairs",2d3ff568-601a-4a3d-b585-8e28231cb671,1,1,,,item_templates.alias,high
27,"",42,"","Door_Port_Logistics_PortableOffice_01",06a76084-8312-4fce-9344-e6bb2b67c2f1,1,1,,,item_templates.alias,high
27,"",42,"","Door_Port_Parking_Entrance_NW",b6e75d92-ff38-4f53-861a-35faadc0aa82,1,1,,,item_templates.alias,high
27,"",42,"","Door_Port_Parking_Entrance_SW",e57da42c-5922-44ab-8750-c5e28a41047d,1,1,,,item_templates.alias,high
27,"",42,"","Door_Port_Parking_Entrance_W",a7386ae6-7815-46db-988a-c7ff3ec7e37e,1,1,,,item_templates.alias,high
27,"",42,"","Door_Port_ParkingGarage_StairsEntrance",44bda4d0-46b8-491c-8f7b-fc11ebd7c897,1,1,,,item_templates.alias,high
27,"",42,"","Door_Port_Railways_NE_PortableUniversalModule_01",3fbe5e22-1c7a-4083-b920-057f4a96053e,1,1,,,item_templates.alias,high
27,"",42,"","Door_Port_Railways_NE_PortableUniversalModule_02",2abe5c91-7ecb-4c45-aa24-75fdd98f3a7a,1,1,,,item_templates.alias,high
27,"",42,"","Door_Port_Scrapyard_PortableUniversalModule_01",8ae07a82-587d-48e3-99f6-39a0b9673221,1,1,,,item_templates.alias,high
27,"",42,"","Door_Port_ServiceArea_SW_Entrance",ad903c35-eaec-4bf6-8e35-427bc3c3b00d,1,1,,,item_templates.alias,high
27,"",42,"","Door_Port_ServiceArea_SW_PortableStorage_01",6958b5ce-b07e-437d-a37c-99a345fe8840,1,1,,,item_templates.alias,high
27,"",42,"","Door_Port_Ship_Bridge",597e30e5-a148-4740-b836-59755110ae0c,1,1,,,item_templates.alias,high
27,"",42,"","Door_Port_Ship_Bridge_BridgeDeck_E",d9b67df7-0446-4205-8bb6-bcfae53ca871,1,1,,,item_templates.alias,high
27,"",42,"","Door_Port_Ship_Bridge_BridgeDeck_W",fb570865-0e2c-4252-aeff-c8529fe95e2a,1,1,,,item_templates.alias,high
27,"",42,"","Door_Warehouse_CargoStorage_D",0759792d-f742-4ab5-a17a-600eeba42a41,1,1,,,item_templates.alias,high
27,"",42,"","Door_Warehouse_LoadingDocksOffice",0597707a-c30f-4656-b3b3-77facada8586,1,1,,,item_templates.alias,high
27,"",42,"","Door_Warehouse_QuarantineBayGate",28dee826-9a7f-4fdc-a416-a3f371ec2712,1,1,,,item_templates.alias,high
27,"",42,"","Door_Warehouse_QuarantineBayGateControl",0d64f20a-0242-44e2-b336-51c3fe3f4c9f,1,1,,,item_templates.alias,high
27,"",43,"","Ladder",5e7819e7-00e6-4df8-adf0-b16df3bfb8dd,1,1,,,Items_en.m_TableData,high
27,"",45,"","Break in the floor",15e10583-1cb1-4c45-8892-a3f7a8c73104,1,1,,,Items_en.m_TableData,high
27,"",45,"","Charging station",d8c0bd72-b139-4071-b5e6-520304276df4,1,1,,,Items_en.m_TableData,high
27,"",45,"","Computer",ccd55c50-30a8-4e6e-b936-b79ae3e7c323,1,1,,,Items_en.m_TableData,high
27,"",45,"","Dumpster",fd97ed4b-4340-4020-b1f1-e7d26829c620,1,1,,,Items_en.m_TableData,high
27,"",45,"","Forklift",f4c1925b-fd76-46f8-a062-20bcd5dac7ff,1,1,,,Items_en.m_TableData,high
27,"",45,"","Fuse box",8eda5b01-7672-40aa-a278-1e538d547e82,1,1,,,Items_en.m_TableData,high
27,"",45,"","Generator",8a10978d-da74-4b91-93fd-e6e33ff881b7,1,1,,,Items_en.m_TableData,high
27,"",45,"","Machine",f6665170-fb3e-4196-bcd1-19da9cbd6b7b,1,1,,,Items_en.m_TableData,high
27,"",45,"","Military Crate",023cf386-0c9b-4073-9854-a492b45cc7ac,1,1,,,Items_en.m_TableData,high
27,"",45,"","Military Crate",0b176411-5118-4020-94de-fe9ad5ee2a99,1,1,,,Items_en.m_TableData,high
27,"",45,"","Oil barrel",a6c562e3-898a-4a60-b023-a29bfadc74c1,1,1,,,Items_en.m_TableData,high
27,"",45,"","PC",1ccc0186-8e2c-4150-a190-02df7635988b,1,1,,,Items_en.m_TableData,high
27,"",45,"","PC",ab5b5887-a465-4ecd-8684-d52370105262,1,1,,,Items_en.m_TableData,high
27,"",45,"","Pipes",e145ffe3-6a2b-4e72-a5eb-e56138831f1c,1,1,,,Items_en.m_TableData,high
27,"",45,"","Power Control Panel",03c07f1c-172b-4936-b105-12d3e1b7ebab,1,1,,,Items_en.m_TableData,high
27,"",45,"","QR Code",d0a05658-7865-4f3c-a168-a3facff8d778,1,1,,,Items_en.m_TableData,high
27,"",45,"","Quest object name (Spot for device)",5480fc5d-35b0-46df-a50b-21c6111e8cf4,1,1,,,item_templates.alias,high
27,"",45,"","Reserve generator",97f72ca9-003d-4c8b-81d6-9edd11d00869,1,1,,,Items_en.m_TableData,high
27,"",45,"","Secret Stash",4dbb4e22-7ede-4fb8-8dce-c87e82cd1347,1,1,,,Items_en.m_TableData,high
27,"",45,"","Spot for transmitter",d6715bc3-8ab9-4217-b024-8bc77057c4b2,1,1,,,item_templates.alias,high
27,"",45,"","The Truck",864fb5b8-b8a4-40b9-b97c-3a89837c2dc0,1,1,,,Items_en.m_TableData,high
27,"",45,"","Transmission Source",a56e398a-ec07-4797-91d3-74abf176820a,1,1,,,Items_en.m_TableData,high
27,"",45,"","Van trunk",a07a4856-d1c8-41f6-be21-dc20b3ff839f,1,1,,,Items_en.m_TableData,high
27,"",45,"","Vent",da8e762f-26d5-4c0f-ac82-366ba33ba8d1,1,1,,,Items_en.m_TableData,high
27,"",45,"","Wooden Crate",e49755d2-9942-45a5-8d77-3e7cbd8829b2,1,1,,,Items_en.m_TableData,high
27,"",48,"","CoreTutorial ExitZone",d05c11c7-356d-4b9b-b0dd-c058bac58e2a,1,1,,,item_templates.alias,high
27,"",48,"","ExitZone for q_new_find_teddy",aeb06795-824c-4620-81d6-6c8c21821e96,1,1,,,item_templates.alias,high
27,"",48,"","ExitZone for q_new_kill_bots_any_weapon",c863c55b-b829-4e59-aab9-96685cda0f8a,1,1,,,item_templates.alias,high
27,"",48,"","ExitZone for q_new_weapon_modification",198e11d5-c380-4613-b2a7-d9e4b1ba3ba4,1,1,,,item_templates.alias,high
27,"",48,"","Main ExitZone",15431417-32a6-481e-9fa2-87b40b385ea7,1,1,,,item_templates.alias,high
27,"",48,"","Main ExitZone Fast",33b32fbf-ee3c-445c-8ba4-8da60dc8a0b5,1,1,,,item_templates.alias,high
27,"",48,"","Main ExitZone Fast (Janitor Mission, Session 2)",eb6b5223-fc35-4d33-9d1c-cb8c9415cb17,1,1,,,item_templates.alias,high
27,"",48,"","Main ExitZone Long",5d39503e-1063-4adf-a17e-26542263fc18,1,1,,,item_templates.alias,high
27,"",48,"","Special ExitZone",bdc5f3c3-27ee-4af1-85fe-50fdfd85e5a2,1,1,,,item_templates.alias,high
27,"",48,"","Tutorial Session ExitZone",ede3c6a9-ee22-4195-8b51-f3bb05e696b8,1,1,,,item_templates.alias,high
27,"",75,"","Forklift",766ade95-d8de-4590-a1d4-f9dfb98a438b,1,1,,,Items_en.m_TableData,high
27,"",75,"","Forklift 5",55511226-9b68-4980-a643-727d51458046,1,1,,,Items_en.m_TableData,high
27,"",75,"","Security Terminal",bee4ff8d-d847-4711-82cb-fbc7f9082128,1,1,,,Items_en.m_TableData,high
27,"",77,"Valuable deposit","Fallen Janitor",be84b884-e8e9-4d13-be61-83d7db3d44b7,4,4,,500.0,Items_en.m_TableData,high
27,"",77,"Valuable deposit","H.h Terminal",5c54153c-d13c-4f03-9ffc-4074720823be,4,4,,500.0,Items_en.m_TableData,high
27,"",77,"Valuable deposit","Janitor's Remains",341fbecd-8128-44bb-8ebd-44ba094ec3a0,4,4,,500.0,Items_en.m_TableData,high
27,"",77,"Valuable deposit","Janitor's Remains",50d64682-93e4-4776-91ed-a5da16131f7b,4,4,,500.0,Items_en.m_TableData,high
27,"",77,"Valuable deposit","Janitor's Remains",95030f6e-4717-4eb2-89fa-0d8a91bb5056,4,4,,500.0,Items_en.m_TableData,high
27,"",77,"Valuable deposit","Janitor's Remains",bceddca6-effe-44c7-8e09-907eb60e975d,4,4,,500.0,Items_en.m_TableData,high
27,"",77,"Valuable deposit","Janitor's Remains",c9987225-aa40-44dc-bbee-7a06d7f08573,4,4,,500.0,Items_en.m_TableData,high
27,"",77,"Valuable deposit","Shrine of alloys",5bfd5da1-55a1-42e4-b922-ab151dad77fb,2,1,,1.0,Items_en.m_TableData,high
27,"",77,"Valuable deposit","Shrine of alloys",92de9e30-6d04-4fa0-b92e-e693a09a04f4,2,1,,1.0,Items_en.m_TableData,high
27,"",77,"Valuable deposit","Shrine of binders",aecae6b5-9d26-4407-bf1d-542fc208cc17,2,1,,1.0,Items_en.m_TableData,high
27,"",77,"Valuable deposit","Shrine of binders",d950da0f-3bba-41d4-abf7-65527f352e6f,2,1,,1.0,Items_en.m_TableData,high
27,"",77,"Valuable deposit","Shrine of composites",266cfad3-d33f-4f21-9e3e-b9a9e273d22b,2,1,,1.0,Items_en.m_TableData,high
27,"",77,"Valuable deposit","Shrine of composites",eeb74a39-a33b-477a-86e1-5a70d95bba90,2,1,,1.0,Items_en.m_TableData,high
27,"",77,"Valuable deposit","Shrine of polymers",26f2ad66-4a02-4122-8793-d3e5d83804be,2,1,,1.0,Items_en.m_TableData,high
27,"",77,"Valuable deposit","Shrine of polymers",37357c54-cffa-4c55-ac28-6eb7b7a2299c,2,1,,1.0,Items_en.m_TableData,high
27,"",77,"Valuable deposit","Shrine of rubbers",00e87089-6a29-480d-aa52-1e94d0b1bda6,2,1,,1.0,Items_en.m_TableData,high
27,"",77,"Valuable deposit","Shrine of rubbers",c5ccd2aa-2b0f-4a39-8640-0e0ce5d067d4,2,1,,1.0,Items_en.m_TableData,high
27,"",87,"<color=#ffffff>NPC</color>","Demo_NPC_Quest_01_Talk_01",c7c59376-b649-40e5-a44f-55e3df70b0e7,1,1,,,item_templates.alias,high
27,"",87,"<color=#ffffff>NPC</color>","NPC_InfoPoint_01",a97581b7-5f1b-48a1-9560-b8ced78c0993,1,1,,,item_templates.alias,high
27,"",87,"<color=#ffffff>NPC</color>","NPC_Physical_01_Trader_01",8fc3ab14-0a9a-45db-9a0f-d27f944d2763,1,1,,,item_templates.alias,high
27,"",87,"<color=#ffffff>NPC</color>","NPC_Physical_01_Trader_02",9af410e5-d2c4-4042-b588-d961c3796253,1,1,,,item_templates.alias,high
27,"",87,"<color=#ffffff>NPC</color>","NPC_Physical_02_Touch_01",1db4ae87-e6ac-4a77-89d4-a03c2650c757,1,1,,,item_templates.alias,high
27,"",87,"<color=#ffffff>NPC</color>","NPC_Physical_03_Trader_01",78302682-6620-45ea-a238-acc1f29b95f3,1,1,,,item_templates.alias,high
27,"",87,"<color=#ffffff>NPC</color>","NPC_Quest_01_Give_01",e377d9d4-7d39-401a-be04-a3ce8bf86210,1,1,,,item_templates.alias,high
27,"",87,"<color=#ffffff>NPC</color>","NPC_Quest_01_Talk_01",a6646938-4305-4f2b-b7bc-6677f2cc2c62,1,1,,,item_templates.alias,high
27,"",87,"<color=#ffffff>NPC</color>","NPC_Quest_02_Give_01",c3f780fd-4917-40b1-87c9-aaa4fe143072,1,1,,,item_templates.alias,high
27,"",87,"<color=#ffffff>NPC</color>","NPC_Quest_02_Talk_01",e669fbb7-2f84-4040-b885-8c9686032b96,1,1,,,item_templates.alias,high
27,"",87,"<color=#ffffff>NPC</color>","NPC_Quest_03_Give_01",4f9a91cd-7776-46c3-a9d7-606d0b49a33c,1,1,,,item_templates.alias,high
27,"",87,"<color=#ffffff>NPC</color>","NPC_Quest_04_Give_01",a15dcc00-0829-4110-8152-3b65cea43880,1,1,,,item_templates.alias,high
27,"",87,"<color=#ffffff>NPC</color>","NPC_Quest_05_Grindable_01",545e5231-06fc-4f20-97f9-61a716f597b7,2,2,,,item_templates.alias,high
27,"",88,"<color=#ffffff>Interactive Point</color>","Accounting PC",c01cdc5a-c709-424a-9cab-d6c23af6d4cc,1,1,,,Items_en.m_TableData,high
27,"",88,"<color=#ffffff>Interactive Point</color>","Workshop Bugging Spot",e5e990fd-48b8-48b7-9ca3-8d96521b3614,1,1,,,Items_en.m_TableData,high
27,"",94,"","Locked",ae67517f-8d63-4a99-b881-c356c8ea4dac,1,1,,,Items_en.m_TableData,high
27,"",94,"","Unlocked",25c01024-f05f-47eb-85bd-8c62aa0c5aa3,1,1,,,Items_en.m_TableData,high
28,"",44,"","Extraction Point",196a9b82-3c01-4bbe-93d1-d6bcab751ebe,1,1,,,Items_en.m_TableData,high
28,"",44,"","Extraction Point",407842ec-0d30-4819-a6ff-419b3ca509ab,1,1,,,Items_en.m_TableData,high
28,"",44,"","Extraction Point",660331c0-9ea7-4c33-bde4-14295dc4bc8c,1,1,,,Items_en.m_TableData,high
28,"",44,"","Extraction Point",9ff01e9e-9019-4b0c-b12c-dff678439edd,1,1,,,Items_en.m_TableData,high
28,"",44,"","Highlight Normal",ecf6c5d2-b9b2-4bff-880a-0d1db04bfbff,1,1,,,item_templates.alias,high
28,"",44,"","Highlight Normal Animated",400a4e07-0285-4b4c-aa16-c36e60a42739,1,1,,,item_templates.alias,high
28,"",44,"","Highlight Normal Small",cd8b901c-452d-4f0a-aebf-59d0d6393ff6,1,1,,,item_templates.alias,high
28,"",44,"","Highlight Red Arrow",0c5bd54d-c43e-4bcb-b9a0-b405979b12b5,1,1,,,item_templates.alias,high
28,"",44,"","Highlight Special Animated",b65a3e63-13c6-49cb-98e5-7f17a7c078d6,1,1,,,item_templates.alias,high
28,"",44,"","Port PointOfInterest 1",efb342ae-17f3-4e6e-a7bd-9fc5e694aeae,1,1,,,item_templates.alias,high
28,"",44,"","Port PointOfInterest 10",b5e4291f-d8c1-4f7e-959b-fcc053765dfb,1,1,,,item_templates.alias,high
28,"",44,"","Port PointOfInterest 11",904bad93-272c-4377-9f67-70bc4f32ecce,1,1,,,item_templates.alias,high
28,"",44,"","Port PointOfInterest 12",8cf49c08-9292-49df-ac5f-c279179395a6,1,1,,,item_templates.alias,high
28,"",44,"","Port PointOfInterest 2",1a26dba2-0080-460f-bec0-a5f7fac7dc78,1,1,,,item_templates.alias,high
28,"",44,"","Port PointOfInterest 3",41eb2417-2367-46b2-80c0-39c54d32dfbf,1,1,,,item_templates.alias,high
28,"",44,"","Port PointOfInterest 4",fcfcf37c-4509-44fa-87bf-f7df53c621c1,1,1,,,item_templates.alias,high
28,"",44,"","Port PointOfInterest 5",7a910865-a0d1-4884-84d6-c043f4a54fd7,1,1,,,item_templates.alias,high
28,"",44,"","Port PointOfInterest 6",d8000627-417d-45e6-b701-6a41d25b0e7e,1,1,,,item_templates.alias,high
28,"",44,"","Port PointOfInterest 7",b1c43c8f-dfc5-4c01-b02b-40c09dcd5472,1,1,,,item_templates.alias,high
28,"",44,"","Port PointOfInterest 8",38905161-b2eb-48e4-a0b9-3a3fddb467f9,1,1,,,item_templates.alias,high
28,"",44,"","Port PointOfInterest 9",ed40831b-935e-45b2-8a7d-03b4807db43a,1,1,,,item_templates.alias,high
28,"",44,"","Warehouse PointOfInterest 1",1a84840b-ce03-4f0c-82fb-d45e4721db3d,1,1,,,item_templates.alias,high
28,"",44,"","Warehouse PointOfInterest 2",f716d5af-db03-4558-8484-c5039b562831,1,1,,,item_templates.alias,high
28,"",44,"","Warehouse PointOfInterest 3",1bff390b-379c-4481-920a-b916b4536888,1,1,,,item_templates.alias,high
28,"",44,"","Warehouse PointOfInterest 4",bdd430cf-d2a8-4b8f-b256-e621619b3d2e,1,1,,,item_templates.alias,high
28,"",44,"","Warehouse PointOfInterest 5",25112045-f006-4d2b-a28f-caa01073fd8d,1,1,,,item_templates.alias,high
28,"",44,"","Warehouse PointOfInterest 6",685d47c6-cbf4-4b2b-95c5-86be00dd0838,1,1,,,item_templates.alias,high
28,"",44,"","Warehouse PointOfInterest 7",2b569260-0556-47f6-9d89-913863b7b0d3,1,1,,,item_templates.alias,high
29,"Authenticator chip",,"","AuthenticatorChip_Bot_Quest_01",85d5f96e-c470-4364-a725-3cdb69ef98f4,1,1,1,0.025,item_templates.alias,high
29,"Authenticator chip",,"","AuthenticatorChip_Bot_Quest_02",6fd22920-224d-4e1b-9d7b-f2a99d8b174f,1,1,1,0.025,item_templates.alias,high
29,"Authenticator chip",,"","AuthenticatorChip_Bot_Quest_03",07e64929-75ee-4ee4-ad06-b3410a448dd5,1,1,1,0.025,item_templates.alias,high
29,"Authenticator chip",,"","DUMMY enforcer auth chip",22afe5bd-ee35-4f73-b905-41ee71df1b12,1,1,40,0.025,Items_en.m_TableData,high
29,"Authenticator chip",,"","ID Authenticator",0762b73c-02bd-4d7b-8111-5021b8b44f40,1,1,40,0.025,Items_en.m_TableData,high
29,"Authenticator chip",,"","ID Authenticator",1c380fe3-77e4-41d2-840e-b34c49455bde,1,1,40,0.025,Items_en.m_TableData,high
29,"Authenticator chip",,"","ID Authenticator",2b64b23e-1ae8-4173-b0ea-1992a0abf562,1,1,40,0.025,Items_en.m_TableData,high
29,"Authenticator chip",,"","ID Authenticator",2e7d2f9d-eaa5-4c06-b31f-87859b9479e6,1,1,40,0.025,Items_en.m_TableData,high
29,"Authenticator chip",,"","ID Authenticator",4c473ece-068a-4c7e-854a-e934464d7989,1,1,40,0.025,Items_en.m_TableData,high
29,"Authenticator chip",,"","ID Authenticator",6c149050-f376-492b-8873-322bee0838a3,1,1,40,0.025,Items_en.m_TableData,high
29,"Authenticator chip",,"","ID Authenticator",a385f5ea-a57b-4910-894e-e8a6b462988b,1,1,40,0.025,Items_en.m_TableData,high
29,"Authenticator chip",,"","ID Authenticator",ac4b6268-996f-4d96-ac3e-e6bc87ec668f,1,1,40,0.025,Items_en.m_TableData,high
29,"Authenticator chip",,"","ID Authenticator",b9b64e64-0f9e-4ae3-b96c-2a0430a0cee8,1,1,40,0.025,Items_en.m_TableData,high
29,"Authenticator chip",,"","ID Authenticator",c3badb0c-12f3-43b5-b2f4-78121e50b730,1,1,40,0.025,Items_en.m_TableData,high
29,"Authenticator chip",,"","ID Authenticator",d5000419-b3b5-4c5d-9e25-ab9560a61945,1,1,40,0.025,Items_en.m_TableData,high
29,"Authenticator chip",,"","ID Authenticator",d527c9b2-81c5-4825-839c-5c64eeb18ed7,1,1,40,0.025,Items_en.m_TableData,high
29,"Authenticator chip",,"","ID Authenticator",d9484f6b-4465-49f7-a35d-4c867710169c,1,1,40,0.025,Items_en.m_TableData,high
29,"Authenticator chip",,"","IDChip Private Investigator",920dc5c9-6f43-4282-a97a-a671bbc30a7c,1,1,1,0.025,item_templates.alias,high
29,"Authenticator chip",,"","Investigator",851d5e0b-a3ca-4f1e-9ba5-6fae6325b51c,1,1,1,0.025,item_templates.alias,high
29,"Authenticator chip",,"","Rookie Authenticator Chip",1b4e04b7-4eda-47dc-8c6d-5faeda48520e,1,1,40,0.025,item_templates.alias,high
29,"Authenticator chip",,"","Slugger Authenticator Chip",8e7e08aa-e259-4362-b702-ac8ae0ad7e23,1,1,40,0.025,item_templates.alias,high
29,"Authenticator chip",,"","SWAT_01 Authentificator Chip",51256dc1-3748-4e1a-80a0-85da3ba5e8c5,1,1,5000,0.025,item_templates.alias,high
29,"Authenticator chip",,"","Trashooter Authenticator Chip",86aad213-2742-4b29-9e4e-0414285e2e39,1,1,40,0.025,item_templates.alias,high
29,"Authenticator chip",,"","Zombie Authenticator Chip",b25fa862-e8e8-4d15-8d32-aad9e3197850,1,1,40,0.025,item_templates.alias,high
29,"Authenticator chip",,"","Zombie_02 Authenticator Chip",6a4bc086-c2d6-4a51-b388-1e68569b7f63,1,1,40,0.025,item_templates.alias,high
30,"Removed",24,"Armor Piercing Ammo",".224 B-II",9be14ea8-db25-4661-92b1-b040393bf871,1,1,19,0.009,item_templates.alias,high
30,"Removed",24,"Armor Piercing Ammo",".224 B-III",330eff42-da2c-4849-aa99-6662b25e3fb0,1,1,28,0.008,item_templates.alias,high
30,"Removed",24,"Armor Piercing Ammo",".300 B-II",ed8665e1-d585-448c-a2c4-bbf50de2ede3,2,2,70,0.016,item_templates.alias,high
30,"Removed",24,"Armor Piercing Ammo",".300 B-III",27e111c0-0ace-4d6b-addc-db1afd0f391d,2,2,90,0.018,item_templates.alias,high
30,"Removed",24,"Armor Piercing Ammo",".45 ACP B-II",7c0136f1-6b40-4bfb-875a-3264ce61a4b2,1,1,15,0.018,item_templates.alias,high
30,"Removed",24,"Armor Piercing Ammo",".45 ACP B-III",a473af76-a91c-49bd-8924-b61f093447d6,1,1,21,0.02,item_templates.alias,high
30,"Removed",24,"Armor Piercing Ammo","12x70 B-II",cd5f2a49-2270-4fa5-aa60-d8fdf285be5e,2,1,36,0.065,item_templates.alias,high
30,"Removed",24,"Armor Piercing Ammo","12x70 B-III",48ac5d28-c6b3-45a7-b7e7-1ce275f1d5bb,2,1,42,0.07,item_templates.alias,high
30,"Removed",24,"Armor Piercing Ammo","5.45x39 B-II",32720498-5feb-4bee-9186-90dd08311206,2,1,36,0.013,item_templates.alias,high
30,"Removed",24,"Armor Piercing Ammo","5.45x39 B-III",2da75073-af27-4924-a4c1-d27d2b834df7,2,1,46,0.014,item_templates.alias,high
30,"Removed",24,"Armor Piercing Ammo","5.56x45 B-II",b7e9b7bd-ecc1-4b3a-95b3-34fdcfb93388,2,1,39,0.011,item_templates.alias,high
30,"Removed",24,"Armor Piercing Ammo","5.56x45 B-III",ff076351-905f-4935-81f0-8128b44e9b60,2,1,52,0.012,item_templates.alias,high
30,"Removed",24,"Armor Piercing Ammo","7.61x54R B-II",e1979572-6d66-44f5-a0ae-b20b40e6639e,2,2,45,0.029,item_templates.alias,high
30,"Removed",24,"Armor Piercing Ammo","7.61x54R B-III",904d5805-ba41-4dd7-9868-e55685b15fca,2,2,60,0.032,item_templates.alias,high
30,"Removed",24,"Armor Piercing Ammo","7.62x51 B-II",0b616ec6-838c-4c2f-9c7c-f2f57e4a759b,2,1,36,0.022,item_templates.alias,high
30,"Removed",24,"Armor Piercing Ammo","7.62x51 B-III",cfce51ca-c0bb-4f8e-834a-b6074c19f6d5,2,1,44,0.024,item_templates.alias,high
30,"Removed",24,"Armor Piercing Ammo","9x19 B-II",bea27756-b4e4-4b61-b572-c8f81e3f7e8b,1,1,12,0.013,item_templates.alias,high
30,"Removed",24,"Armor Piercing Ammo","9x19 B-III",82700397-d829-4dbd-8e84-38120f0d0ba2,1,1,18,0.016,item_templates.alias,high
30,"Removed",25,"Expansive Ammo",".224 C-II",7423b00d-5846-4961-ab37-cd4cf43444f0,1,1,19,0.007,item_templates.alias,high
30,"Removed",25,"Expansive Ammo",".224 C-III",4b8420e7-3115-4227-b650-cae40238052d,1,1,29,0.008,item_templates.alias,high
30,"Removed",25,"Expansive Ammo",".300 C-II",4e9fc1e4-4391-4f13-84e9-9daa69b0faf1,2,2,85,0.013,item_templates.alias,high
30,"Removed",25,"Expansive Ammo",".300 C-III",4e82b56d-00e6-48e0-bdbe-789d8c63b583,2,2,110,0.014,item_templates.alias,high
30,"Removed",25,"Expansive Ammo",".45 ACP C-II",473ed7dc-51e7-4a72-be4e-5dabb575f399,1,1,22,0.014,item_templates.alias,high
30,"Removed",25,"Expansive Ammo",".45 ACP C-III",a6ed8dfd-fd2f-471c-8845-cc5ebd6a1dac,1,1,28,0.017,item_templates.alias,high
30,"Removed",25,"Expansive Ammo","12x70 C-II",89a8900c-7689-4433-8116-fe3d009c7099,2,1,42,0.036,item_templates.alias,high
30,"Removed",25,"Expansive Ammo","12x70 C-III",e4f69f3b-cbfc-457f-b159-c2534aadf420,2,1,55,0.033,item_templates.alias,high
30,"Removed",25,"Expansive Ammo","5.45x39 C-II",80c9682f-bf58-4176-a457-050e581c80a4,2,1,48,0.01,item_templates.alias,high
30,"Removed",25,"Expansive Ammo","5.45x39 C-III",657ea17a-0c61-4ef3-b993-639e0791ab2d,2,1,58,0.011,item_templates.alias,high
30,"Removed",25,"Expansive Ammo","5.56x45 C-II",56289523-e367-43ce-b991-cfd96d630a81,2,1,52,0.009,item_templates.alias,high
30,"Removed",25,"Expansive Ammo","5.56x45 C-III",c69d94f2-5c9f-4495-97de-720838e30f5c,2,1,62,0.01,item_templates.alias,high
30,"Removed",25,"Expansive Ammo","7.61x54R C-II",62c4e0d3-8854-4507-a844-962daa929276,2,2,80,0.027,item_templates.alias,high
30,"Removed",25,"Expansive Ammo","7.61x54R C-III",d64e2c9d-cffc-4cf6-982f-8bfd824f3a2e,2,2,100,0.03,item_templates.alias,high
30,"Removed",25,"Expansive Ammo","7.62x51 C-II",d071a739-8cb6-4551-a5c4-ead2949773ba,2,1,62,0.016,item_templates.alias,high
30,"Removed",25,"Expansive Ammo","7.62x51 C-III",207ab5df-87bd-4858-a720-e8934d5733c7,2,1,74,0.018,item_templates.alias,high
30,"Removed",25,"Expansive Ammo","9x19 C-II",22d7f633-57d4-4906-b0b1-ea0299203826,1,1,18,0.007,item_templates.alias,high
30,"Removed",25,"Expansive Ammo","9x19 C-III",3222f212-6e49-4391-8eff-a929474e1e4c,1,1,24,0.005,item_templates.alias,high
30,"Removed",,"",".224 A-II",f8c9b64d-5432-4964-b754-ae524969dde8,1,1,19,0.007,item_templates.alias,high
30,"Removed",,"",".224 A-III",43496bca-d104-41a0-8d5f-5482fe864ec7,1,1,25,0.008,item_templates.alias,high
30,"Removed",,"",".300 A-II",6b0f7f50-7b29-462c-9914-0539ce80c5a7,2,2,40,0.014,item_templates.alias,high
30,"Removed",,"",".300 A-III",c35c959e-73a5-4ca2-b06e-f39621c7866b,2,2,60,0.015,item_templates.alias,high
30,"Removed",,"",".45 ACP A-II",1bebc677-be94-4fa0-8584-67a3b5d6c733,1,1,10,0.017,item_templates.alias,high
30,"Removed",,"",".45 ACP A-III",2fd2b40c-8e3e-46e6-9a82-dd932e56026a,1,1,14,0.019,item_templates.alias,high
30,"Removed",,"","12x70 A-II",1445faf9-ad34-4bd3-b69f-4e7ceb295a26,2,1,15,0.045,item_templates.alias,high
30,"Removed",,"","12x70 A-III",42454c18-26b9-46c6-954c-c87b0e2f3841,2,1,30,0.05,item_templates.alias,high
30,"Removed",,"","5.45x39 A-II",6ea5a413-f9d8-421a-8465-d3c8f8802c72,2,1,20,0.011,item_templates.alias,high
30,"Removed",,"","5.45x39 A-III",c06bca0a-f8f3-4af8-a9e1-26c15e62c443,2,1,30,0.012,item_templates.alias,high
30,"Removed",,"","5.56x45 A-II",d3b7a43a-c819-45a9-b732-419d6b86af39,2,1,23,0.01,item_templates.alias,high
30,"Removed",,"","5.56x45 A-III",e67d7b1d-9cad-4eb9-86d8-ca7cb246e003,2,1,32,0.011,item_templates.alias,high
30,"Removed",,"","7.61x54R A-II",aefd910c-c723-44ce-91c9-6fce6d170c4d,2,2,27,0.027,item_templates.alias,high
30,"Removed",,"","7.61x54R A-III",7347093e-df84-4a63-ac83-889ac0743aa8,2,2,32,0.025,item_templates.alias,high
30,"Removed",,"","7.62x51 A-II",9e34ca37-ad83-4908-b87b-101fd9e92458,2,1,30,0.02,item_templates.alias,high
30,"Removed",,"","7.62x51 A-III",c827137e-9e74-4ac1-bed2-23324e6c22e7,2,1,40,0.022,item_templates.alias,high
30,"Removed",,"","9x19 A-II",9f5c76b9-f09e-4bee-ada1-2ed0afe7ce17,1,1,6,0.008,item_templates.alias,high
30,"Removed",,"","9x19 A-III",cb6d4579-12b9-478c-94e4-579f01a45a83,1,1,12,0.013,item_templates.alias,high
31,"Bodymod",37,"Modified Sensor","Sensor",6f9f5e88-2a67-4fb2-8a77-2c41dad4eb82,1,1,1000,0.5,Items_en.m_TableData,high
31,"Bodymod",37,"Modified Sensor","Sensor",ea99ffd7-8010-4cfe-bbd0-7dbbcc25b5f9,1,1,11000,0.5,Items_en.m_TableData,high
31,"Bodymod",69,"Modified Structure","Structure",343734f4-6c77-4370-a73c-d9ccdc101a15,1,1,3000,1.0,Items_en.m_TableData,high
31,"Bodymod",70,"Modified servomotor","Servomotor",21db0dcd-131f-461d-ba08-de7a7a78c438,1,1,1000,1.0,Items_en.m_TableData,high
31,"Bodymod",70,"Modified servomotor","Servomotor",c45634ac-d36b-4f61-b722-34a7d4d126f2,1,1,6500,1.0,Items_en.m_TableData,high
31,"Bodymod",71,"Modified hydraulics","Hydraulics",2dd78dca-9e5c-4a20-8f02-e0803ce35dc3,1,1,11000,0.5,Items_en.m_TableData,high
31,"Bodymod",72,"Modified coating","Coating",784284fc-7359-4583-81e8-c7d248a85367,1,1,5000,0.5,Items_en.m_TableData,high
31,"Bodymod",,"","Servo-AKS1",72cf09a2-346d-4e85-8f73-aed7f8fd935e,1,1,11000,0.5,Items_en.m_TableData,high
31,"Bodymod",,"","Servo-EC1",1f300cc6-ce18-453a-8df7-841d1385bc19,1,1,21500,1.0,Items_en.m_TableData,high
31,"Bodymod",,"","Servo-ERS1",11bc0035-c311-4bd9-87bf-a3b3eefabb13,1,1,11500,1.0,Items_en.m_TableData,high
31,"Bodymod",,"","Servo-IHD1",8df111f1-34c8-4821-bdb5-396346ce3fe1,1,1,11000,0.5,Items_en.m_TableData,high
31,"Bodymod",,"","Servo-JH1",22df2377-1386-4a2a-9982-63e7d003cc00,1,1,4000,1.0,Items_en.m_TableData,high
31,"Bodymod",,"","Servo-MAS1",810f4d91-e531-46f6-b39f-6e61cce13a25,1,1,11000,2.0,Items_en.m_TableData,high
31,"Bodymod",,"","Servo-RS1",70c9948a-f87f-4d0e-9648-566caa969478,1,1,3500,2.0,Items_en.m_TableData,high
31,"Bodymod",,"","Servo-SAL1",34e82f86-3a19-4d24-8639-4958c8ca929c,1,1,21000,0.5,Items_en.m_TableData,high
31,"Bodymod",,"","Servo-SRS1",0cc4be0c-6a58-41a8-bf19-17d87ac225b7,1,1,16000,0.5,Items_en.m_TableData,high
31,"Bodymod",,"","Servo-WRS1",38ed2fcd-b0ab-423c-8883-88290739c6eb,1,1,11000,1.0,Items_en.m_TableData,high
31,"Bodymod",,"","Servo-WS1",d9daac5e-a646-4092-bd68-a78a03dc0492,1,1,6500,1.0,Items_en.m_TableData,high
33,"",,"","DamageZone_Radiation_ShipHold_Players",3fc0163f-e84a-431c-bd82-df84087a5634,1,1,,,item_templates.alias,high
33,"",,"","DamageZone_Radiation_WarehouseLogisticsBasement_Players",d46ea062-83f6-4a3d-be47-9ccc7d608a3e,1,1,,,item_templates.alias,high
33,"",,"","Decontamination",ea8782b4-e86a-450b-a3a3-eef7b67753d6,1,1,,,item_templates.alias,high
33,"",,"","Magnetic Storm Basic",dda74f4a-19c1-4ac7-b31c-8f26f7797f1a,1,1,,,item_templates.alias,high
33,"",,"","Magnetic Storm Example",99a7f96f-1894-4b28-b01b-407a11641836,1,1,,,item_templates.alias,high
33,"",,"","RadiationStorm_01",3f20adcb-44f1-405a-a657-7f17bcd0877b,1,1,,,item_templates.alias,high
34,"",,"","Aid Kits",b527367f-49cb-4018-ac86-460f52198f2a,1,1,,,Items_en.m_TableData,high
34,"",,"","Ammo",3b0fe1ee-7f3b-48e0-9303-d13dc929ac87,1,1,,,Items_en.m_TableData,high
34,"",,"","Arm mods",419ebbfc-1100-4817-9ebe-775306b6221c,1,1,,,Items_en.m_TableData,high
34,"",,"","Arms",d8174927-b2fe-4648-8df9-e379cb20df0d,1,1,,,Items_en.m_TableData,high
34,"",,"","Assault Rifles",523e24e8-42b4-4db9-97bf-358211512138,1,1,,,Items_en.m_TableData,high
34,"",,"","Backpacks",3ad0fa42-e87d-41ca-b0d5-e4daa0cce378,1,1,,,Items_en.m_TableData,high
34,"",,"","Barrels",d44c5b33-ba39-4700-a21e-f7828c6785bc,1,1,,,Items_en.m_TableData,high
34,"",,"","Black market",92ee8c0a-ac8d-48b9-b3d0-4dde8ed1c345,1,1,,,Items_en.m_TableData,high
34,"",,"","Body Mods",5d950e59-be9f-4dae-b247-637258f7efa5,1,1,,,Items_en.m_TableData,high
34,"",,"","Body Parts",89387d14-6cac-4862-95eb-bbdb442b6085,1,1,,,Items_en.m_TableData,high
34,"",,"","Butts",8a02896e-e0bf-4337-aece-bb7a9c42f447,1,1,,,Items_en.m_TableData,high
34,"",,"","Chest Rigs",894871da-3aeb-4908-9660-a2fb35466367,1,1,,,Items_en.m_TableData,high
34,"",,"","Consumables",0e7cc18d-ba11-4dde-9bd3-fafe00163b55,1,1,,,Items_en.m_TableData,high
34,"",,"","Equipment",93124f53-f366-4ced-8ee3-53a53c2d096b,1,1,,,Items_en.m_TableData,high
34,"",,"","Explosives",43739509-9864-4ae3-af6b-b3a4b242e5af,1,1,,,Items_en.m_TableData,high
34,"",,"","Explosives Parts",9c4c191b-ba8e-4c0f-8790-5c24bcd436c5,1,1,,,Items_en.m_TableData,high
34,"",,"","Generator Fuel",30fac7c0-3584-48d8-8712-0c9f40fbae61,1,1,,,Items_en.m_TableData,high
34,"",,"","Grenades",e9a7b365-e895-411b-8421-bd693726560b,1,1,,,Items_en.m_TableData,high
34,"",,"","Grinder Disks",04cce893-c00a-4b6f-8235-287dcaf8d064,1,1,,,Items_en.m_TableData,high
34,"",,"","Grips",6a3ce904-205c-4e83-8548-cfe2903f297e,1,1,,,Items_en.m_TableData,high
34,"",,"","Head Mods",21a807a1-26c7-4443-a4d7-83aeb733114b,1,1,,,Items_en.m_TableData,high
34,"",,"","Headgear",edc7a887-79b1-4264-b7dd-1b5681cd5df7,1,1,,,Items_en.m_TableData,high
34,"",,"","Heads",62a53262-8dc2-4191-8fc3-74f7708f878c,1,1,,,Items_en.m_TableData,high
34,"",,"","Heavy Machine Guns",c3d93324-53f5-4c46-b5cc-0595b2cd4009,1,1,,,Items_en.m_TableData,high
34,"",,"","Heavy Sniper Rifles",42db0e54-6187-4e4e-ae49-a7f1f6167582,1,1,,,Items_en.m_TableData,high
34,"",,"","Instruments",16f26fd4-bc34-4fb7-8df7-8318ea192261,1,1,,,Items_en.m_TableData,high
34,"",,"","Keys",0103a076-aca2-49f9-ab77-5fd0cd5cee3f,1,1,,,Items_en.m_TableData,high
34,"",,"","Leg Mods",b3f3e4fe-f4de-4ebe-929d-8ecf03ff48cf,1,1,,,Items_en.m_TableData,high
34,"",,"","Legs",297525fc-ebef-4413-9321-fb84bccfad61,1,1,,,Items_en.m_TableData,high
34,"",,"","Light Machine Guns",eb3ee5fe-aa12-4c81-a802-d31008fbdd8d,1,1,,,Items_en.m_TableData,high
34,"",,"","Magazines",0dfc7d91-0c67-4054-8201-dd985d58c648,1,1,,,Items_en.m_TableData,high
34,"",,"","Melee Tools",f9e594f0-f75a-47c3-890a-9c2ad9aaba28,1,1,,,Items_en.m_TableData,high
34,"",,"","Muzzles",c0522d4c-f970-41e4-a24c-05b3a8252c70,1,1,,,Items_en.m_TableData,high
34,"",,"","Pistols",f625687b-109f-44d1-969b-a9381aed119c,1,1,,,Items_en.m_TableData,high
34,"",,"","Plate Carriers",d7a0111c-ae73-433c-947c-7bddb7a79eb3,1,1,,,Items_en.m_TableData,high
34,"",,"","Resources",28a189cf-eaeb-4065-9481-a7a838090c0c,1,1,,,Items_en.m_TableData,high
34,"",,"","Resources/A&D",8b8f2adf-1526-4337-9b89-085ce8fa3071,1,1,,,item_templates.alias,high
34,"",,"","Resources/Chemicals",b1ca57e9-130a-43ac-8418-c1e73584577a,1,1,,,item_templates.alias,high
34,"",,"","Resources/Devices",83be04fa-0f68-4d4d-8e27-d975c489ae24,1,1,,,item_templates.alias,high
34,"",,"","Resources/Fabrics",334a03a7-0b59-4304-908e-552429714647,1,1,,,item_templates.alias,high
34,"",,"","Resources/Materials",4ffce81d-7c42-4b52-b51c-55cf65243d74,1,1,,,item_templates.alias,high
34,"",,"","Resources/Organics",fc1574b4-0dc9-495a-8a75-7a329224cb17,1,1,,,item_templates.alias,high
34,"",,"","Resources/Papers",b06f4655-7571-457f-ba65-de16baf35d5d,1,1,,,item_templates.alias,high
34,"",,"","Resources/Reagents",feefd5ed-9702-44f7-a633-9d79fc8b30a2,1,1,,,item_templates.alias,high
34,"",,"","Resources/Surplus",6d8a0bca-caf5-4899-acf1-30d66bbc9918,1,1,,,item_templates.alias,high
34,"",,"","Resources/Textile",e1ec5def-90b9-4c6a-a23d-3be2d48c9153,1,1,,,item_templates.alias,high
34,"",,"","Resources/Tools",d6e95150-b92e-4afe-9875-85a0007e9029,1,1,,,item_templates.alias,high
34,"",,"","Resources/Valuables",f882fad7-fb40-428d-829d-3a52baaaa361,1,1,,,item_templates.alias,high
34,"",,"","Resources/Ware",777bb7a6-1118-4fbd-a83e-7082eb7e9e68,1,1,,,item_templates.alias,high
34,"",,"","Resources/Waste",35db9ec3-e5a0-47b1-b74d-07582f66905d,1,1,,,item_templates.alias,high
34,"",,"","Shotguns",ef96fc4f-f5a6-46f3-9784-ed2d182e06d5,1,1,,,Items_en.m_TableData,high
34,"",,"","Sights",014b735e-c6ee-4416-a540-c75fc0ddbff2,1,1,,,Items_en.m_TableData,high
34,"",,"","Slides",5eea3e0a-a301-4cd6-bdf4-7a1bda30b9ae,1,1,,,Items_en.m_TableData,high
34,"",,"","SMGs",e3b1ef6c-576d-4f92-ac18-b4c968c2ba0b,1,1,,,Items_en.m_TableData,high
34,"",,"","Sniper Rifles",d45d6495-dd51-4781-ace5-fb2dabd27e22,1,1,,,Items_en.m_TableData,high
34,"",,"","Tactical Handles",5d7c025a-fc21-4bc7-b335-20a0f8e51b9b,1,1,,,Items_en.m_TableData,high
34,"",,"","Torso Mods",70e794a6-73e2-4826-ae4d-0385e1ed8342,1,1,,,Items_en.m_TableData,high
34,"",,"","Torsos",88e9b341-30e8-4f31-bd3f-714a57b17ddf,1,1,,,Items_en.m_TableData,high
34,"",,"","Weapon Parts",23534d3b-f910-4c4d-afb8-0c339674b007,1,1,,,Items_en.m_TableData,high
34,"",,"","Weapons",27c09c1e-b655-40ff-b817-742d8c66af88,1,1,,,Items_en.m_TableData,high
35,"",89,"Bodypart Camo","Camo Test",3db2a3b7-93a5-40c9-ac0a-98a0b80dca63,1,1,666999,0.1,Items_en.m_TableData,high
35,"",89,"Bodypart Camo","DigiGreen",1df93bc9-8974-4044-a87b-eee61a8bf85c,1,1,50000,0.1,Items_en.m_TableData,high
35,"",89,"Bodypart Camo","DigiSand",3e0d5684-0370-4fb2-9ae4-6ee784e3ae7a,1,1,50000,0.1,Items_en.m_TableData,high
35,"",89,"Bodypart Camo","HLWN25",31206628-754a-4998-acdb-298846eb39a4,1,1,50000,0.1,Items_en.m_TableData,high
35,"",89,"Bodypart Camo","Streets",6fdac8d7-0a01-4255-9135-f2503e79ccf6,1,1,50000,0.1,Items_en.m_TableData,high
35,"",89,"Bodypart Camo","Worn",ab5419f7-9705-4a48-9475-bd1396a597ee,1,1,50000,0.1,Items_en.m_TableData,high
36,"",,"","Skill_SecondaryWeaponSlot",f6ef0445-19e8-4a8d-857b-d6cb6c3e922d,1,1,,,item_templates.alias,high
36,"",,"","Skill_SoundLocator",9a5d17ef-1040-4733-bec6-a3b7d67a6fc4,1,1,,,item_templates.alias,high
37,"",95,"Blueprint","Bodypart Blueprint",020f4f95-8e03-4393-b41f-7a8409085d1e,1,1,7000,0.1,Items_en.m_TableData,high
37,"",95,"Blueprint","Bodypart Blueprint",29d5fdbe-c255-4f33-a018-b7fbeca6acc4,1,1,10000,0.1,Items_en.m_TableData,high
37,"",95,"Blueprint","Bodypart Blueprint",2fd6c9f3-c89c-4f8d-9dbd-878c76606a73,1,1,70000,0.1,Items_en.m_TableData,high
37,"",95,"Blueprint","Bodypart Blueprint",448206cc-ec5a-4ea6-86da-e85117a03912,1,1,15000,0.1,Items_en.m_TableData,high
37,"",95,"Blueprint","Bodypart Blueprint",93b192e4-29aa-42df-8aba-6fd817c8be33,1,1,8000,0.1,Items_en.m_TableData,high
37,"",95,"Blueprint","Bodypart Blueprint",c353d7eb-99c0-400e-89b7-9f9b27c902d0,1,1,7000,0.1,Items_en.m_TableData,high
37,"",95,"Blueprint","Bodypart Blueprint",e8393df6-e867-462f-8364-8876e15b2ef5,1,1,10000,0.1,Items_en.m_TableData,high
37,"",95,"Blueprint","Bodypart Blueprint",fed8b120-274d-4f06-a753-9847ac00e971,1,1,8000,0.1,Items_en.m_TableData,high
37,"",96,"Blueprint","Armor Blueprint",a2edf11d-e714-4fcc-8e87-ba4631e69a56,1,1,650,0.1,Items_en.m_TableData,high
37,"",96,"Blueprint","Armor Blueprint",a49c5dca-ad2a-4690-8aea-be98bd3964bb,1,1,6000,0.1,Items_en.m_TableData,high
37,"",97,"Blueprint","Equipment Blueprint",d5c62c93-d04f-40c3-981f-1cd02fa10560,1,1,1000,0.1,Items_en.m_TableData,high
37,"",97,"Blueprint","Equipment Blueprint",dea1f466-4df1-4583-ae65-30a7ae7b37a9,1,1,700,0.1,Items_en.m_TableData,high
37,"",98,"Blueprint","Weapon blueprint",b879752b-010a-42a2-85bd-11f2b347b7ff,1,1,4000,0.1,Items_en.m_TableData,high
37,"",100,"Blueprint","Item blueprint",a38ea867-2348-4c49-9a9e-7587d17a7586,1,1,4000,0.1,Items_en.m_TableData,high
37,"",100,"Blueprint","Item blueprint",b54394c5-529e-4639-8070-f179ff4d9d9b,1,1,3000,0.1,Items_en.m_TableData,high
37,"",100,"Blueprint","Item blueprint",dbdb1174-3605-474e-82c2-385c18cb2ae7,1,1,3000,0.1,Items_en.m_TableData,high
37,"",100,"Blueprint","Item blueprint",dd93c2d9-b9c0-4714-b0c2-329b0e2e745e,1,1,1000,0.1,Items_en.m_TableData,high
37,"",100,"Blueprint","Item blueprint",f5a0bb7d-e999-4a41-baf5-f0eed1ba4880,1,1,1000,0.1,Items_en.m_TableData,high
,"",,"","",381e554d-0ab7-4111-9e8c-3710bd05d086,,,,,,medium
,"",,"",".45 ACP Tutorial ammo",a9c96f62-09d1-4429-96d6-8667009bb757,1,1,,100.0,item_templates.alias_fallback_for_localization_links,high
