template_id,save_count,confidence,name_guess,name_guess_source,category_id,category_label,subcategory_id,subcategory_label,log_hint_fields
cb567810-cc82-424f-893f-299c704ffb12,162,high,"Credits",Items_en.m_TableData,21,"Money",,"",""
a6b4d8ab-7ec1-4561-a22e-3b87a7a08a5d,47,high,"7.62x51",item_templates.alias_fallback_for_localization_links,3,"Standard Ammo",,"",""
43dfb4d7-5cf6-4cb0-908f-7111f9a33e32,40,high,"AD C+",Items_en.m_TableData,17,"",53,"Grinder disc",""
156fe687-ac99-4003-9d05-5c5411cd6bac,35,high,"7.61x54R",item_templates.alias_fallback_for_localization_links,3,"Standard Ammo",,"",""
deeb8cc6-ef24-4194-8139-ffe155d1b87f,32,high,"5.45x39 AP",item_templates.alias_fallback_for_localization_links,3,"Standard Ammo",24,"Armor Piercing Ammo",""
576d4cfc-3709-4c1a-89af-f2202dc78c93,31,high,"12x70 AP",item_templates.alias_fallback_for_localization_links,3,"Standard Ammo",24,"Armor Piercing Ammo",""
0e9060f6-f0d4-4f62-9457-c9165a959b4d,30,high,"57x28",item_templates.alias_fallback_for_localization_links,3,"Standard Ammo",,"",""
2c82b4f8-4b5a-4c5a-a8e8-0d23b1cfb8f3,30,high,".300 AP",item_templates.alias_fallback_for_localization_links,3,"Standard Ammo",24,"Armor Piercing Ammo",""
53b23ada-ed4e-4d6b-b28d-0ab912a39777,30,high,".454",item_templates.alias_fallback_for_localization_links,3,"Standard Ammo",,"",""
3853e916-f0eb-441f-9584-6416afb5607c,28,high,"7.61x54R AP",item_templates.alias_fallback_for_localization_links,3,"Standard Ammo",24,"Armor Piercing Ammo",""
d257930e-de98-4295-8c77-ab1a026bec84,26,high,".50BMG",item_templates.alias_fallback_for_localization_links,3,"Standard Ammo",,"",""
610a082d-33bd-460b-bb88-ef3151b583d4,25,high,"5.56x45",item_templates.alias_fallback_for_localization_links,3,"Standard Ammo",,"",""
62a75f55-b71e-43e0-925e-49f8eef974b5,22,high,"M-Hardener",Items_en.m_TableData,17,"",64,"Chemicals",""
752e4ba1-1109-4ee0-88c6-195dd6d088e2,21,high,".300",item_templates.alias_fallback_for_localization_links,3,"Standard Ammo",,"",""
8b73a812-ae14-4802-a72e-b97053fc351d,21,high,"Broken servomotor",Items_en.m_TableData,17,"",66,"A&D components",""
6d249ffa-bd3b-43c2-89fa-4992be7af2a9,20,high,"Mini MedKit",Items_en.m_TableData,14,"Aid Kit",90,"Aid Kit",""
a7721ae4-5bb3-4c09-8605-e18272b59ac6,20,high,"5.45x39",item_templates.alias_fallback_for_localization_links,3,"Standard Ammo",,"",""
343734f4-6c77-4370-a73c-d9ccdc101a15,19,high,"Structure",Items_en.m_TableData,31,"Bodymod",69,"Modified Structure",""
e1f18110-8922-42f5-a7a6-69de9bc7cc9f,19,high,"F2",Items_en.m_TableData,10,"Grenade",21,"Grenade",""
2dd78dca-9e5c-4a20-8f02-e0803ce35dc3,18,high,"Hydraulics",Items_en.m_TableData,31,"Bodymod",71,"Modified hydraulics",""
76ad31a4-2fe1-4ca4-a2b6-a5133e776ff1,18,high,"Bodypart repair kit",Items_en.m_TableData,14,"Aid Kit",91,"Repair Kit",""
37f9075c-03c6-44f0-84d6-cd996a3b53f8,17,high,"Broken hydraulics",Items_en.m_TableData,17,"",68,"Surplus",""
1edc9f4c-448a-4338-a2ac-7ab44875c783,15,high,"Titanium multitool",Items_en.m_TableData,17,"",67,"Tools",""
9afb0f0d-42c1-49ba-9be7-7663c77904b8,15,high,"Fuel injector",Items_en.m_TableData,17,"",66,"A&D components",""
b26c003f-496e-41b3-bc6f-70beaa76ac0e,14,high,"Medium MedKit",Items_en.m_TableData,14,"Aid Kit",90,"Aid Kit",""
755fa97a-40c0-4e85-ade5-c58bc63db4dd,12,high,"Armor repair kit",Items_en.m_TableData,14,"Aid Kit",91,"Repair Kit",""
784284fc-7359-4583-81e8-c7d248a85367,12,high,"Coating",Items_en.m_TableData,31,"Bodymod",72,"Modified coating",""
ce9cde6c-a6dd-4f96-a581-fe066329ab17,12,high,"Solvent",Items_en.m_TableData,17,"",64,"Chemicals",""
d668d0fc-df69-4eda-b7c2-50c6ed818488,12,high,"AD B+",Items_en.m_TableData,17,"",53,"Grinder disc",""
f144da8e-ef8d-489c-a714-8987f5f6adcf,12,high,"Microcircuits",Items_en.m_TableData,17,"",66,"A&D components",""
13daf181-18bf-4c1d-8cf0-0d775e3257c4,11,high,"PVC",Items_en.m_TableData,17,"",62,"Materials",""
394783c8-3fa6-4573-a154-fa52921eeb15,11,high,".45ACP AP",item_templates.alias_fallback_for_localization_links,3,"Standard Ammo",24,"Armor Piercing Ammo",""
3da54c7c-9021-4be7-a214-4856c4fac458,11,high,"Hacksaw",Items_en.m_TableData,17,"",67,"Tools",""
5283349a-7e5a-46d0-b242-1bdf9b313ce7,11,high,"Metal parts 'A'",Items_en.m_TableData,17,"",68,"Surplus",""
5eb47e12-202a-4930-b1fc-48ab5feac994,11,high,"5.56x45 AP",item_templates.alias_fallback_for_localization_links,3,"Standard Ammo",24,"Armor Piercing Ammo",""
e6669bac-09bb-4b34-9465-3cca549756ee,11,high,"Plastic parts '1'",Items_en.m_TableData,17,"",68,"Surplus",""
ffbf47a9-d9f8-43dd-b01e-4314010f9386,11,high,"Anglegrip",Items_en.m_TableData,20,"Weapon Mod",10,"Tactical Handle",""
0696f1a4-081c-43e1-9b97-a169d8b8f497,10,high,"DefaultShelterModule",item_templates.alias,12,"Internal",93,"",""
21db0dcd-131f-461d-ba08-de7a7a78c438,10,high,"Servomotor",Items_en.m_TableData,31,"Bodymod",70,"Modified servomotor",""
32bd8cd3-a47e-4021-8cfb-b2d0b8681503,10,high,"Iron",Items_en.m_TableData,17,"",62,"Materials",""
4345a530-bd80-4844-b1bd-f0a1da5c46ba,10,high,"Money Box",Items_en.m_TableData,22,"Case",47,"Case",""
4e237596-3fc5-4cda-abc4-5d912f089362,10,high,"CO-meter",Items_en.m_TableData,17,"",66,"A&D components",""
8e95293c-26e9-4d85-9d89-f698c598aaa4,10,high,"Wires",Items_en.m_TableData,17,"",66,"A&D components",""
8efa41be-c593-4490-a6e4-b5827ed27260,10,high,"7.62x39",item_templates.alias_fallback_for_localization_links,3,"Standard Ammo",,"",""
a13b7181-fb63-4fa9-8a4d-ae3cd520bcaa,10,high,"7.62x51 AP",item_templates.alias_fallback_for_localization_links,3,"Standard Ammo",24,"Armor Piercing Ammo",""
bb5ca07d-ad87-45c0-96da-dd153a03bcf7,10,high,"9x19 AP",item_templates.alias_fallback_for_localization_links,3,"Standard Ammo",24,"Armor Piercing Ammo",""
36ed0949-fa71-41ec-9c3b-7aaeafe73989,9,high,"M-hardener+",Items_en.m_TableData,17,"",64,"Chemicals",""
3a923f41-ec98-4088-80d8-a6bb45347e26,9,high,"PP",Items_en.m_TableData,17,"",62,"Materials",""
63b34ef0-6cb4-4f85-9e9d-28e2873841e3,9,high,"P-hardener +",Items_en.m_TableData,17,"",64,"Chemicals",""
dbd3de0b-2917-444f-87dc-9385bf233a90,9,high,"Ammo Box",Items_en.m_TableData,22,"Case",47,"Case",""
fa6a54bf-42ec-48f9-bca9-9c6c06ba2c14,9,high,"Item box",Items_en.m_TableData,22,"Case",47,"Case",""
fd72a971-80d2-4dd3-9d56-22dbbd066642,9,high,"Lockpick_01",item_templates.alias,23,"Key",99,"Lockpick",""
34f196ef-5fb2-4c86-80bb-fddf659bca8e,8,high,"Aluminum",Items_en.m_TableData,17,"",62,"Materials",""
413a4f7c-a72a-4d94-960b-f2955a4931bd,8,high,"GT injector",Items_en.m_TableData,17,"",66,"A&D components",""
67d47d16-5a14-4f20-a8c8-3597dab8be55,8,high,"N69",Items_en.m_TableData,10,"Grenade",21,"Grenade",""
7740d993-3ac8-43df-bd92-a07185904192,8,high,"Steel",Items_en.m_TableData,17,"",62,"Materials",""
9490b7a6-b39e-4070-b630-b2f676030904,8,high,"Multimeter",Items_en.m_TableData,17,"",67,"Tools",""
130fb09a-5dc8-4b81-b139-991262ca2747,7,high,"Metal powder 'A'",Items_en.m_TableData,17,"",62,"Materials",""
1d9ed76a-63d1-4eac-acc7-6207300fd767,7,high,"Gunpowder 'S'",Items_en.m_TableData,17,"",64,"Chemicals",""
2fb4db35-c36d-40a8-9ea9-601329acd001,7,high,"Fertilizer",Items_en.m_TableData,17,"",64,"Chemicals",""
673aa80f-1f7d-4123-a139-a2369397b78e,7,high,"Hydraulic fluid",Items_en.m_TableData,17,"",64,"Chemicals",""
86454eec-84a2-4623-b2f0-bfba7a14d30d,7,high,"AIMBOT",Items_en.m_TableData,20,"Weapon Mod",30,"Collimator sight",""
9d1e3471-7fee-4bbc-9c60-a02dee9d1f5a,7,high,"Car jump starter",Items_en.m_TableData,17,"",67,"Tools",""
a941f3a0-0f82-400c-9bea-0f631ae7cc2c,7,high,"Microscope",Items_en.m_TableData,17,"",65,"Devices",""
c2368d09-45a6-445e-a62c-8a81603173d2,7,high,"BoostableShelterModule",item_templates.alias,12,"Internal",93,"",""
e29a82ef-6de7-4952-ba0c-8f3a632662dc,7,high,"Plastic powder '1'",Items_en.m_TableData,17,"",62,"Materials",""
ea99ffd7-8010-4cfe-bbd0-7dbbcc25b5f9,7,high,"Sensor",Items_en.m_TableData,31,"Bodymod",37,"Modified Sensor",""
fd065383-2b84-41e8-80fd-041bf8d19ab6,7,high,"Major MedKit",Items_en.m_TableData,14,"Aid Kit",90,"Aid Kit",""
0a92b724-46a9-45b9-9837-67f3b2aecf1d,6,high,"Weapon repair kit",Items_en.m_TableData,14,"Aid Kit",91,"Repair Kit",""
4c480ffa-a373-4186-a8a6-d44b99181a57,6,high,"Gold filament 'D'",Items_en.m_TableData,17,"",62,"Materials",""
63d51c44-eb2b-4746-aed4-aa6fe281d2bc,6,high,"LED lamp",Items_en.m_TableData,17,"",66,"A&D components",""
b4458dde-dcbb-4988-975e-f93fbd2c7396,6,high,"Sewing scissors",Items_en.m_TableData,17,"",67,"Tools",""
be1991bc-ef48-4d03-b71e-365c45321df1,6,high,"Reinforced cable",Items_en.m_TableData,17,"",66,"A&D components",""
c48fee09-83f8-4970-94c4-bb011e72c03b,6,high,"Soldering iron",Items_en.m_TableData,17,"",67,"Tools",""
030bc807-278d-4aed-85da-17d28b97ff65,5,high,"ES1",Items_en.m_TableData,17,"",62,"Materials",""
0490f111-c829-42fb-9f39-2535a850d909,5,high,"Small Anti-Jam Kit",Items_en.m_TableData,14,"Aid Kit",90,"Aid Kit",""
0791b0fb-40f4-4033-a5cd-cb8c77c597cf,5,high,"7.61x54R E",item_templates.alias_fallback_for_localization_links,3,"Standard Ammo",25,"Expansive Ammo",""
0ac59f1d-258f-45ea-abc8-1795cba04be9,5,high,"Scrap",Items_en.m_TableData,17,"",58,"Waste",""
1992f67b-e729-48b0-bb43-23704442bd7e,5,high,"Car battery",Items_en.m_TableData,17,"",66,"A&D components",""
3dbff59d-49a2-43be-9ffb-fa1d1e68eb62,5,high,"Scissors for metal cutting",Items_en.m_TableData,17,"",67,"Tools",""
41db58fd-c4f5-43f6-a27b-d517e23da522,5,high,"Huskalite",Items_en.m_TableData,17,"",62,"Materials",""
454aeb37-6e98-4d95-a2a5-8b654cf3e14b,5,high,"Wrench",Items_en.m_TableData,17,"",67,"Tools",""
5b8562c8-1261-435a-8889-9144b4e736e7,5,high,"Scissors",Items_en.m_TableData,17,"",67,"Tools",""
61f597b1-45d4-4ec6-b68c-e17cc20b6200,5,high,".300 E",item_templates.alias_fallback_for_localization_links,3,"Standard Ammo",25,"Expansive Ammo",""
635e33a8-c121-4301-8134-61fe0ca6ac11,5,high,"Thermite",Items_en.m_TableData,17,"",64,"Chemicals",""
67e09dc0-061d-4c3e-b020-15eaaeb3dd01,5,high,"Operator's manual",Items_en.m_TableData,17,"",57,"Papers",""
8528d2bb-e68b-4c73-bedc-4d3a681cb7cd,5,high,"Herstal 57 supressor",item_templates.alias_fallback_for_localization_links,20,"Weapon Mod",9,"Muzzle",""
b86c3008-c36b-43d3-99e5-97811ce05aef,5,high,"P-Hardener",Items_en.m_TableData,17,"",64,"Chemicals",""
c9e8789e-e7a7-4d7b-940b-bd8754670c68,5,high,"PRIMAL",Items_en.m_TableData,20,"Weapon Mod",8,"Sight x{magnification}",""
f2cbd944-3439-451d-a849-07ede42af967,5,high,"Tool battery",Items_en.m_TableData,17,"",66,"A&D components",""
f5ec92b3-85f2-465a-91f8-ed8c1f72f0bc,5,high,"Rifle case",Items_en.m_TableData,22,"Case",47,"Case",""
036000c4-8773-45a7-b72e-c7e95e0ca875,4,high,"Electrical wire",Items_en.m_TableData,17,"",66,"A&D components",""
17f481eb-0cb3-441c-a5d3-36bc7a047f9f,4,high,"Electroshocker",Items_en.m_TableData,11,"Melee Tool",,"",""
2d4949ef-0c5b-4545-9283-4617db378268,4,high,"Empty Tin Can",Items_en.m_TableData,17,"",58,"Waste",""
2e4125fb-85df-45e3-bb6c-30273c49b3b0,4,high,"Heavy Armor Plate",Items_en.m_TableData,17,"",68,"Surplus",""
322764d1-5b80-4bc6-b872-e3fdf344dd2e,4,high,"PCB",Items_en.m_TableData,17,"",66,"A&D components",""
4a615a34-0280-4297-ae6c-8876cf4f8e8f,4,high,"Metal working set",Items_en.m_TableData,17,"",67,"Tools",""
50c17979-ff5e-4ddb-aacc-15f4ed053da7,4,high,"Endoscope",Items_en.m_TableData,17,"",65,"Devices",""
57e6b19d-c8c4-487c-9683-7ea539939a67,4,high,"Spark plug",Items_en.m_TableData,17,"",66,"A&D components",""
5f7fcf28-b7d8-4f95-9cea-98fc793b657b,4,high,"Wire cutters",Items_en.m_TableData,17,"",67,"Tools",""
6e6c1a4d-7e42-4616-bc7b-7f8c8e1f4721,4,high,"Polyester thread",Items_en.m_TableData,17,"",59,"Fabrics",""
9d991ab8-3a58-4751-a758-d86279872dd1,4,high,"Fabrics repair kit",Items_en.m_TableData,14,"Aid Kit",91,"Repair Kit",""
9fb41f1c-3d20-49a9-b1fa-eece14f824f8,4,high,"Titanium wire",Items_en.m_TableData,17,"",66,"A&D components",""
a80e17ad-4c3e-4534-8ac9-2c95229cffd3,4,high,"Reinforced pipe",Items_en.m_TableData,17,"",68,"Surplus",""
a98c1804-2afc-492d-8f99-feb7ce821281,4,high,"Power bank",Items_en.m_TableData,14,"Aid Kit",91,"Repair Kit",""
ef356100-8e19-42ac-ad45-1a6629592ffa,4,high,"AGOTH",Items_en.m_TableData,20,"Weapon Mod",8,"Sight x{magnification}",""
effa3edc-cafc-4b24-93ee-fb99c1da1400,4,high,"Electric screwdriver",Items_en.m_TableData,17,"",67,"Tools",""
f6a8f595-2bb5-4fe1-bbc4-f2939772d9fa,4,high,"Polyester fabric",Items_en.m_TableData,17,"",59,"Fabrics",""
066321bc-ebf4-4011-8811-d0d73ddfc15d,3,high,"Herstal 57 slide X",item_templates.alias_fallback_for_localization_links,20,"Weapon Mod",16,"Slide",""
0962656d-3d31-451c-8235-ea5463de3557,3,high,"Electric Shears",Items_en.m_TableData,17,"",67,"Tools",""
109f6d79-cf40-465a-8a03-e93010acc298,3,high,"Bolt",Items_en.m_TableData,17,"",68,"Surplus",""
1b31a1b3-9b14-49a4-89b6-82df12cc81a9,3,high,"Tarpaulin",Items_en.m_TableData,17,"",59,"Fabrics",""
1bdc2a4c-b9d6-4d68-8d02-26b00f3b4756,3,high,"Herstal SH supressor",item_templates.alias_fallback_for_localization_links,20,"Weapon Mod",9,"Muzzle",""
1c6a716e-fd65-45f0-8578-3851d4755243,3,high,"Sport watch",Items_en.m_TableData,17,"",65,"Devices",""
1e42d136-ea0e-4ca6-9046-a5197aaef7bb,3,high,"Neckar SR93 mag",item_templates.alias_fallback_for_localization_links,20,"Weapon Mod",7,"Magazine",""
22be97dd-eeb8-443d-8e03-be20c208b626,3,high,"Relay",Items_en.m_TableData,17,"",66,"A&D components",""
23631a25-38e9-4bda-a49f-5de37f214a1f,3,high,"Lab scales",Items_en.m_TableData,17,"",65,"Devices",""
27618756-432d-4595-a756-e82a7a8bc97e,3,high,"Aid Kit Box",Items_en.m_TableData,22,"Case",47,"Case",""
2b18fc91-3724-4733-8f3e-34aab87d33e1,3,high,"Epoxy glue",Items_en.m_TableData,17,"",64,"Chemicals",""
2caed088-6206-4c4e-92dd-33ce6ef19220,3,high,"Duct tape",Items_en.m_TableData,17,"",68,"Surplus",""
35491505-7cf2-4da1-bfe2-14a10ff8c9b6,3,high,"Vacuum tube",Items_en.m_TableData,17,"",66,"A&D components",""
35a9779d-a37d-4a2a-92fe-ea4c320cccfa,3,high,"Herstal 57 barrel",item_templates.alias_fallback_for_localization_links,20,"Weapon Mod",12,"Barrel",""
35d8536a-8fbe-42b4-9ebd-6d39844f0e49,3,high,"Eliphalet 700",Items_en.m_TableData,1,"Firearm",5,"Sniper Rifle",""
3bab5426-7d25-4fcb-9adb-982e46cec2ce,3,high,"Rotola",Items_en.m_TableData,17,"",65,"Devices",""
42890513-9735-433e-a391-777ff7a6d95f,3,high,"1A4M",Items_en.m_TableData,1,"Firearm",1,"Assault Rifle",""
44c8b741-5665-46a1-83b8-e2d7e7aaf571,3,high,"Herstal SH butt",item_templates.alias_fallback_for_localization_links,20,"Weapon Mod",11,"Butt",""
46c9d0a2-7aec-44ab-88a2-cfaa4d1f2668,3,high,"Eliphalet 700 extended mag",item_templates.alias_fallback_for_localization_links,20,"Weapon Mod",7,"Magazine",""
490456dc-4492-4e0a-9b27-bf4442670719,3,high,"Eliphalet 700 supressor",item_templates.alias_fallback_for_localization_links,20,"Weapon Mod",9,"Muzzle",""
4e8db72c-4ad6-4c7e-8cdf-3c69dc88e78c,3,high,"Herstal 57 mag",item_templates.alias_fallback_for_localization_links,20,"Weapon Mod",7,"Magazine",""
52329c11-5d35-426b-9378-180c86adad3b,3,high,"Shovel",Items_en.m_TableData,17,"",67,"Tools",""
529e60ae-6d98-4f7d-b02f-b1b6839cf43d,3,high,"KA74 butt X",item_templates.alias_fallback_for_localization_links,20,"Weapon Mod",11,"Butt",""
55d12426-6545-4f68-981a-31236c8cd0bd,3,high,"1A4M receiver",item_templates.alias_fallback_for_localization_links,20,"Weapon Mod",13,"Receiver",""
5d4bf209-c68a-40f1-b8c5-a6d05bee96cb,3,high,"Eliphalet 700 barrel",item_templates.alias_fallback_for_localization_links,20,"Weapon Mod",12,"Barrel",""
6850c148-83ff-4f76-82fa-30599cbb99f7,3,high,"Desk lamp",Items_en.m_TableData,17,"",65,"Devices",""
6d4728cf-8d56-4003-8403-110491e57bbb,3,high,"Herstal SH",Items_en.m_TableData,1,"Firearm",1,"Assault Rifle",""
6f0a8140-6130-4931-b8a6-17215f7c16b5,3,high,"1A4M drum mag",item_templates.alias_fallback_for_localization_links,20,"Weapon Mod",7,"Magazine",""
6fade111-f653-462f-9961-adc92ae52b7d,3,high,".300 WinMag supressor",item_templates.alias_fallback_for_localization_links,20,"Weapon Mod",9,"Muzzle",""
714debe4-ca4b-401d-85d2-43f2cb0c9bad,3,high,"Palladium bar",Items_en.m_TableData,17,"",68,"Surplus",""
82bcee1e-75de-4dfc-8e41-e9f99defb7b0,3,high,"AssaultRifle_01_Butt_02",item_templates.alias_fallback_for_localization_links,20,"Weapon Mod",11,"Butt",""
886fbd17-15eb-4846-975e-77989dc97372,3,high,"Neckar SR93",Items_en.m_TableData,1,"Firearm",5,"Sniper Rifle",""
8a39a623-298a-4b0c-97b9-6cedc04bc0c7,3,high,"Eliphalet 700 rifle stock X",item_templates.alias_fallback_for_localization_links,20,"Weapon Mod",15,"Rifle Stock",""
8bf8f745-ec2c-427b-bc02-67d57e770b6d,3,high,"Power supply",Items_en.m_TableData,17,"",66,"A&D components",""
961f4116-1063-433c-b8cc-6db6f2f58025,3,high,"Frying pan",Items_en.m_TableData,17,"",63,"Ware",""
986ce450-7537-4372-8a15-ec8976ceb22d,3,high,"HB 4 Visor",Items_en.m_TableData,7,"Helmet",79,"Helmet visor",""
995abd32-01e5-4a37-a391-f421ae70fd5c,3,high,"Herstal SH receiver",item_templates.alias_fallback_for_localization_links,20,"Weapon Mod",13,"Receiver",""
9b80b771-1ee0-49c1-9e82-67eda3a6d7a0,3,high,"Herstal SH barrel",item_templates.alias_fallback_for_localization_links,20,"Weapon Mod",12,"Barrel",""
a7c59e5f-4b6b-454f-82b7-07ad6de50780,3,high,"1A4M barrel",item_templates.alias_fallback_for_localization_links,20,"Weapon Mod",12,"Barrel",""
a7cb4394-ff2b-4478-b38b-da4c7342699e,3,high,"Duct tape",Items_en.m_TableData,17,"",68,"Surplus",""
a885bf68-1763-4b06-8fac-232837d6123d,3,high,"Duct tape",Items_en.m_TableData,17,"",68,"Surplus",""
ac0b5eb0-315b-46f0-a715-36240c4e337e,3,high,"Fibermesh",Items_en.m_TableData,17,"",62,"Materials",""
b3346d69-ea6a-4640-8ade-f923f07b7817,3,high,"107-44-8",Items_en.m_TableData,17,"",68,"Surplus",""
b4d6de48-b21d-4ea7-aa3a-512c65b9edb9,3,high,"CRNVM-P",Items_en.m_TableData,13,"Body Part",32,"Head",""
c7d283ef-6c32-4cd8-a23d-245a6b45f0fd,3,high,"Herstal SH mag",item_templates.alias_fallback_for_localization_links,20,"Weapon Mod",7,"Magazine",""
c7f9e401-8d10-43cb-a8b9-b5cafb711236,3,high,"Microcontroller",Items_en.m_TableData,17,"",66,"A&D components",""
d0f41c0c-2db4-48f8-934c-2edcd4423c22,3,high,"HP-hose",Items_en.m_TableData,17,"",63,"Ware",""
d32ca7d9-347e-499d-a69a-2bc3a55accf4,3,high,"Neckar SR93 barrel",item_templates.alias_fallback_for_localization_links,20,"Weapon Mod",12,"Barrel",""
dfaa1590-8e90-4ba9-a9b7-c7f9b37e7cc1,3,high,"Neylon fibers",Items_en.m_TableData,17,"",62,"Materials",""
e311257e-0765-42a1-bd59-56e90c5eba22,3,high,"Neckar SR93 rifle stock X",item_templates.alias_fallback_for_localization_links,20,"Weapon Mod",15,"Rifle Stock",""
e4a92f12-64f9-4b99-b5a6-6ea543fcad04,3,high,"HB4",Items_en.m_TableData,7,"Helmet",31,"Helmet",""
eb80bb95-154a-4d52-91c8-3e5e307387f1,3,high,"EMERKIT storage box",Items_en.m_TableData,22,"Case",47,"Case",""
f1b40f91-e51f-4136-9962-6c9f46f082df,3,high,"Herstal 57",Items_en.m_TableData,1,"Firearm",2,"Pistol",""
01d4067b-1747-4c85-9e86-c47cf311ed15,2,high,"Hugger",Items_en.m_TableData,5,"Backpack",,"",""
01dcb431-1ece-4a54-8aa6-8e374d4d00a2,2,high,"The Burden",Items_en.m_TableData,7,"Helmet",73,"Mask",""
04ee95c1-ed85-4ec3-9dff-9cfd9ddde4ad,2,high,"Ebonite",Items_en.m_TableData,17,"",62,"Materials",""
067803bb-029b-4107-b5a4-4e813625c9e9,2,high,"Hammer drill",Items_en.m_TableData,17,"",67,"Tools",""
0ebceb73-7982-4ecb-90ef-50fd5920bc35,2,high,"L.Arm R21S-BH",Items_en.m_TableData,13,"Body Part",49,"Left arm",""
1109da06-d007-4b1c-b72c-57d67bf05e26,2,high,"Steel",Items_en.m_TableData,17,"",62,"Materials",""
17299786-5731-420f-99a6-425f7c7d6a6d,2,high,"R21S-BH",Items_en.m_TableData,13,"Body Part",33,"Torso",""
18cd5059-3ae5-492c-9b19-1d1eae771d67,2,high,"L.Leg R21S-BH",Items_en.m_TableData,13,"Body Part",51,"Left leg",""
18d100ec-b346-4e76-9cf0-ec748fecb937,2,high,"GP Visor",Items_en.m_TableData,7,"Helmet",79,"Helmet visor",""
19c325cd-790d-4b4f-8cd4-f1dda2953c1a,2,high,"7.62x39 AP",item_templates.alias_fallback_for_localization_links,3,"Standard Ammo",24,"Armor Piercing Ammo",""
1d659d9c-08c9-45ae-9bb8-ca1f0652703b,2,high,"Metal tube",Items_en.m_TableData,17,"",68,"Surplus",""
1f468bc7-0720-4e18-82b8-7fc3e51150ae,2,high,"KA74",Items_en.m_TableData,1,"Firearm",1,"Assault Rifle",""
21e07977-059c-4d79-9efe-ba10ec75d3bd,2,high,"Ramon 1891",Items_en.m_TableData,1,"Firearm",5,"Sniper Rifle",""
26dc9c41-0908-4063-8be2-16b61ff0b9e5,2,high,"Sewing kit",Items_en.m_TableData,17,"",67,"Tools",""
27453ef3-26c8-4de6-80c0-2b5e60093827,2,high,"Set of wrenches",Items_en.m_TableData,17,"",67,"Tools",""
27d4b497-3b03-4a59-ad46-66d6c7b280a1,2,high,"MOPS",Items_en.m_TableData,7,"Helmet",31,"Helmet",""
2bfce643-abd5-49d9-a84b-1ad34ebb491b,2,high,"R.Arm R21S-BH",Items_en.m_TableData,13,"Body Part",50,"Right arm",""
2dda77ec-bbf5-4480-9927-8be93aece84c,2,high,"Audio cassette",Items_en.m_TableData,17,"",39,"Valuables",""
2de91478-fafc-4382-9899-d6e6ac13b924,2,high,"Gunpowder 'A'",Items_en.m_TableData,17,"",64,"Chemicals",""
2edfc44b-b37d-435e-aacc-eb493653640c,2,high,"Choppa facemask",Items_en.m_TableData,7,"Helmet",79,"Helmet visor",""
325d2bd4-08df-439c-986c-94411983ef91,2,high,"Chromatograph",Items_en.m_TableData,17,"",65,"Devices",""
36bda7a3-874d-42ca-a69e-7a36cc9e01cc,2,high,"Sport bottle 1 liter",Items_en.m_TableData,17,"",63,"Ware",""
38ed278d-9804-4249-b923-74c31adea550,2,high,"Oil filter",Items_en.m_TableData,17,"",66,"A&D components",""
3d7b2d30-b205-42dd-ba70-00c6135bc7bc,2,high,"Police shield",Items_en.m_TableData,24,"",102,"Shield",""
419d5b82-444a-43d5-9eb2-fdd482eb35e8,2,high,"Choppa",Items_en.m_TableData,7,"Helmet",31,"Helmet",""
53d665d5-b3d8-47f2-9b2a-e2cb8dbdb991,2,high,"KA74 barrel",item_templates.alias_fallback_for_localization_links,20,"Weapon Mod",12,"Barrel",""
55b3b782-d019-4e6a-868b-ca8eae303f0a,2,high,"Battery C",Items_en.m_TableData,17,"",66,"A&D components",""
56860088-aee1-4ee5-b867-73b4c307c9f7,2,high,"Hammock",Items_en.m_TableData,17,"",61,"Textile",""
56df2c12-1a7b-4225-aac2-b2425a6bc0ba,2,high,"TALKMAN cassette player",Items_en.m_TableData,17,"",65,"Devices",""
57371dca-a5fe-48b9-ba90-2970c36b1d78,2,high,"TICTAC",Items_en.m_TableData,9,"Armor Vest",,"",""
594232ba-770b-4026-a2b9-bf9cc331e5b2,2,high,"MetaPhone",Items_en.m_TableData,17,"",65,"Devices",""
5c8cc8af-831b-4ace-8cde-faea85b7ef6d,2,high,"Trash bags",Items_en.m_TableData,17,"",63,"Ware",""
5d2f5067-7c4f-470c-85bd-dcab0b9dcc59,2,high,"PRO90 SwirlTech suppressor",item_templates.alias_fallback_for_localization_links,20,"Weapon Mod",9,"Muzzle",""
5e1acac2-4a36-452e-831e-b9535564d207,2,high,"L.Leg Nobunaga",Items_en.m_TableData,13,"Body Part",51,"Left leg",""
6304faae-9b23-4f8b-9ac4-995f217acd04,2,high,"'Kanie'",Items_en.m_TableData,6,"Chest Rig",22,"Chest rig",""
673f3876-b10e-44d8-ab65-b17540cdd9af,2,high,"Car parts",Items_en.m_TableData,17,"",68,"Surplus",""
6b8d7661-ce64-47eb-8788-68c42539703e,2,high,"Fishing rod",Items_en.m_TableData,17,"",67,"Tools",""
6cb2d799-1b9d-4f20-b829-d2a054d0111f,2,high,"PVC tube",Items_en.m_TableData,17,"",68,"Surplus",""
6eff4289-ef99-4cc7-9c7a-f156ae411d80,2,high,"Trustbang",Items_en.m_TableData,20,"Weapon Mod",9,"Muzzle",""
78c605da-cfe8-4076-b08b-d3a78339c20d,2,high,"Repair manual",Items_en.m_TableData,17,"",57,"Papers",""
7f80a8db-fd6b-487e-9e49-59b2279e6d53,2,high,"Gunpowder 'M'",Items_en.m_TableData,17,"",64,"Chemicals",""
8341cbac-90f0-4575-8731-e82793be882b,2,high,"Big can of cucumbers",Items_en.m_TableData,17,"",56,"Organics",""
83851a2f-728f-4052-9b65-2f3e9f5b0ddb,2,high,"Keyholder",Items_en.m_TableData,22,"Case",46,"Key holder",""
942450a3-dde2-4f9e-9a49-8afa51d237dc,2,high,"KA74 receiver HEX",item_templates.alias_fallback_for_localization_links,20,"Weapon Mod",13,"Receiver",""
958a6512-5559-49e9-91d9-294baa109162,2,high,"Ramon 1891 stock barrel",item_templates.alias_fallback_for_localization_links,20,"Weapon Mod",12,"Barrel",""
a195ae0d-8cd1-4651-af9e-a604f276a825,2,high,"Pocket watch",Items_en.m_TableData,17,"",39,"Valuables",""
a3b740e1-c291-4e30-819f-58c3f6a95b12,2,high,"Aramid fabric",Items_en.m_TableData,17,"",59,"Fabrics",""
a4ff9cd7-cf76-42b6-b042-66cbef1bb119,2,high,"Military laptop",Items_en.m_TableData,17,"",65,"Devices",""
a5535eb8-ba62-4724-9903-4845bb0b4afd,2,high,"FIREX-PRO",Items_en.m_TableData,20,"Weapon Mod",8,"Sight x{magnification}",""
a7fcef8c-2bf0-48ed-ab29-7af4199d9d81,2,high,"SLNT12",Items_en.m_TableData,20,"Weapon Mod",9,"Muzzle",""
a9897cc7-f4a2-4891-ae7e-d63b731a10e2,2,high,"HDD",Items_en.m_TableData,17,"",66,"A&D components",""
ab9c9c22-551e-46f0-87e8-7e20771faf1e,2,high,"Digital Camera",Items_en.m_TableData,17,"",65,"Devices",""
ae9530f9-73bd-475d-9760-35f0a29ba6f7,2,high,"Hadfield",Items_en.m_TableData,17,"",62,"Materials",""
b1c818fa-0ae5-415c-b407-a9c1a92feb14,2,high,"AD A+",Items_en.m_TableData,17,"",53,"Grinder disc",""
b3a651fb-f809-42d1-b2e2-3c7b971d9e9e,2,high,"Fan",Items_en.m_TableData,17,"",65,"Devices",""
b3b6f9c3-6b34-41dc-b5c6-1e43ffcbe7c2,2,high,"Sealant",Items_en.m_TableData,17,"",64,"Chemicals",""
b4966a1d-a693-4c8f-b696-c58e7f5c6927,2,high,"1A4M Trustshot suppressor",item_templates.alias_fallback_for_localization_links,20,"Weapon Mod",9,"Muzzle",""
ba1ff498-fd79-4260-833c-686d6a8b6ac3,2,high,"9x39 AP",item_templates.alias_fallback_for_localization_links,3,"Standard Ammo",24,"Armor Piercing Ammo",""
be2d92e3-2b1f-4a9a-9e3a-00876ee78f8a,2,high,"Duck Supp",Items_en.m_TableData,20,"Weapon Mod",9,"Muzzle",""
c122feae-e20f-4b13-acc2-2816e8174f0d,2,high,"MRAS",Items_en.m_TableData,20,"Weapon Mod",30,"Collimator sight",""
c19432b1-5f3d-49b0-9d5a-e7621eed4816,2,high,"Laser level",Items_en.m_TableData,17,"",67,"Tools",""
c2100003-aed3-4a91-8dd5-8c4f55c6a427,2,high,"CPU cooler",Items_en.m_TableData,17,"",66,"A&D components",""
c2505272-c1d2-44ec-b491-3e173c5213d5,2,high,"Utility knife",Items_en.m_TableData,17,"",67,"Tools",""
c7220f04-34b1-4477-bce4-8dd16dc09237,2,high,"CPU",Items_en.m_TableData,17,"",66,"A&D components",""
c9435509-b4e1-482a-a54b-c50752ae9268,2,high,"QUAKE",Items_en.m_TableData,20,"Weapon Mod",8,"Sight x{magnification}",""
ca41fd98-0904-4e35-b6af-b83032b0bf29,2,high,"099990-PSI",Items_en.m_TableData,17,"",66,"A&D components",""
cb0b2fa8-c930-4aa7-88da-0dd02ee079d3,2,high,"L.Arm Nobunaga",Items_en.m_TableData,13,"Body Part",49,"Left arm",""
cb45cd15-c481-41a3-87fb-1be2ef1b847e,2,high,"Thermal paste",Items_en.m_TableData,17,"",64,"Chemicals",""
cc5fa930-5e6a-44a3-b336-5886320cf6bb,2,high,"R.Leg Nobunaga",Items_en.m_TableData,13,"Body Part",52,"Right leg",""
cd916d85-50a2-43ee-b085-7f4eca535fa3,2,high,"Erlenmeyer flask",Items_en.m_TableData,17,"",63,"Ware",""
cd9976eb-64bb-4b58-a9a1-e1073bc1ed24,2,high,"Medium Anti-Jam Kit",Items_en.m_TableData,14,"Aid Kit",90,"Aid Kit",""
d1b9df33-ad32-4eb4-9db3-95eba73cce96,2,high,"R.Arm Nobunaga",Items_en.m_TableData,13,"Body Part",50,"Right arm",""
d6c4bb04-d6a1-4cd7-977d-73c05ce701df,2,high,"Nut",Items_en.m_TableData,17,"",68,"Surplus",""
d89d8235-967b-456b-8d81-1fca88458fe9,2,high,"Acrylic",Items_en.m_TableData,17,"",62,"Materials",""
dc1111e7-232f-4592-acc3-db20d9378270,2,high,"GP",Items_en.m_TableData,7,"Helmet",31,"Helmet",""
e6a6af7e-fce4-4163-8a83-45db296010ba,2,high,"Nobunaga",Items_en.m_TableData,13,"Body Part",33,"Torso",""
eb0504d1-d7a3-4906-b04b-8dcc91c6dae2,2,high,"KA74 supressor",item_templates.alias_fallback_for_localization_links,20,"Weapon Mod",9,"Muzzle",""
ecdf5f38-60d6-4798-a4ac-4e1388583e89,2,high,"SHARINGUN",Items_en.m_TableData,20,"Weapon Mod",30,"Collimator sight",""
f03af5f6-61cc-40c0-bf72-547f522d4d93,2,high,"Tarpaulin thread",Items_en.m_TableData,17,"",59,"Fabrics",""
f1b2768e-9a75-4c17-8b1c-1a5a87b67c3e,2,high,"TandJ suppressor",item_templates.alias_fallback_for_localization_links,20,"Weapon Mod",9,"Muzzle",""
f73da755-0c16-4164-bf0d-64ffafd63a8a,2,high,"R.Leg R21S-BH",Items_en.m_TableData,13,"Body Part",52,"Right leg",""
fd4000b1-b5ba-4d0d-9b8a-1afe0fcaeb4f,2,high,"KA74 ext. mag",item_templates.alias_fallback_for_localization_links,20,"Weapon Mod",7,"Magazine",""
020f4f95-8e03-4393-b41f-7a8409085d1e,1,high,"Bodypart Blueprint",Items_en.m_TableData,37,"",95,"Blueprint",""
03abefff-f395-47b5-bd66-7ad7561d9bcb,1,high,"Neckar SR93 rifle stock",item_templates.alias_fallback_for_localization_links,20,"Weapon Mod",15,"Rifle Stock",""
048e46f5-652f-42aa-8394-89ea7d930ad7,1,high,"Disposable gloves",Items_en.m_TableData,17,"",68,"Surplus",""
04d5db24-23d2-4655-ab6e-0ef2be305cbc,1,high,"Cotton",Items_en.m_TableData,17,"",59,"Fabrics",""
055f2121-3dbe-4c50-bc49-4df4ff3cc757,1,high,"FE",Items_en.m_TableData,9,"Armor Vest",,"",""
05719140-60db-494c-b32c-d0c62955312f,1,high,"FPV goggles",Items_en.m_TableData,17,"",65,"Devices",""
06811963-be6a-462a-9917-fb6457bdfddb,1,high,"Laptop Battery",Items_en.m_TableData,17,"",66,"A&D components",""
0721861b-3767-42a3-9670-69a8e524c0a9,1,high,"Paint can",Items_en.m_TableData,17,"",64,"Chemicals",""
078312c7-a809-4a0c-91f9-08714cbe37b3,1,high,"Fortknight",Items_en.m_TableData,5,"Backpack",,"",""
0a92e93b-a479-40c5-9156-181eb04096a4,1,high,"Beastmaster",Items_en.m_TableData,20,"Weapon Mod",8,"Sight x{magnification}",""
0c5125aa-4d25-4512-bb5b-03167c123e22,1,high,"Jaegeraugen",Items_en.m_TableData,20,"Weapon Mod",8,"Sight x{magnification}",""
0d8980ad-7696-4fb5-b5f2-9ee2ac4072b4,1,high,"Arc Welders",Items_en.m_TableData,17,"",39,"Valuables",""
0f36ad15-476b-4dee-85dd-3fede7688ef6,1,high,"ETA 45 supressor",item_templates.alias_fallback_for_localization_links,20,"Weapon Mod",9,"Muzzle",""
156b94b5-3081-4b7a-9665-f2b122448961,1,high,"Durafault",Items_en.m_TableData,17,"",62,"Materials",""
1660acbb-3a12-40e6-a9a1-9db844d8a735,1,high,"Maximillian V OS",Items_en.m_TableData,20,"Weapon Mod",8,"Sight x{magnification}",""
171cc3b7-b1de-4223-87ec-d15372baffb0,1,high,"AssaultRifle_06_Receiver_01",item_templates.alias_fallback_for_localization_links,20,"Weapon Mod",13,"Receiver",""
19194808-14ca-4a19-b824-e57a18d7358c,1,high,"AssaultRifle_06_Suppressor_01",item_templates.alias_fallback_for_localization_links,20,"Weapon Mod",9,"Muzzle",""
19f57aab-204c-47a5-ac56-560262d11f72,1,high,"Vintage Telephone",Items_en.m_TableData,17,"",65,"Devices",""
1b875177-ccb6-4ae0-bd45-7fad8921e0dd,1,high,"R.Arm EW3-I",Items_en.m_TableData,13,"Body Part",50,"Right arm",""
1c673324-9718-44d6-83b7-6cd1b37576d3,1,high,"R21G",Items_en.m_TableData,13,"Body Part",33,"Torso",""
1d9459b3-4ca7-4759-bea6-cafe266ec3a2,1,high,"Pistol_06_Barrel_03",item_templates.alias_fallback_for_localization_links,20,"Weapon Mod",12,"Barrel",""
1e2cb018-0448-4407-80fb-04adf01a43b1,1,high,"FPV Drone",Items_en.m_TableData,17,"",65,"Devices",""
1f2c5d76-d78d-4962-ba28-7bf726c6748d,1,high,"ETA 5 butt",item_templates.alias_fallback_for_localization_links,20,"Weapon Mod",11,"Butt",""
21de42bf-4145-49a2-952a-76c109f0cdf2,1,high,"Cement",Items_en.m_TableData,17,"",62,"Materials",""
22e83fd7-f87d-4d80-be6e-f85056341e94,1,high,"PRZL-5",Items_en.m_TableData,20,"Weapon Mod",8,"Sight x{magnification}",""
2377cfe5-0fd7-4c09-bf35-1b58a6b0092e,1,high,"B-pliers",Items_en.m_TableData,17,"",67,"Tools",""
23d2c71d-1e99-4b48-a59a-ed332d3ff4e6,1,high,"Vintage Camera",Items_en.m_TableData,17,"",65,"Devices",""
23df7a6b-022c-4e42-9c2d-ab4b11895e99,1,high,"HDPE",Items_en.m_TableData,17,"",62,"Materials",""
245375c0-1ef8-42a8-8324-7b0cc2e7352d,1,high,"SniperRifle_05_Receiver_01",item_templates.alias_fallback_for_localization_links,20,"Weapon Mod",13,"Receiver",""
24c88a20-d6da-41fb-9dba-91c69b078718,1,high,"Gunpowder",Items_en.m_TableData,17,"",64,"Chemicals",""
24ea38dd-e313-4303-a077-331d80de2694,1,high,"Zveroboi",Items_en.m_TableData,20,"Weapon Mod",8,"Sight x{magnification}",""
25182c18-e2d5-49b1-a3c5-91f680a21386,1,high,"Pistol_06_Magazine_01",item_templates.alias_fallback_for_localization_links,20,"Weapon Mod",7,"Magazine",""
2717d66c-4303-4796-a125-0bcedfd7fea9,1,high,"Ronnie B4 mag",item_templates.alias_fallback_for_localization_links,20,"Weapon Mod",7,"Magazine",""
29a49914-d5aa-4a8f-919c-043e08e7fe82,1,high,"PRO 90 mag",item_templates.alias_fallback_for_localization_links,20,"Weapon Mod",7,"Magazine",""
29d5fdbe-c255-4f33-a018-b7fbeca6acc4,1,high,"Bodypart Blueprint",Items_en.m_TableData,37,"",95,"Blueprint",""
2c3eddac-b0d6-4d90-9d8e-67a78ba9d514,1,high,"SK99AA",Items_en.m_TableData,1,"Firearm",1,"Assault Rifle",""
2dbbe764-b024-444a-a652-fe003b82b99a,1,high,"SSD",Items_en.m_TableData,17,"",66,"A&D components",""
2e526cb5-1b32-4f8a-ac84-23864d67107b,1,high,"Recycler",item_templates.alias,12,"Internal",93,"",""
2fbb45ec-ce09-416a-9d8d-5aa7ae7b527d,1,high,"CORE10",Items_en.m_TableData,17,"",62,"Materials",""
3059e2a7-232e-4684-a550-e1baf2be90fa,1,high,"ETA 5 receiver X",item_templates.alias_fallback_for_localization_links,20,"Weapon Mod",13,"Receiver",""
308cf5de-1667-4e80-a6ac-ac0312033f89,1,high,"Phantom Items Container",item_templates.alias,12,"Internal",,"",""
32cf2a9b-6877-4327-92ec-ae81aa1d9796,1,high,"Relaxant",Items_en.m_TableData,17,"",64,"Chemicals",""
32f347fb-3017-4d4d-a5fd-3b126bc767d2,1,high,"ETA 45 butt",item_templates.alias_fallback_for_localization_links,20,"Weapon Mod",11,"Butt",""
34191a8f-f8e3-412e-845a-ca812261402e,1,high,"TAB",Items_en.m_TableData,5,"Backpack",,"",""
357fcd11-546d-4082-954d-4bc0873aa83e,1,high,"Vise",Items_en.m_TableData,17,"",67,"Tools",""
36b66ae1-ee8c-41fa-8c35-5e0075d7f437,1,high,"Rusty hammer",Items_en.m_TableData,17,"",67,"Tools",""
37b81f16-cea6-4d10-a4e5-9afc3e24d77d,1,high,"DVS FH X",item_templates.alias_fallback_for_localization_links,20,"Weapon Mod",14,"Muzzle",""
389fc77a-4c9e-446d-be16-ee140594d49c,1,high,"CraftRecipe_Blueprints_Storage_Module",item_templates.alias,12,"Internal",93,"",""
3a9e574c-5d78-4d4f-8b48-fc88ed622936,1,high,"Empty bottle small",Items_en.m_TableData,17,"",58,"Waste",""
3aa4f976-8753-46a2-8f14-768362c8b116,1,high,"CKA VTF",Items_en.m_TableData,20,"Weapon Mod",10,"Tactical Handle",""
3b481f5d-be22-439e-8a7c-6cf15f7714db,1,high,"Hopea 9310",Items_en.m_TableData,17,"",65,"Devices",""
3ff34f15-f56d-4d06-ae40-e798c22f0c5a,1,high,"Catalyst",Items_en.m_TableData,17,"",55,"Reagents",""
40ded529-c778-4158-be96-6706088d5700,1,high,"Ballistic neylon",Items_en.m_TableData,17,"",59,"Fabrics",""
448206cc-ec5a-4ea6-86da-e85117a03912,1,high,"Bodypart Blueprint",Items_en.m_TableData,37,"",95,"Blueprint",""
45a7c4fe-ac97-4b8e-8a08-5ebb0c2e6d42,1,high,"PVC",Items_en.m_TableData,17,"",62,"Materials",""
4606342c-b96a-4019-9379-364841fa7cf7,1,high,"VMAG30",Items_en.m_TableData,20,"Weapon Mod",7,"Magazine",""
49d5c857-4429-4ab4-8cc4-000b6b5b3a47,1,high,"CRNVM-B",Items_en.m_TableData,13,"Body Part",32,"Head",""
4c63ed65-8862-4494-b27a-bbc4102f016f,1,high,"Radar",Items_en.m_TableData,17,"",66,"A&D components",""
512aca49-5535-4c9b-8b3d-4f51434cf6df,1,high,"AssaultRifle_05_Receiver_01",item_templates.alias_fallback_for_localization_links,20,"Weapon Mod",13,"Receiver",""
54594c18-bc4b-485a-bc1f-d2f500694f31,1,high,"Face mask",Items_en.m_TableData,17,"",61,"Textile",""
556ab63c-ec9f-4b35-9454-c5f6ba0a9473,1,high,"Thermoplast",Items_en.m_TableData,17,"",62,"Materials",""
55866eb4-938b-4b30-bee1-4fdcd94026b8,1,high,"M1918 Helmet Mask",Items_en.m_TableData,7,"Helmet",79,"Helmet visor",""
56bd8a68-c89d-4054-80f0-812efe86eaca,1,high,"Ronnie B4 flash hider",item_templates.alias_fallback_for_localization_links,20,"Weapon Mod",14,"Muzzle",""
571cc1e9-7aec-4330-8e58-0d23b57afcc3,1,high,"Saigak-13",Items_en.m_TableData,1,"Firearm",4,"Shotgun",""
57afaf2c-01e5-460b-933f-0aa6e6f2cb2a,1,high,"Key_Port_Logistics_Distribution",item_templates.alias,23,"Key",,"",""
57b4aae7-a1d3-4d31-a2b4-bee5ef3d9557,1,high,"Storage",Items_en.m_TableData,12,"Internal",93,"",""
58553d07-55c9-42c3-8e42-914d4727f925,1,high,"AccountData_Storage_Module",item_templates.alias,12,"Internal",93,"",""
58ea444c-11e5-4799-ab97-f88242883e59,1,high,"AssaultRifle_06_Barrel_01",item_templates.alias_fallback_for_localization_links,20,"Weapon Mod",12,"Barrel",""
59bb6feb-8f70-42fc-85b2-16a2341fdda6,1,high,"Honing tool",Items_en.m_TableData,17,"",67,"Tools",""
5b6f373c-f022-4ebc-9e0b-2c8d82c41798,1,high,"LEP-7",Items_en.m_TableData,20,"Weapon Mod",8,"Sight x{magnification}",""
5c433ee7-b2ab-4add-97d4-9db191a56b6a,1,high,"Nobunaga",Items_en.m_TableData,13,"Body Part",32,"Head",""
615c92a4-183f-4c45-bae5-5d53a3dc3334,1,high,"Presswood",Items_en.m_TableData,17,"",62,"Materials",""
67e9d155-a24a-4d34-9acc-f8828be0657b,1,high,"EventCalendarModule",item_templates.alias,12,"Internal",93,"",""
67ef3f12-ad89-4cf2-89d5-1f1fcded472c,1,high,"Saurus",Items_en.m_TableData,1,"Firearm",2,"Pistol",""
68511907-474f-4200-9ec3-d34bb154e3f6,1,high,"Army tent",Items_en.m_TableData,17,"",61,"Textile",""
68cfd43c-0bba-4f93-96b0-4852e3278236,1,high,"Gaston 17 slide X",item_templates.alias_fallback_for_localization_links,20,"Weapon Mod",16,"Slide",""
68f4acce-9559-42e7-8ed4-9319a641da41,1,high,"Travel tent",Items_en.m_TableData,17,"",61,"Textile",""
69690b55-c1ff-4c8c-995c-e14775976e95,1,high,"Taiga-12 barrel",item_templates.alias_fallback_for_localization_links,20,"Weapon Mod",12,"Barrel",""
697f5509-e32c-4f30-ba6a-b73280fa5379,1,high,"ETA 45 ext. mag",item_templates.alias_fallback_for_localization_links,20,"Weapon Mod",7,"Magazine",""
6b31147a-42bd-4fe8-a7ae-e16570f3db62,1,high,"SeaSeal",Items_en.m_TableData,6,"Chest Rig",22,"Chest rig",""
6c604713-0518-41ab-852d-c7dd5c7dbe44,1,high,"Umbrella",Items_en.m_TableData,17,"",67,"Tools",""
6ea9decb-801a-4aeb-8b82-65dc081dac1b,1,high,"Polisher",Items_en.m_TableData,17,"",67,"Tools",""
6f8b4a62-9113-409b-8d60-c048adb9cb67,1,high,"L.Arm CW3-I",Items_en.m_TableData,13,"Body Part",49,"Left arm",""
6f9f5e88-2a67-4fb2-8a77-2c41dad4eb82,1,high,"Sensor",Items_en.m_TableData,31,"Bodymod",37,"Modified Sensor",""
71111a00-b560-43c6-98d5-39d90c7fb822,1,high,"Data-Meter",Items_en.m_TableData,18,"Quest item",86,"",""
71927f2e-2d19-440b-9df8-bb8846dd681f,1,high,"DVS",Items_en.m_TableData,1,"Firearm",5,"Sniper Rifle",""
7459e531-5f8c-4e22-8ecb-e305d90aae9f,1,high,"R.Leg EW3-I",Items_en.m_TableData,13,"Body Part",52,"Right leg",""
7757233e-7304-4aff-b5ab-15d1eb314bd2,1,high,"Hard rubber",Items_en.m_TableData,17,"",62,"Materials",""
79abc434-0aca-4f1c-a786-47d8950665f8,1,high,"Corrosion inhibitor",Items_en.m_TableData,17,"",64,"Chemicals",""
7b7468fa-1252-4dc3-aba1-6b8a7ed30128,1,high,"AA batteries",Items_en.m_TableData,17,"",66,"A&D components",""
7c6d77b0-6b9f-4fea-ad41-166657783d77,1,high,"DIY SR",Items_en.m_TableData,20,"Weapon Mod",9,"Muzzle",""
7c7e06a7-128c-4c88-a754-7686e04a2b2c,1,high,"ETA 45 receiver",item_templates.alias_fallback_for_localization_links,20,"Weapon Mod",13,"Receiver",""
7fdf87b0-4e3c-4f91-9e98-fbb887a31692,1,high,"CW3-IP",Items_en.m_TableData,13,"Body Part",33,"Torso",""
805214b3-cc17-4209-a067-e52a0f5e568f,1,high,"Pistol_06_Barrel_02",item_templates.alias_fallback_for_localization_links,20,"Weapon Mod",12,"Barrel",""
8098a987-87e2-41ee-8b9c-9af6a990f779,1,high,"Taiga-12 receiver",item_templates.alias_fallback_for_localization_links,20,"Weapon Mod",13,"Receiver",""
80ff3305-460c-4302-bfe9-5ed6e4dc2567,1,high,"ETA 5 supressor",item_templates.alias_fallback_for_localization_links,20,"Weapon Mod",9,"Muzzle",""
81c4f709-043f-459f-a058-c1a63baf42b1,1,high,"Acid",Items_en.m_TableData,17,"",55,"Reagents",""
830b5f16-acc5-4bd3-a266-5bd578690c10,1,high,"ETA 45 threaded barrel",item_templates.alias_fallback_for_localization_links,20,"Weapon Mod",12,"Barrel",""
833daeed-7642-490b-969f-de79d49bca8a,1,high,"AssaultRifle_06_Butt_01",item_templates.alias_fallback_for_localization_links,20,"Weapon Mod",11,"Butt",""
867cec9a-7105-4ac0-90c6-3a40e329e8db,1,high,"Video game console",Items_en.m_TableData,17,"",65,"Devices",""
87e3f6ae-54d1-4a79-a827-2960256b94ff,1,high,"Cotton thread",Items_en.m_TableData,17,"",59,"Fabrics",""
88bba90f-cf99-4234-a1cd-05fcbc8344a4,1,high,"Gold",Items_en.m_TableData,17,"",62,"Materials",""
8953338a-3148-42e9-926f-0ff6e01a0232,1,high,"AssaultRifle_05_Barrel_01",item_templates.alias_fallback_for_localization_links,20,"Weapon Mod",12,"Barrel",""
897ca2ec-eba8-4fdd-b03f-3325804a81b9,1,high,"Safe Box Basic",Items_en.m_TableData,22,"Case",78,"Safe Box",""
8ac7459b-6b67-4757-88c0-21549c6ba4da,1,high,"SniperRifle_05_Barrel_01",item_templates.alias_fallback_for_localization_links,20,"Weapon Mod",12,"Barrel",""
8b6ef869-942d-491b-8d06-b90f6e6238c0,1,high,"M1918",Items_en.m_TableData,7,"Helmet",31,"Helmet",""
8bd5d00b-458a-4652-8f02-dd60e7937a86,1,high,"Audioplayer",Items_en.m_TableData,17,"",65,"Devices",""
8d1a20b3-16f0-4489-aaca-692f2ce39ceb,1,high,"ETA 5 barrel",item_templates.alias_fallback_for_localization_links,20,"Weapon Mod",12,"Barrel",""
8d5c2bd3-644d-42ac-82b9-a8ffe1ab10ae,1,high,"Sorel",Items_en.m_TableData,17,"",62,"Materials",""
8da3a95c-7274-4d22-ae9b-c3b34ea0ddd7,1,high,"SVS",Items_en.m_TableData,1,"Firearm",5,"Sniper Rifle",""
90962383-4317-4d9d-ba41-a1510b4f51af,1,high,"DVS barrel",item_templates.alias_fallback_for_localization_links,20,"Weapon Mod",12,"Barrel",""
92d4d4fd-88a4-4e4e-b60d-8c38b898a457,1,high,"Ronnie B4 rifle stock",item_templates.alias_fallback_for_localization_links,20,"Weapon Mod",15,"Rifle Stock",""
930bbdd3-a95b-40a6-a741-dbd894206ac1,1,high,"OKO-77",Items_en.m_TableData,20,"Weapon Mod",8,"Sight x{magnification}",""
93686991-de7f-4aad-bcfe-1eebe51381af,1,high,"PRO90 Sight",item_templates.alias_fallback_for_localization_links,20,"Weapon Mod",8,"Sight x{magnification}",""
93b192e4-29aa-42df-8aba-6fd817c8be33,1,high,"Bodypart Blueprint",Items_en.m_TableData,37,"",95,"Blueprint",""
94ec0454-79aa-47e1-86ca-659d1fa5e14f,1,high,"AssaultRifle_05_Magazine_01",item_templates.alias_fallback_for_localization_links,20,"Weapon Mod",7,"Magazine",""
96103985-3274-40a9-a695-ef33dfcccc9a,1,high,"Plastic lunchbox",Items_en.m_TableData,17,"",63,"Ware",""
961eb7ee-63d2-46a8-84be-5749bbae4cf7,1,high,"CRNM-X",Items_en.m_TableData,13,"Body Part",32,"Head",""
96ba8898-fe56-4860-a4fb-8137ac61cb44,1,high,"Gaston 17 supressor",item_templates.alias_fallback_for_localization_links,20,"Weapon Mod",9,"Muzzle",""
97556a99-424f-4f7e-89d8-9a444b446476,1,high,"Fishing line",Items_en.m_TableData,17,"",68,"Surplus",""
9813f59d-0a9f-4ee3-bd5d-d5a53d5a481a,1,high,"M1918 Shield",Items_en.m_TableData,7,"Helmet",79,"Helmet visor",""
9835e4f5-b2fc-4de7-a44e-5ece6414717e,1,high,"SniperRifle_01_Receiver_03",item_templates.alias_fallback_for_localization_links,20,"Weapon Mod",13,"Receiver",""
9a5d17ef-1040-4733-bec6-a3b7d67a6fc4,1,high,"Skill_SoundLocator",item_templates.alias,36,"",,"",""
9a8edaeb-cbe5-44f5-a748-698b46eb3a48,1,high,"Rusty brake disc",Items_en.m_TableData,17,"",58,"Waste",""
9c5864fb-7aff-4c42-bd1c-1a6a76b89ec5,1,high,"Spirit level",Items_en.m_TableData,17,"",67,"Tools",""
9dd40a31-fe9f-4158-9575-a8e6780978bd,1,high,"Screw",Items_en.m_TableData,17,"",68,"Surplus",""
9e8b3a0f-3bf3-451f-9b25-d54efe38c728,1,high,"Dalahast",Items_en.m_TableData,17,"",39,"Valuables",""
9eaba8f2-f202-426f-ac8a-098ef722281c,1,high,"AssaultRifle_06_Magazine_01",item_templates.alias_fallback_for_localization_links,20,"Weapon Mod",7,"Magazine",""
a2edf11d-e714-4fcc-8e87-ba4631e69a56,1,high,"Armor Blueprint",Items_en.m_TableData,37,"",96,"Blueprint",""
a38ea867-2348-4c49-9a9e-7587d17a7586,1,high,"Item blueprint",Items_en.m_TableData,37,"",100,"Blueprint",""
a4261e12-765c-4939-b6ca-8f572a6434b3,1,high,"BIGD",Items_en.m_TableData,12,"Internal",36,"Angle Grinder",""
a4771787-8c38-46e3-a696-05729708752b,1,high,"Plastic powder '2'",Items_en.m_TableData,17,"",62,"Materials",""
a504da84-d56e-4422-a09d-9fa046c83915,1,high,"L.Arm EW3-I",Items_en.m_TableData,13,"Body Part",49,"Left arm",""
a50bf0c1-25f3-4668-afe4-92bccd60ed0c,1,high,"Ramon 1891 mag",item_templates.alias_fallback_for_localization_links,20,"Weapon Mod",7,"Magazine",""
a64c41e9-862d-4187-a274-fd2935c7cdad,1,high,"ETA 45",Items_en.m_TableData,1,"Firearm",3,"SMG",""
a89445cc-3d7d-45a7-a64c-e0eaf26cdfbc,1,high,"Nail",Items_en.m_TableData,17,"",68,"Surplus",""
a8e9e196-51e8-4e40-8c11-a43b5c2fdbe0,1,high,"Woodmann",Items_en.m_TableData,20,"Weapon Mod",8,"Sight x{magnification}",""
aa0bdd79-7dc3-4ed8-84f8-4d6ff623728b,1,high,"Syringe empty",Items_en.m_TableData,17,"",58,"Waste",""
aa137e38-f5ff-49b2-8e81-186c0cf935a8,1,high,"Storage",Items_en.m_TableData,12,"Internal",93,"",""
aa1a77df-08ca-4d4b-b20a-63e98bc3eef9,1,high,"L.Leg EW3-I",Items_en.m_TableData,13,"Body Part",51,"Left leg",""
aa46aecd-340a-4bba-abc8-adf716b258f8,1,high,"MA17",Items_en.m_TableData,1,"Firearm",1,"Assault Rifle",""
ae26c0a8-e6f1-43d2-b907-693adc6ae540,1,high,"VULTURE",Items_en.m_TableData,7,"Helmet",31,"Helmet",""
ae596355-675d-4799-ac00-8f52a81977c3,1,high,"FOXTROT-U",Items_en.m_TableData,20,"Weapon Mod",8,"Sight x{magnification}",""
b06d5c8a-2c7d-47d6-93ec-fd0937b7c579,1,high,"2Striper",Items_en.m_TableData,17,"",61,"Textile",""
b0bf02cd-3e44-4e88-878a-bde1f00adcad,1,high,"Cotton fibers",Items_en.m_TableData,17,"",62,"Materials",""
b16ef76f-e44a-4f94-bb4f-20cb45737c22,1,high,"SniperRifle_04_RifleStock_03",item_templates.alias_fallback_for_localization_links,20,"Weapon Mod",15,"Rifle Stock",""
b18c4762-e367-4dc2-b823-78f2e87f3536,1,high,"DVS supressor",item_templates.alias_fallback_for_localization_links,20,"Weapon Mod",9,"Muzzle",""
b2afd4b9-b64c-453b-9d5b-1036c31f5c62,1,high,"SniperRifle_04_RifleStock_04",item_templates.alias_fallback_for_localization_links,20,"Weapon Mod",15,"Rifle Stock",""
b4b5954b-ffd5-496d-aaa5-971a1bf3db54,1,high,"SniperRifle_04_Magazine_02",item_templates.alias_fallback_for_localization_links,20,"Weapon Mod",7,"Magazine",""
b9c96112-6b2b-4b53-a78e-58722e378dd6,1,high,"QR code scanner",Items_en.m_TableData,17,"",65,"Devices",""
bb20942a-0500-4939-ac4e-bb809700c304,1,high,"Slag",Items_en.m_TableData,17,"",62,"Materials",""
bc822b88-51c1-437d-bb28-b8d745a4fc63,1,high,"Taiga-12 mag",item_templates.alias_fallback_for_localization_links,20,"Weapon Mod",7,"Magazine",""
becd9038-d776-4851-af65-9e1bc6e20b70,1,high,"Krueger Adios",Items_en.m_TableData,1,"Firearm",2,"Pistol",""
bf8e6864-b25e-4cd1-a3cc-5e1c57fea5a9,1,high,"Oscilloscope",Items_en.m_TableData,17,"",66,"A&D components",""
bf9eaf18-cd45-4c56-9871-6f8927c4843f,1,high,"Sawed off 12",Items_en.m_TableData,1,"Firearm",4,"Shotgun",""
c15e5e28-0821-4e86-956d-48ff577fa41c,1,high,"Body Parts Tuner",item_templates.alias,12,"Internal",93,"",""
c1a01ca0-2711-4e54-a0bf-f530e59b4858,1,high,"Weapons Workbench",item_templates.alias,12,"Internal",93,"",""
c353d7eb-99c0-400e-89b7-9f9b27c902d0,1,high,"Bodypart Blueprint",Items_en.m_TableData,37,"",95,"Blueprint",""
c489054e-2478-4e5b-b2cb-d7c0b4e55603,1,high,"MONOLITH",Items_en.m_TableData,6,"Chest Rig",23,"Armored chest rig",""
c55edf17-995b-4fdd-a990-1ba4d7a0e853,1,high,"Aluminum bar",Items_en.m_TableData,17,"",62,"Materials",""
c5bbf445-8dea-4e0f-b9e6-8add7975e2c9,1,high,"Dead powerbank",Items_en.m_TableData,17,"",65,"Devices",""
c6623cb5-3520-4ddb-80f5-50d9d32df1bf,1,high,"Shotgun_06_Magazine_01",item_templates.alias_fallback_for_localization_links,20,"Weapon Mod",7,"Magazine",""
c8b1ec7a-325f-4628-a9d0-4ad724800ba3,1,high,"KNOCKIA",Items_en.m_TableData,6,"Chest Rig",23,"Armored chest rig",""
c95fbaf6-2f51-4c50-9a01-fc7297b2894d,1,high,"Humboldt Y4 OS",Items_en.m_TableData,20,"Weapon Mod",8,"Sight x{magnification}",""
ca1d8c14-b3e9-45ee-a1c3-db6c57142bed,1,high,"Taiga-12 butt",item_templates.alias_fallback_for_localization_links,20,"Weapon Mod",11,"Butt",""
ca6e3e1f-35eb-491a-ba7e-46aad68b01d6,1,high,"TPS1",Items_en.m_TableData,20,"Weapon Mod",30,"Collimator sight",""
cacf3f24-6058-4729-bf97-8b449c1dfdc7,1,high,"AccountData_ItemsStatistics",item_templates.alias,12,"Internal",93,"",""
cd25157b-6156-4545-8044-e749b9c17a48,1,high,"PRO90 long barrel",item_templates.alias_fallback_for_localization_links,20,"Weapon Mod",74,"Muzzle",""
ce2ce374-36a8-4d35-96ff-68663c0b4723,1,high,"Coma-' head",Items_en.m_TableData,13,"Body Part",32,"Head",""
cf16f0c5-6cb6-41ba-ba9d-3d216343197d,1,high,"R.Arm CW3-I",Items_en.m_TableData,13,"Body Part",50,"Right arm",""
d0cd10dc-99f1-47de-937c-579323c91ada,1,high,"PRO90",Items_en.m_TableData,1,"Firearm",3,"SMG",""
d1c819aa-5ff7-466f-a2b2-1a9c8602912a,1,high,"Toy Rocket",Items_en.m_TableData,17,"",39,"Valuables",""
d41a5b80-05d8-434d-9652-4021ffa2769d,1,high,"Borovik",Items_en.m_TableData,20,"Weapon Mod",8,"Sight x{magnification}",""
d5063dff-919a-4717-afe1-40e177c1f10b,1,high,"R.Leg CW3-I",Items_en.m_TableData,13,"Body Part",52,"Right leg",""
d5c62c93-d04f-40c3-981f-1cd02fa10560,1,high,"Equipment Blueprint",Items_en.m_TableData,37,"",97,"Blueprint",""
d6693600-0cf4-4529-b880-cf6c7cd74c49,1,high,"DVS extended mag",item_templates.alias_fallback_for_localization_links,20,"Weapon Mod",7,"Magazine",""
d674525f-523e-4ae5-9aba-907c85942325,1,high,"Buff And Modifier Items Container",item_templates.alias,12,"Internal",,"",""
d6cd9825-b541-45c6-aea4-4391cd8bdb9f,1,high,"ETA 5",Items_en.m_TableData,1,"Firearm",3,"SMG",""
d6dc2980-0c2c-4b76-a2e3-52df4e7533ed,1,high,"Storage",Items_en.m_TableData,12,"Internal",93,"",""
d8a25d58-6fad-4549-bf81-f106eb675ee8,1,high,"Screwdriver",Items_en.m_TableData,17,"",67,"Tools",""
d90a7f18-c946-49e5-b754-9e90f2307882,1,high,"Storage",Items_en.m_TableData,12,"Internal",93,"",""
dc90c883-6168-4862-9b99-269e5f5e6688,1,high,"MetaPods",Items_en.m_TableData,17,"",65,"Devices",""
dd93c2d9-b9c0-4714-b0c2-329b0e2e745e,1,high,"Item blueprint",Items_en.m_TableData,37,"",100,"Blueprint",""
dea1f466-4df1-4583-ae65-30a7ae7b37a9,1,high,"Equipment Blueprint",Items_en.m_TableData,37,"",97,"Blueprint",""
e09e25e2-aec0-49fc-b872-572f2358c9a4,1,high,"DVS butt X",item_templates.alias_fallback_for_localization_links,20,"Weapon Mod",11,"Butt",""
e203d8ca-c286-425f-8e98-74d0b5cf86b2,1,high,"Electric motor",Items_en.m_TableData,17,"",67,"Tools",""
e24150d0-c565-49cd-8303-3f465a4230e0,1,high,"AssaultRifle_05_FlashHider_01",item_templates.alias_fallback_for_localization_links,20,"Weapon Mod",14,"Muzzle",""
e32e244a-b266-4837-83f2-e74936372a8a,1,high,"Ramon OS",item_templates.alias_fallback_for_localization_links,20,"Weapon Mod",8,"Sight x{magnification}",""
e3e576c5-7cf4-4e9b-8283-2fd5eb4676d2,1,high,"9x19",item_templates.alias_fallback_for_localization_links,3,"Standard Ammo",,"",""
e57105aa-ffdc-426e-a261-f208ad5f06c7,1,high,"LES",Items_en.m_TableData,20,"Weapon Mod",8,"Sight x{magnification}",""
e6ec3bc6-a38e-4f1c-a04d-bf900bf082b3,1,high,"Large MedKit",Items_en.m_TableData,14,"Aid Kit",90,"Aid Kit",""
e8393df6-e867-462f-8364-8876e15b2ef5,1,high,"Bodypart Blueprint",Items_en.m_TableData,37,"",95,"Blueprint",""
e92c655c-1b50-4716-8f14-87f6ec0b6a64,1,high,"SniperRifle_05_Butt_02",item_templates.alias_fallback_for_localization_links,20,"Weapon Mod",11,"Butt",""
eac0026c-c9b8-4d0f-88ba-a2e7f879068c,1,high,"Ronnie B4",Items_en.m_TableData,1,"Firearm",80,"Heavy sniper rifle",""
ee2ce0b2-fe2a-4a9c-85bc-d09482600a17,1,high,"INOX",Items_en.m_TableData,17,"",62,"Materials",""
ee95b91b-4bc7-4a2b-a175-30fd550a31d1,1,high,"Saw",Items_en.m_TableData,17,"",67,"Tools",""
ee99f65a-c3ff-4313-857c-f088d0d06da6,1,high,"L.Leg CW3-I",Items_en.m_TableData,13,"Body Part",51,"Left leg",""
ef803849-7fbd-41ed-8b3d-297ce6fb1e35,1,high,"PES OS",Items_en.m_TableData,20,"Weapon Mod",8,"Sight x{magnification}",""
f1d78ffc-647d-4450-8742-90c5f6615525,1,high,"Tow rope",Items_en.m_TableData,17,"",67,"Tools",""
f48c0b92-f601-43ca-ab8e-981f5d9e62d1,1,high,"Pistol_07_Magazine_01",item_templates.alias_fallback_for_localization_links,20,"Weapon Mod",7,"Magazine",""
f4cacf3d-95ef-4f88-8dd7-ce1721f12c20,1,high,"ETA 5 drum mag",item_templates.alias_fallback_for_localization_links,20,"Weapon Mod",7,"Magazine",""
f5a0bb7d-e999-4a41-baf5-f0eed1ba4880,1,high,"Item blueprint",Items_en.m_TableData,37,"",100,"Blueprint",""
f670fbdf-b84b-46c7-bcc0-ad81cea9fbc7,1,high,"PRO90 Mesmer receiver",item_templates.alias_fallback_for_localization_links,20,"Weapon Mod",13,"Receiver",""
f6ef0445-19e8-4a8d-857b-d6cb6c3e922d,1,high,"Skill_SecondaryWeaponSlot",item_templates.alias,36,"",,"",""
f84973eb-972f-4f4b-8681-ec077c96dfc3,1,high,"EZ Grip",Items_en.m_TableData,20,"Weapon Mod",10,"Tactical Handle",""
f8d313a9-336a-4f8e-986d-41b52bf1a2ac,1,high,"PRO 90 barrel",item_templates.alias_fallback_for_localization_links,20,"Weapon Mod",12,"Barrel",""
f966436c-330e-481c-ad8b-190c969ddc5f,1,high,"Broken key",Items_en.m_TableData,23,"Key",85,"",""
fa3ba6fe-e52e-4b95-b92a-08ec8782730b,1,high,"Pills",Items_en.m_TableData,17,"",64,"Chemicals",""
fc69a4a7-d482-43f1-8a0b-eefd47bd23db,1,high,"Ronnie B4 barrel",item_templates.alias_fallback_for_localization_links,20,"Weapon Mod",12,"Barrel",""
fed8b120-274d-4f06-a753-9847ac00e971,1,high,"Bodypart Blueprint",Items_en.m_TableData,37,"",95,"Blueprint",""
fee0c84d-abf5-45fd-bf04-f8d7e1f17804,1,high,"CR",Items_en.m_TableData,17,"",62,"Materials",""
ff929ec2-037d-4bf5-83b9-a6b7264b2a48,1,high,"Storage_4",item_templates.alias,12,"Internal",93,"",""
00938a78-f763-4889-9718-e0b786fb9d3f,0,high,"Storage Rookie_01",item_templates.alias,5,"Backpack",,"",""
0099bf36-a254-466a-a383-5555264bf07e,0,high,"SMG_02_Butt_02",item_templates.alias_fallback_for_localization_links,20,"Weapon Mod",11,"Butt",""
00c28802-b4d4-45a6-88cd-6271e060da01,0,high,"ETA 5 extended mag",item_templates.alias_fallback_for_localization_links,20,"Weapon Mod",7,"Magazine",""
00e87089-6a29-480d-aa52-1e94d0b1bda6,0,high,"Shrine of rubbers",Items_en.m_TableData,27,"",77,"Valuable deposit",""
0103a076-aca2-49f9-ab77-5fd0cd5cee3f,0,high,"Keys",Items_en.m_TableData,34,"",,"",""
014b735e-c6ee-4416-a540-c75fc0ddbff2,0,high,"Sights",Items_en.m_TableData,34,"",,"",""
02164979-383e-4465-b2f6-8789f4b13dfb,0,high,"Safe",Items_en.m_TableData,8,"SpawnBoxes",,"",""
023cf386-0c9b-4073-9854-a492b45cc7ac,0,high,"Military Crate",Items_en.m_TableData,27,"",45,"",""
02bd87e5-e7fa-4d76-80b8-f15f2df2d248,0,high,"KP7",Items_en.m_TableData,20,"Weapon Mod",30,"Collimator sight",""
02c82ceb-1966-4b92-9c02-6a0034df7ad6,0,high,"Door_Common_Registrations",item_templates.alias,27,"",42,"",""
0302daec-2867-4c53-9515-a2bfec7c2d9f,0,high,"!CHANGE!",Items_en.m_TableData,17,"",66,"A&D components",""
0309e0f3-8126-4366-8fbf-f0fc8f0b57af,0,high,"L.Arm R21B",Items_en.m_TableData,13,"Body Part",49,"Left arm",""
03326a30-58cf-4b6f-9218-83d0b348a152,0,high,"PoolBall_01_DarkredStripe_15_S",item_templates.alias_fallback_for_localization_links,17,"",39,"Valuables",""
03c07f1c-172b-4936-b105-12d3e1b7ebab,0,high,"Power Control Panel",Items_en.m_TableData,27,"",45,"",""
03cc26cf-8aeb-4b0f-aa58-ea3715d77b0b,0,high,"SMG_02_Barrel_03",item_templates.alias_fallback_for_localization_links,20,"Weapon Mod",12,"Barrel",""
043e44c0-3fd6-4f57-8192-d34704b8fec5,0,high,"Sam M1911 barrel",item_templates.alias_fallback_for_localization_links,20,"Weapon Mod",12,"Barrel",""
04ba47a1-d495-415a-a556-3208347f37cc,0,high,"Door_Common_SpecialOperations",item_templates.alias,27,"",42,"",""
04cce893-c00a-4b6f-8235-287dcaf8d064,0,high,"Grinder Disks",Items_en.m_TableData,34,"",,"",""
04f694eb-3c9a-4312-8672-4a3ccf33c565,0,high,"PowerGenerator_1",item_templates.alias,12,"Internal",93,"",""
05043afe-dfa0-4469-b8db-d9cb8f62a4a4,0,high,"RightArm_02_Model_01_Monster_WIP",item_templates.alias,13,"Body Part",50,"Right arm",""
0512b4bf-1eec-4818-a314-510e08bda0a1,0,high,"Gaston 17",Items_en.m_TableData,1,"Firearm",2,"Pistol",""
0597707a-c30f-4656-b3b3-77facada8586,0,high,"Door_Warehouse_LoadingDocksOffice",item_templates.alias,27,"",42,"",""
05f488b3-d650-47b0-b326-435e6915f1de,0,high,"LOK",Items_en.m_TableData,17,"",39,"Valuables",""
061806f3-1ab0-478f-8b08-17fb278d2f61,0,high,"EMERKIT",Items_en.m_TableData,9,"Armor Vest",,"",""
06615852-8a0b-437d-944a-4be8aa364b11,0,high,"Matchbox",Items_en.m_TableData,17,"",68,"Surplus",""
0687786b-41e0-4b5f-8d02-aecbaab49b94,0,high,"Oscar 590A1",Items_en.m_TableData,1,"Firearm",4,"Shotgun",""
06a76084-8312-4fce-9344-e6bb2b67c2f1,0,high,"Door_Port_Logistics_PortableOffice_01",item_templates.alias,27,"",42,"",""
0716f395-5d19-4a74-b39d-05ac65075dc1,0,high,"PoolBall_01_Blue_02_S",item_templates.alias_fallback_for_localization_links,17,"",39,"Valuables",""
07573f6c-ebb8-4d3d-8a60-d702723fe9f9,0,high,"RECON6",Items_en.m_TableData,6,"Chest Rig",23,"Armored chest rig",""
0759792d-f742-4ab5-a17a-600eeba42a41,0,high,"Door_Warehouse_CargoStorage_D",item_templates.alias,27,"",42,"",""
0762b73c-02bd-4d7b-8111-5021b8b44f40,0,high,"ID Authenticator",Items_en.m_TableData,29,"Authenticator chip",,"",""
07aa02c3-d3ae-4bac-ab6e-96bec38c3379,0,high,"Door_Common_Archive",item_templates.alias,27,"",42,"",""
07e64929-75ee-4ee4-ad06-b3410a448dd5,0,high,"AuthenticatorChip_Bot_Quest_03",item_templates.alias,29,"Authenticator chip",,"",""
07e90cdf-05cd-470c-96f7-93d807e9b4c1,0,high,"Door_Common_Exit",item_templates.alias,27,"",42,"",""
087b061d-f021-45a8-a0af-f441af8cccb7,0,high,"CRNM-F",Items_en.m_TableData,13,"Body Part",32,"Head",""
0889e36b-fc18-499e-9894-3dfc6cc62a54,0,high,"12x70 E",item_templates.alias_fallback_for_localization_links,3,"Standard Ammo",25,"Expansive Ammo",""
08c93f9a-6059-41e6-8e74-aeb038e3a53c,0,high,"Grinder",Items_en.m_TableData,24,"",36,"Angle Grinder",""
094389bd-0201-434b-aab3-2af58deac5f7,0,high,"Key_Port_GeologicFieldStation",item_templates.alias,23,"Key",,"",""
09a7512d-1457-43e2-bf24-93427f777153,0,high,"CRNM-L",Items_en.m_TableData,13,"Body Part",32,"Head",""
09db7bf4-abf4-4b6e-8184-d1816cac05c6,0,high,"L.Leg Rookie",Items_en.m_TableData,13,"Body Part",51,"Left leg",""
0a17a109-ff69-4f40-a602-6db9178bafbd,0,high,"Best hits ??80s",Items_en.m_TableData,18,"Quest item",39,"Valuables",""
0acc34b9-6adb-4282-82e0-47905206a0bf,0,high,"LeftLeg_02_Model_01_Monster_WIP",item_templates.alias,13,"Body Part",51,"Left leg",""
0adadfe8-c3bf-4565-b99c-4d2ab5392278,0,high,"Key_Port_WaterPurification_SecurityRoom",item_templates.alias,23,"Key",,"",""
0ae48692-e9a4-473e-96a1-36bb0b23fd95,0,high,"PowerGenerator_3",item_templates.alias,12,"Internal",93,"",""
0b176411-5118-4020-94de-fe9ad5ee2a99,0,high,"Military Crate",Items_en.m_TableData,27,"",45,"",""
0b1a3171-286e-4203-8a28-3d70ee4f3119,0,high,"Storage_10",item_templates.alias,12,"Internal",93,"",""
0b616ec6-838c-4c2f-9c7c-f2f57e4a759b,0,high,"7.62x51 B-II",item_templates.alias,30,"Removed",24,"Armor Piercing Ammo",""
0bc8490a-b9b3-47fd-9050-bb737d8eeca9,0,high,"P1918",Items_en.m_TableData,9,"Armor Vest",,"",""
0be34936-e68b-48ec-ae53-907b52b3405d,0,high,"Repairman's toolbox",Items_en.m_TableData,8,"SpawnBoxes",,"",""
0c5bd54d-c43e-4bcb-b9a0-b405979b12b5,0,high,"Highlight Red Arrow",item_templates.alias,28,"",44,"",""
0c74d0a9-15c5-474d-90bd-3f6cd6af7994,0,high,"Key_Bunker_Level00_Maintenance_NW",item_templates.alias,23,"Key",,"",""
0cc4be0c-6a58-41a8-bf19-17d87ac225b7,0,high,"Servo-SRS1",Items_en.m_TableData,31,"Bodymod",,"",""
0d64f20a-0242-44e2-b336-51c3fe3f4c9f,0,high,"Door_Warehouse_QuarantineBayGateControl",item_templates.alias,27,"",42,"",""
0dee46bf-a723-4e53-801c-f50ee14d4ef0,0,high,"Polyester fibers",Items_en.m_TableData,17,"",62,"Materials",""
0dfc7d91-0c67-4054-8201-dd985d58c648,0,high,"Magazines",Items_en.m_TableData,34,"",,"",""
0e7cc18d-ba11-4dde-9bd3-fafe00163b55,0,high,"Consumables",Items_en.m_TableData,34,"",,"",""
0ead113e-2b86-471a-9ff4-edacea1497a0,0,high,"Summer Shades",Items_en.m_TableData,17,"",39,"Valuables",""
0ed07355-4e00-4815-9204-3f2ea86c7ef6,0,high,"Pistol_04_Magazine_01",item_templates.alias_fallback_for_localization_links,20,"Weapon Mod",7,"Magazine",""
0f96a099-2251-4ec0-85cb-e7db93647063,0,high,"Enforcer_01",item_templates.alias,26,"",76,"",""
0fa273b4-7600-47fd-a986-3213777b395d,0,high,"SniperRifle_06_Magazine_01",item_templates.alias_fallback_for_localization_links,20,"Weapon Mod",7,"Magazine",""
0fd15b1c-d3a8-4d5a-85aa-489f991fce2b,0,high,"Thermite 'S'",Items_en.m_TableData,17,"",64,"Chemicals",""
106355bc-f302-4451-a022-6a4208d680c8,0,high,"Container",Items_en.m_TableData,8,"SpawnBoxes",,"",""
106c38ff-1148-4f2a-91cb-4737ab5c4ab5,0,high,"Torso_01_Monster_Janitor_01",item_templates.alias,13,"Body Part",33,"Torso",""
1084280e-7e75-460d-ae10-23232e523696,0,high,"L.Leg R21G",Items_en.m_TableData,13,"Body Part",51,"Left leg",""
10c583b7-1a6b-4dd6-9825-264941ed589b,0,high,"Door_Common_FireExit",item_templates.alias,27,"",42,"",""
10fb7a07-549e-41c9-b8a3-ec597a33df73,0,high,"Notepad page",Items_en.m_TableData,18,"Quest item",85,"",""
11212814-8ed5-4d79-b0b5-c12a16d1640f,0,high,"Alkaline detergent",Items_en.m_TableData,17,"",64,"Chemicals",""
112d0e63-7d49-4f83-89b8-c2c8cf9fb99a,0,high,"Aluminum foil",Items_en.m_TableData,17,"",63,"Ware",""
119bfd35-395b-48bb-8a40-131be8124b57,0,high,"Key_Port_Ship_Maintenance_W",item_templates.alias,23,"Key",,"",""
11bc0035-c311-4bd9-87bf-a3b3eefabb13,0,high,"Servo-ERS1",Items_en.m_TableData,31,"Bodymod",,"",""
11efe6ff-5694-468f-b2ca-57a864c5ff5e,0,high,"Droid 01 - Rusted",item_templates.alias,26,"",,"",""
122c9151-c3ea-471e-8ec9-203313b56572,0,high,"Hivemaster",Items_en.m_TableData,13,"Body Part",32,"Head",""
123a5b63-1c57-4c2d-8ed7-fb22491da3ce,0,high,"EventCalendarItemTemplate",item_templates.alias,12,"Internal",,"",""
12c18217-dac2-42aa-a239-99fc87f5c004,0,high,"Torso_07_Model_02",item_templates.alias,13,"Body Part",33,"Torso",""
12d71fd1-337b-421e-ab22-9527973d8c70,0,high,"LeftArm_01_Model_02_Monster_WIP",item_templates.alias,13,"Body Part",49,"Left arm",""
1365116a-01cf-4d22-8e28-664448311f72,0,high,"Door_Common_Managerial",item_templates.alias,27,"",42,"",""
13eb7be4-2928-4a0d-9506-aad98a49176b,0,high,"Door_Common_Security_Parking",item_templates.alias,27,"",42,"",""
13fb358e-bbac-4da7-ace1-8b9c8d773436,0,high,"NBR",Items_en.m_TableData,17,"",62,"Materials",""
14192ba3-a591-49e5-ac7e-e28eec0b9319,0,high,"Wedding album",Items_en.m_TableData,17,"",57,"Papers",""
1445faf9-ad34-4bd3-b69f-4e7ceb295a26,0,high,"12x70 A-II",item_templates.alias,30,"Removed",,"",""
147104cd-3c1c-4576-859c-b63a60237843,0,high,"Door_Common_ToolsStorage",item_templates.alias,27,"",42,"",""
14e19813-1289-4d6b-8284-0d894260bfed,0,high,"TEDE BERE",Items_en.m_TableData,17,"",39,"Valuables",""
150b0396-41b4-4ddc-9e8c-a9239631cf38,0,high,"Torso_01_Monster_Enforcer",item_templates.alias,13,"Body Part",33,"Torso",""
150d8019-c953-40e7-a767-ac7f0a2ad182,0,high,"!CHANGE!",Items_en.m_TableData,17,"",66,"A&D components",""
1517e1b3-2cac-4c0f-b7dc-74d52536847a,0,high,"Porcelain vase",Items_en.m_TableData,17,"",39,"Valuables",""
15431417-32a6-481e-9fa2-87b40b385ea7,0,high,"Main ExitZone",item_templates.alias,27,"",48,"",""
15e10583-1cb1-4c45-8892-a3f7a8c73104,0,high,"Break in the floor",Items_en.m_TableData,27,"",45,"",""
167c4227-d883-4438-9bc1-6ca8ae27370a,0,high,"Backdoor",Items_en.m_TableData,5,"Backpack",,"",""
16ba9c5b-922c-4dfa-b211-4f30d480a725,0,high,"SAPA12 barrel",item_templates.alias_fallback_for_localization_links,20,"Weapon Mod",12,"Barrel",""
16e4bbb1-ffe5-465e-93d3-f66d08592614,0,high,"SMG_02_Magazine_03",item_templates.alias_fallback_for_localization_links,20,"Weapon Mod",7,"Magazine",""
16f26fd4-bc34-4fb7-8df7-8318ea192261,0,high,"Instruments",Items_en.m_TableData,34,"",,"",""
178956e4-f121-4c36-91c4-7dec87dd59b0,0,high,"Medium Anti-Leakage Kit",Items_en.m_TableData,14,"Aid Kit",90,"Aid Kit",""
17b66d0f-0994-41e7-bca4-e10e31c69192,0,high,"ETA 417 receiver",item_templates.alias_fallback_for_localization_links,20,"Weapon Mod",13,"Receiver",""
18430a1c-18bc-47b0-ac06-48b35b2b4f8e,0,high,"Mask of joy",Items_en.m_TableData,7,"Helmet",73,"Mask",""
187a03c4-0878-4630-bb3b-ec8ffce8936b,0,high,"ZombieRadiation",item_templates.alias,12,"Internal",,"",""
188d987a-a2dd-4bdc-bc9d-5a7689f1afec,0,high,"RightArm_01_Monster_Shared_CritIgnore",item_templates.alias,13,"Body Part",50,"Right arm",""
18b60289-8b7b-46fe-8a89-9a611d3b5a9d,0,high,"Storage_7",item_templates.alias,12,"Internal",93,"",""
18bbbc14-e82d-4825-bdf6-bbfffe0e4351,0,high,"Fusion Monocular",Items_en.m_TableData,17,"",65,"Devices",""
18d9b2b1-5100-4a0e-9096-d9ceafcea762,0,high,"R.Arm Trashooter",Items_en.m_TableData,13,"Body Part",50,"Right arm",""
19143755-e94e-4fa3-a79a-69eb292b7fda,0,high,"Door_Port_LoadingAreaAdministration_Entrance_Lobby",item_templates.alias,27,"",42,"",""
19359987-2be5-41b2-8be7-d8c8ae01ccd6,0,high,"Janitor GAV mag",item_templates.alias,20,"Weapon Mod",54,"Heavy weapon",""
196a9b82-3c01-4bbe-93d1-d6bcab751ebe,0,high,"Extraction Point",Items_en.m_TableData,28,"",44,"",""
1971ee43-8f52-4fc0-9dad-69c720d83fd6,0,high,"Gun cleaning kit",Items_en.m_TableData,17,"",67,"Tools",""
198e11d5-c380-4613-b2a7-d9e4b1ba3ba4,0,high,"ExitZone for q_new_weapon_modification",item_templates.alias,27,"",48,"",""
1a26dba2-0080-460f-bec0-a5f7fac7dc78,0,high,"Port PointOfInterest 2",item_templates.alias,28,"",44,"",""
1a2a9ce3-cc53-4b4b-857e-17ad1b260971,0,high,"GUARD",Items_en.m_TableData,9,"Armor Vest",,"",""
1a527dd9-48bb-47b3-a7a7-e58d520237e0,0,high,"12x70NL",item_templates.alias_fallback_for_localization_links,3,"Standard Ammo",101,"Special ammo",""
1a84840b-ce03-4f0c-82fb-d45e4721db3d,0,high,"Warehouse PointOfInterest 1",item_templates.alias,28,"",44,"",""
1a9635ee-bc97-4986-bc2e-4e967375ccaa,0,high,"DORA",Items_en.m_TableData,1,"Firearm",4,"Shotgun",""
1b20227f-1f61-457c-9818-c13a26d0c541,0,high,"Storage_8",item_templates.alias,12,"Internal",93,"",""
1b4e04b7-4eda-47dc-8c6d-5faeda48520e,0,high,"Rookie Authenticator Chip",item_templates.alias,29,"Authenticator chip",,"",""
1b5af77f-ddcb-4860-ae91-05fe69f22cbd,0,high,"Janitor’s personal space",Items_en.m_TableData,12,"Internal",,"",""
1b911f53-ae0c-4af3-913f-b59e8956fae5,0,high,"DVS Butt",item_templates.alias_fallback_for_localization_links,20,"Weapon Mod",11,"Butt",""
1b9e9b5a-1c8d-4382-a1da-32fcc7c8008a,0,high,"Augustus Caesar bust",Items_en.m_TableData,17,"",39,"Valuables",""
1bb45f90-b57e-4e09-8628-9713559620cd,0,high,"Storage",Items_en.m_TableData,12,"Internal",,"",""
1bebc677-be94-4fa0-8584-67a3b5d6c733,0,high,".45 ACP A-II",item_templates.alias,30,"Removed",,"",""
1befa81c-e1f3-4a0f-98ff-1b84158d4852,0,high,"Nobu_Beta6 head",Items_en.m_TableData,13,"Body Part",32,"Head",""
1bff390b-379c-4481-920a-b916b4536888,0,high,"Warehouse PointOfInterest 3",item_templates.alias,28,"",44,"",""
1c1bfd14-167b-4e2e-b002-9715c1981b04,0,high,"RightLeg_07_Model_01",item_templates.alias,13,"Body Part",52,"Right leg",""
1c380fe3-77e4-41d2-840e-b34c49455bde,0,high,"ID Authenticator",Items_en.m_TableData,29,"Authenticator chip",,"",""
1c39a1e0-d44b-4ee8-92c8-29dbfa46fd28,0,high,"Door_Port_FuelReserve_PortableUniversalModule_04",item_templates.alias,27,"",42,"",""
1c665a54-2fe5-4ef8-ab18-60dbb498fb03,0,high,"NetDiag head",Items_en.m_TableData,13,"Body Part",32,"Head",""
1cc70533-28cb-4770-8c2c-7c3b25715f36,0,high,"Door_Common_Ventilation_SW",item_templates.alias,27,"",42,"",""
1ccc0186-8e2c-4150-a190-02df7635988b,0,high,"PC",Items_en.m_TableData,27,"",45,"",""
1d0004d8-2bae-4f32-b493-c2eea057a7b8,0,high,"Best hits ??80s",Items_en.m_TableData,18,"Quest item",85,"",""
1d6fa673-9d33-483f-b244-cea9964f028e,0,high,"R.Leg CW3-IP",Items_en.m_TableData,13,"Body Part",52,"Right leg",""
1db4ae87-e6ac-4a77-89d4-a03c2650c757,0,high,"NPC_Physical_02_Touch_01",item_templates.alias,27,"",87,"<color=#ffffff>NPC</color>",""
1df93bc9-8974-4044-a87b-eee61a8bf85c,0,high,"DigiGreen",Items_en.m_TableData,35,"",89,"Bodypart Camo",""
1e772905-dc8e-4125-86a7-6beca64357d0,0,high,"7H36 AP",item_templates.alias_fallback_for_localization_links,3,"Standard Ammo",24,"Armor Piercing Ammo",""
1f300cc6-ce18-453a-8df7-841d1385bc19,0,high,"Servo-EC1",Items_en.m_TableData,31,"Bodymod",,"",""
202d7e7a-2bbf-4427-ac51-b906c52476a2,0,high,"Voicemail record",Items_en.m_TableData,18,"Quest item",85,"",""
20566c34-a912-408d-9ce8-4836f8e592fb,0,high,"CRNM-X",Items_en.m_TableData,13,"Body Part",32,"Head",""
207ab5df-87bd-4858-a720-e8934d5733c7,0,high,"7.62x51 C-III",item_templates.alias,30,"Removed",25,"Expansive Ammo",""
208547da-de42-4ecc-ab81-35ff405c3e16,0,high,"R.Arm R21G",Items_en.m_TableData,13,"Body Part",50,"Right arm",""
20fdb9ab-c689-40df-8910-38a60b0e0b6b,0,high,"R.Leg MD5",Items_en.m_TableData,13,"Body Part",52,"Right leg",""
21a21990-d620-4256-8200-feaf81a9fb4a,0,high,"Plastic parts '4'",Items_en.m_TableData,17,"",68,"Surplus",""
21a807a1-26c7-4443-a4d7-83aeb733114b,0,high,"Head Mods",Items_en.m_TableData,34,"",,"",""
225e6aa0-dc59-4a9c-8846-40434e438fe4,0,high,"Shock Rod",Items_en.m_TableData,11,"Melee Tool",,"",""
228ccb71-7fc9-4b1f-a613-de4d14a3178d,0,high,"Plastic filament '3'",Items_en.m_TableData,17,"",62,"Materials",""
22afe5bd-ee35-4f73-b905-41ee71df1b12,0,high,"DUMMY enforcer auth chip",Items_en.m_TableData,29,"Authenticator chip",,"",""
22d7f633-57d4-4906-b0b1-ea0299203826,0,high,"9x19 C-II",item_templates.alias,30,"Removed",25,"Expansive Ammo",""
22df2377-1386-4a2a-9982-63e7d003cc00,0,high,"Servo-JH1",Items_en.m_TableData,31,"Bodymod",,"",""
2319cc8c-375e-4cbd-896e-03cfb51ef9cc,0,high,"Door_Common_Chief",item_templates.alias,27,"",42,"",""
23457d99-c6dc-4dbb-bcd2-93be37afc478,0,high,"Door_Port_FuelStorage_PortableOffice_01",item_templates.alias,27,"",42,"",""
23534d3b-f910-4c4d-afb8-0c339674b007,0,high,"Weapon Parts",Items_en.m_TableData,34,"",,"",""
23abd278-c171-48d2-b116-2ac1441099a3,0,high,"DORA sight",item_templates.alias_fallback_for_localization_links,20,"Weapon Mod",8,"Sight x{magnification}",""
24461256-a884-4a16-9052-6201f6a6b419,0,high,"Gas cutter",Items_en.m_TableData,17,"",67,"Tools",""
2472cfae-0f4c-4de1-bdd8-25b53751e61f,0,high,"Key_Warehouse_Logistics_Basement_MainEntrance",item_templates.alias,23,"Key",,"",""
247f8b6a-30c4-4560-aebd-51bcfa96f842,0,high,"Toolbox",Items_en.m_TableData,8,"SpawnBoxes",,"",""
24c8b6bb-58fe-41a8-b5eb-9363a8bb9ed0,0,high,"Plumber's toolbox",Items_en.m_TableData,8,"SpawnBoxes",,"",""
25112045-f006-4d2b-a28f-caa01073fd8d,0,high,"Warehouse PointOfInterest 5",item_templates.alias,28,"",44,"",""
255968b5-cc7e-45ff-a7e7-d26f947e5907,0,high,"Door_Common_ReceivingClerksOffice",item_templates.alias,27,"",42,"",""
255e0cd3-75b0-486e-9166-b1105b895afe,0,high,"L.Leg R21B",Items_en.m_TableData,13,"Body Part",51,"Left leg",""
256e8e05-6ac3-42aa-9db5-cfcb617d1331,0,high,"Van",Items_en.m_TableData,8,"SpawnBoxes",,"",""
25c01024-f05f-47eb-85bd-8c62aa0c5aa3,0,high,"Unlocked",Items_en.m_TableData,27,"",94,"",""
2613c37e-2678-4627-a87d-37dc46274d8a,0,high,"EMERKIT MedKit",Items_en.m_TableData,14,"Aid Kit",90,"Aid Kit",""
2637ac0e-b576-461c-9ec5-749a815aa944,0,high,"LeftArm_01_Monster_Janitor_01",item_templates.alias,13,"Body Part",49,"Left arm",""
266cfad3-d33f-4f21-9e3e-b9a9e273d22b,0,high,"Shrine of composites",Items_en.m_TableData,27,"",77,"Valuable deposit",""
26cc568e-3a52-45dd-b4b6-08382ff52f5c,0,high,"MKP barrel",item_templates.alias_fallback_for_localization_links,20,"Weapon Mod",12,"Barrel",""
26f2ad66-4a02-4122-8793-d3e5d83804be,0,high,"Shrine of polymers",Items_en.m_TableData,27,"",77,"Valuable deposit",""
27185ab5-23ac-40a1-9cb1-3e66526d5527,0,high,"R.Arm MD5",Items_en.m_TableData,13,"Body Part",50,"Right arm",""
277076f8-fed4-4d3d-bce0-3478bd10b5fa,0,high,"T-shirt 'Khozosch'",Items_en.m_TableData,17,"",61,"Textile",""
279f82d6-ed50-4050-b86d-837aa55373f3,0,high,"Door_Common_Storage",item_templates.alias,27,"",42,"",""
27b03882-8597-4455-8de8-865ec3fc2993,0,high,"USB Flash Drive",Items_en.m_TableData,17,"",65,"Devices",""
27b68136-c150-4b54-a4c7-73267909ea79,0,high,"Door_Port_FuelReserve_PortableUniversalModule_05",item_templates.alias,27,"",42,"",""
27c09c1e-b655-40ff-b817-742d8c66af88,0,high,"Weapons",Items_en.m_TableData,34,"",,"",""
27cee545-0b8a-4979-a3d4-b09639edc1a0,0,high,"Football Ball",Items_en.m_TableData,17,"",39,"Valuables",""
27e111c0-0ace-4d6b-addc-db1afd0f391d,0,high,".300 B-III",item_templates.alias,30,"Removed",24,"Armor Piercing Ammo",""
27eab967-cd73-464c-84ec-b68b2857b7c1,0,high,"Key_Port_Substation_Maintenance_B",item_templates.alias,23,"Key",,"",""
284d42e5-2703-4735-b9d4-8e031cab2af4,0,high,"Blast trauma",Items_en.m_TableData,11,"Melee Tool",,"",""
288c7552-901a-4980-8d7b-9ace7a4eb2e3,0,high,"Special repair kit",Items_en.m_TableData,14,"Aid Kit",91,"Repair Kit",""
2896b559-5096-4f04-a655-82a0ed7baa88,0,high,"Key_Port_PortAdministration_Accounting",item_templates.alias,23,"Key",,"",""
28a189cf-eaeb-4065-9481-a7a838090c0c,0,high,"Resources",Items_en.m_TableData,34,"",,"",""
28cd9b13-47fd-415c-a0f2-5c7b84097620,0,high,"Door_Common_SpecialCargo",item_templates.alias,27,"",42,"",""
28dee826-9a7f-4fdc-a416-a3f371ec2712,0,high,"Door_Warehouse_QuarantineBayGate",item_templates.alias,27,"",42,"",""
28f87ad3-6524-44be-af6e-26dc917cbf09,0,high,"Sam M1911 slide",item_templates.alias_fallback_for_localization_links,20,"Weapon Mod",16,"Slide",""
297525fc-ebef-4413-9321-fb84bccfad61,0,high,"Legs",Items_en.m_TableData,34,"",,"",""
297a47cf-a3ad-488d-b93f-41e808ffda76,0,high,"Key_Warehouse_TemporaryStorage_AdministrationAndTransitOffices_Manager",item_templates.alias,23,"Key",,"",""
29aa3f95-4310-4c4e-9ae6-c6a57eef2e5e,0,high,"Magic ball",Items_en.m_TableData,17,"",39,"Valuables",""
29d7ff6e-a7de-4bf0-b0d2-cf889c1bd868,0,high,"LeftLeg_01_Model_02_Monster_WIP",item_templates.alias,13,"Body Part",51,"Left leg",""
2abe5c91-7ecb-4c45-aa24-75fdd98f3a7a,0,high,"Door_Port_Railways_NE_PortableUniversalModule_02",item_templates.alias,27,"",42,"",""
2ac0b8ef-d96b-42c6-a94f-4b689660f19d,0,high,"Door_Common_Basement",item_templates.alias,27,"",42,"",""
2ad27ee9-bf0b-47d7-b44b-b229a8d251a6,0,high,"Key_Dev_MasterKey",item_templates.alias,23,"Key",,"",""
2af80655-1d67-4857-83dd-8cea0af8a4cd,0,high,"Door_Common_Stockroom_A",item_templates.alias,27,"",42,"",""
2af8cdc6-ee18-4cfa-a4d3-62c3c883dd4e,0,high,"Truck",Items_en.m_TableData,8,"SpawnBoxes",,"",""
2b569260-0556-47f6-9d89-913863b7b0d3,0,high,"Warehouse PointOfInterest 7",item_templates.alias,28,"",44,"",""
2b64b23e-1ae8-4173-b0ea-1992a0abf562,0,high,"ID Authenticator",Items_en.m_TableData,29,"Authenticator chip",,"",""
2bb3809f-5227-4a2a-a905-0aaec7d7fad0,0,high,"Gunpowder 'X'",Items_en.m_TableData,17,"",64,"Chemicals",""
2bcde773-74f2-4000-87c3-8d39b5a7b770,0,high,"Key_Port_PortAdministration_ITSupport",item_templates.alias,23,"Key",,"",""
2c7c109a-66ab-4017-9382-f0664a109f1a,0,high,"Metal parts 'B'",Items_en.m_TableData,17,"",68,"Surplus",""
2ca25be8-14d3-4fda-9237-e1ecb64117c1,0,high,"Plastic cup medium",Items_en.m_TableData,17,"",58,"Waste",""
2ceae466-b063-497b-9c62-47dac5135703,0,high,"PoolBall_01_OrangeStripe_13_S",item_templates.alias_fallback_for_localization_links,17,"",39,"Valuables",""
2cf21d76-620c-4f5e-b01a-01e1c678fb12,0,high,"Storage",Items_en.m_TableData,12,"Internal",93,"",""
2d3ff568-601a-4a3d-b585-8e28231cb671,0,high,"Door_Port_LoadingAreaAdministration_Entrance_Stairs",item_templates.alias,27,"",42,"",""
2d46a346-341d-402e-b485-7b3fb2a9cbc5,0,high,"Moto helmet 'Flames'",Items_en.m_TableData,7,"Helmet",31,"Helmet",""
2d5c9660-caa9-4160-953d-04c32668c307,0,high,"Broken structure",Items_en.m_TableData,17,"",68,"Surplus",""
2da75073-af27-4924-a4c1-d27d2b834df7,0,high,"5.45x39 B-III",item_templates.alias,30,"Removed",24,"Armor Piercing Ammo",""
2db4eea3-353a-4837-a78a-8dd8a5178341,0,high,"STR38",Items_en.m_TableData,1,"Firearm",2,"Pistol",""
2e132d66-ff3f-4ab8-bae5-28e86eb1f764,0,high,"L.Arm Host",Items_en.m_TableData,13,"Body Part",49,"Left arm",""
2e13f2b5-6d81-4aa7-8d9a-7ef31667dd63,0,high,"Bionic arm",Items_en.m_TableData,17,"",65,"Devices",""
2e310207-41ce-4dd7-96dd-a860b743eb7f,0,high,"Door_Common_PackagingStorage",item_templates.alias,27,"",42,"",""
2e5b2d58-f3b2-459e-ac7e-594b0847132b,0,high,"First Aid",Items_en.m_TableData,8,"SpawnBoxes",,"",""
2e745df6-f6f4-4837-bdd9-4d0841f45237,0,high,"Cargo Box",Items_en.m_TableData,8,"SpawnBoxes",,"",""
2e7d2f9d-eaa5-4c06-b31f-87859b9479e6,0,high,"ID Authenticator",Items_en.m_TableData,29,"Authenticator chip",,"",""
2e96e43c-058a-4f83-9213-b0c715f22f59,0,high,"Storage",Items_en.m_TableData,12,"Internal",93,"",""
2eccc6a4-cc5c-4bcb-bbaf-3096f8af5e6f,0,high,"KA74 butt",item_templates.alias_fallback_for_localization_links,20,"Weapon Mod",11,"Butt",""
2f7e8cab-d904-4b49-9537-7424e4608111,0,high,"Storage_3",item_templates.alias,12,"Internal",93,"",""
2fc5f4ec-7552-43b0-aa0a-861190addeb3,0,high,"Quest item (HDD)",item_templates.alias,18,"Quest item",39,"Valuables",""
2fd2b40c-8e3e-46e6-9a82-dd932e56026a,0,high,".45 ACP A-III",item_templates.alias,30,"Removed",,"",""
2fd6c9f3-c89c-4f8d-9dbd-878c76606a73,0,high,"Bodypart Blueprint",Items_en.m_TableData,37,"",95,"Blueprint",""
300195f9-189b-4e64-adac-19baa4f5f688,0,high,"Progenitor project Launch Codes",Items_en.m_TableData,18,"Quest item",85,"",""
301c7f08-f629-4f66-9bf7-6b1dddbabd17,0,high,"AccountItemTemplate",item_templates.alias,12,"Internal",,"",""
30a58fa8-3652-4e5d-96ec-24faf183049c,0,high,"L93",Items_en.m_TableData,7,"Helmet",31,"Helmet",""
30effc00-66f1-4dc9-a990-a95426916059,0,high,"Long, improvised and stinky (or so they say)",Items_en.m_TableData,18,"Quest item",,"",""
30fac7c0-3584-48d8-8712-0c9f40fbae61,0,high,"Generator Fuel",Items_en.m_TableData,34,"",,"",""
31206628-754a-4998-acdb-298846eb39a4,0,high,"HLWN25",Items_en.m_TableData,35,"",89,"Bodypart Camo",""
31213172-b75d-461e-b6bc-3105f0eb2a48,0,high,"Key_Port_Logistics_Checkpoint_S",item_templates.alias,23,"Key",,"",""
31b94be9-bf8d-431f-b287-d0b046c74c57,0,high,"Silicone",Items_en.m_TableData,17,"",62,"Materials",""
31f9f8af-4e16-45e8-84de-08606ef2474e,0,high,"VMAG10",Items_en.m_TableData,20,"Weapon Mod",7,"Magazine",""
3222f212-6e49-4391-8eff-a929474e1e4c,0,high,"9x19 C-III",item_templates.alias,30,"Removed",25,"Expansive Ammo",""
32720498-5feb-4bee-9186-90dd08311206,0,high,"5.45x39 B-II",item_templates.alias,30,"Removed",24,"Armor Piercing Ammo",""
32d2d3a2-d2d7-4cc2-b4fd-c8001d63081c,0,high,"DIY JR",Items_en.m_TableData,20,"Weapon Mod",9,"Muzzle",""
32d8b8a4-2227-4cfc-af0c-d475581f5517,0,high,"DORA receiver",item_templates.alias_fallback_for_localization_links,20,"Weapon Mod",13,"Receiver",""
32e68e0c-db2b-4faf-b342-01095de30c2b,0,high,"ENF-1",Items_en.m_TableData,13,"Body Part",32,"Head",""
330eff42-da2c-4849-aa99-6662b25e3fb0,0,high,".224 B-III",item_templates.alias,30,"Removed",24,"Armor Piercing Ammo",""
333cec89-d292-4af8-a93f-8272c9bbb8e0,0,high,"Trashooter_01",item_templates.alias,26,"",76,"",""
334a03a7-0b59-4304-908e-552429714647,0,high,"Resources/Fabrics",item_templates.alias,34,"",,"",""
338b1964-e029-46dd-989b-a6b4ecb4da05,0,high,"Door_Common_Maintenance",item_templates.alias,27,"",42,"",""
33ad6b14-8792-49ed-bb7c-d554a92a21fc,0,high,"Door_Common_Ventilation_NE",item_templates.alias,27,"",42,"",""
33b32fbf-ee3c-445c-8ba4-8da60dc8a0b5,0,high,"Main ExitZone Fast",item_templates.alias,27,"",48,"",""
33e73c67-2832-4fed-bb4c-5e20bf3f656d,0,high,"Plastic powder '4'",Items_en.m_TableData,17,"",62,"Materials",""
341fbecd-8128-44bb-8ebd-44ba094ec3a0,0,high,"Janitor's Remains",Items_en.m_TableData,27,"",77,"Valuable deposit",""
344b422b-6357-4a28-b250-c1a971cfe4a0,0,high,"PoolBall_01_Purple_04_S",item_templates.alias_fallback_for_localization_links,17,"",39,"Valuables",""
344e0db7-f1f6-4fd9-b1ec-699e3ac641ab,0,high,"Toilet paper",Items_en.m_TableData,17,"",58,"Waste",""
34a98b25-e7dd-45d8-b123-67643278f658,0,high,"Door_Common_CheckpointBooth_NE",item_templates.alias,27,"",42,"",""
34e7c51f-f118-48a3-9c5e-6828fc650ed6,0,high,"Rifle stocks",Items_en.m_TableData,8,"SpawnBoxes",,"",""
34e82f86-3a19-4d24-8639-4958c8ca929c,0,high,"Servo-SAL1",Items_en.m_TableData,31,"Bodymod",,"",""
353a680b-00d6-4ef9-911f-27a24a14dce9,0,high,"Hugger Anniversary",Items_en.m_TableData,5,"Backpack",,"",""
3574fee4-e696-4790-8118-8b18508429b8,0,high,"Photovoltaic panel",Items_en.m_TableData,17,"",66,"A&D components",""
35db9ec3-e5a0-47b1-b74d-07582f66905d,0,high,"Resources/Waste",item_templates.alias,34,"",,"",""
35ed1890-26ca-482b-ae23-43e5baa928b9,0,high,"Aramid thread",Items_en.m_TableData,17,"",59,"Fabrics",""
365409cf-ca8d-4440-9223-8a704142683b,0,high,"Key_Warehouse_UtilityDiagnostics_Systems",item_templates.alias,23,"Key",,"",""
36802461-c3bc-4026-8c73-58fa2303117f,0,high,"M420 mag",item_templates.alias_fallback_for_localization_links,20,"Weapon Mod",7,"Magazine",""
36be88b0-c1e8-48c7-8374-295ac4625abe,0,high,"Encyclopedia",Items_en.m_TableData,17,"",57,"Papers",""
36c7a7d2-7eca-400f-a28e-68613070505c,0,high,"5.45x39 E",item_templates.alias_fallback_for_localization_links,3,"Standard Ammo",25,"Expansive Ammo",""
3716b258-c61c-47d7-8991-2620fff0f07b,0,high,"MetaPad",Items_en.m_TableData,17,"",65,"Devices",""
37357c54-cffa-4c55-ac28-6eb7b7a2299c,0,high,"Shrine of polymers",Items_en.m_TableData,27,"",77,"Valuable deposit",""
37681f10-3767-4bb3-806a-4cae60a07a45,0,high,"Golden chain",Items_en.m_TableData,17,"",39,"Valuables",""
379a9b5c-f308-4e30-85c9-ab0aaee195ff,0,high,"Oscar 590A1 receiver X",item_templates.alias_fallback_for_localization_links,20,"Weapon Mod",13,"Receiver",""
38016e29-d9d4-4cb6-82cd-81c6b9cc9fef,0,high,"PoolBall_01_Green_06_S",item_templates.alias_fallback_for_localization_links,17,"",39,"Valuables",""
3846d4f1-eed7-465b-80c2-c4fdef58c65f,0,high,"Door_Common_ServiceStorage",item_templates.alias,27,"",42,"",""
38905161-b2eb-48e4-a0b9-3a3fddb467f9,0,high,"Port PointOfInterest 8",item_templates.alias,28,"",44,"",""
38b50584-237f-479c-99d0-abf62532d10d,0,high,"_OBSOLETE_Door key mini office",item_templates.alias,23,"Key",,"",""
38d8f478-0712-45ec-8ae1-9eab3e4c1167,0,high,"Door_Common_Security_SE",item_templates.alias,27,"",42,"",""
38e36363-3c52-4901-bcea-8b40d8b61f2c,0,high,"L.Arm R21G",Items_en.m_TableData,13,"Body Part",49,"Left arm",""
38ed2fcd-b0ab-423c-8883-88290739c6eb,0,high,"Servo-WRS1",Items_en.m_TableData,31,"Bodymod",,"",""
38ef8a65-2f2f-418d-860b-24dc3d0e67af,0,high,"ETA 45 mag",item_templates.alias_fallback_for_localization_links,20,"Weapon Mod",7,"Magazine",""
396458cc-55e7-4eb0-a550-4b56d5e6029f,0,high,"Key_Port_Logistics_Checkpoint_NW",item_templates.alias,23,"Key",,"",""
39ad92d6-0e24-4ccf-b585-be7dc54b4955,0,high,"Shotgun_03_Butt_02",item_templates.alias_fallback_for_localization_links,20,"Weapon Mod",11,"Butt",""
39b23447-6125-407a-ada0-ab277c658715,0,high,"Police Baseball Hat",Items_en.m_TableData,7,"Helmet",26,"Hat",""
3a21a057-2616-4d31-a003-a17dd8d19d8e,0,high,"Drawer",Items_en.m_TableData,8,"SpawnBoxes",,"",""
3a4ae4ea-5ef9-4067-9835-6656262bb865,0,high,"EMERKIT SMG butt",item_templates.alias_fallback_for_localization_links,20,"Weapon Mod",11,"Butt",""
3ab69b75-047f-4293-b352-391537c901d7,0,high,"Hoarder_03",item_templates.alias,26,"",76,"",""
3ad0fa42-e87d-41ca-b0d5-e4daa0cce378,0,high,"Backpacks",Items_en.m_TableData,34,"",,"",""
3ad613ce-f8f0-4d3b-b6b0-6e90089eb950,0,high,"L.Leg Enforcer",Items_en.m_TableData,13,"Body Part",51,"Left leg",""
3af5f7f9-cbeb-4880-97f7-57d46eb0216e,0,high,"Repair kit",Items_en.m_TableData,12,"Internal",,"",""
3b01660c-9c5e-438e-9e2d-3fec19b30fcf,0,high,"FE Kuzitron",Items_en.m_TableData,9,"Armor Vest",,"",""
3b0fe1ee-7f3b-48e0-9303-d13dc929ac87,0,high,"Ammo",Items_en.m_TableData,34,"",,"",""
3b83da18-df07-4b35-8dc6-346f095fe582,0,high,"SniperRifle_05_Butt_01",item_templates.alias_fallback_for_localization_links,20,"Weapon Mod",11,"Butt",""
3bc07d95-1538-4b5b-bd26-8fede554b918,0,high,"Quest item (Headphones)",item_templates.alias,18,"Quest item",39,"Valuables",""
3c58fa36-0e88-45d8-aeaf-91584b90b5ae,0,high,"Taiga-12 FH",item_templates.alias_fallback_for_localization_links,20,"Weapon Mod",14,"Muzzle",""
3cc838e7-0bb5-4868-b7e3-242fc97841e1,0,high,"Key_Bunker_Level00_Room_14_SpecialOperations",item_templates.alias,23,"Key",,"",""
3d7a257e-ca09-49a1-a85f-7787f62d042f,0,high,"AssaultRifle_05_Butt_01",item_templates.alias_fallback_for_localization_links,20,"Weapon Mod",11,"Butt",""
3d8d9fea-4d0f-4af2-90a7-6e28aba32d46,0,high,"Package",Items_en.m_TableData,8,"SpawnBoxes",,"",""
3db2a3b7-93a5-40c9-ac0a-98a0b80dca63,0,high,"Camo Test",Items_en.m_TableData,35,"",89,"Bodypart Camo",""
3de3c6e0-274a-4ae3-86c0-ed5e113967ce,0,high,"Aramid fibers",Items_en.m_TableData,17,"",62,"Materials",""
3e0d5684-0370-4fb2-9ae4-6ee784e3ae7a,0,high,"DigiSand",Items_en.m_TableData,35,"",89,"Bodypart Camo",""
3e6977f2-e6de-4f5d-bfd3-6e380015f055,0,high,"Ancestor",Items_en.m_TableData,13,"Body Part",32,"Head",""
3f20adcb-44f1-405a-a657-7f17bcd0877b,0,high,"RadiationStorm_01",item_templates.alias,33,"",,"",""
3f403c4f-4205-4d0b-a9d2-aa6a0e7ddb26,0,high,"!CHANGE!",Items_en.m_TableData,17,"",66,"A&D components",""
3f4f3bab-3387-4efd-9d96-55040b898020,0,high,"Ramon 1891 rifle stock X",item_templates.alias_fallback_for_localization_links,20,"Weapon Mod",15,"Rifle Stock",""
3fb4be84-feb6-4934-b217-cc7252491210,0,high,"Door_Common_Stairs",item_templates.alias,27,"",42,"",""
3fbe5e22-1c7a-4083-b920-057f4a96053e,0,high,"Door_Port_Railways_NE_PortableUniversalModule_01",item_templates.alias,27,"",42,"",""
3fc0163f-e84a-431c-bd82-df84087a5634,0,high,"DamageZone_Radiation_ShipHold_Players",item_templates.alias,33,"",,"",""
3fff3e10-064c-4ce4-8c04-67daf5355ca2,0,high,"Frame Head",Items_en.m_TableData,13,"Body Part",32,"Head",""
4003b962-f553-4032-b83e-d9f99e2b3345,0,high,"Key_Warehouse_CargoStorageC_InventoryClerk",item_templates.alias,23,"Key",,"",""
400a4e07-0285-4b4c-aa16-c36e60a42739,0,high,"Highlight Normal Animated",item_templates.alias,28,"",44,"",""
403ed089-6431-4d02-bc53-7db22de16e5e,0,high,"Research information",Items_en.m_TableData,18,"Quest item",39,"Valuables",""
407842ec-0d30-4819-a6ff-419b3ca509ab,0,high,"Extraction Point",Items_en.m_TableData,28,"",44,"",""
4098fba7-33af-4f92-889c-2b1fd58937fc,0,high,"Shotgun_03_Barrel_02",item_templates.alias_fallback_for_localization_links,20,"Weapon Mod",12,"Barrel",""
40c51d9c-4791-4acd-abe5-31dae088b82f,0,high,"Eliphalet 700 mag",item_templates.alias_fallback_for_localization_links,20,"Weapon Mod",7,"Magazine",""
40c61b4a-6ef1-427e-a2bc-c21bbac11327,0,high,"BELLE",Items_en.m_TableData,9,"Armor Vest",,"",""
40e7ed48-0dc8-4ff0-ac1e-0c9a413c65b6,0,high,"Ceremony A",Items_en.m_TableData,7,"Helmet",73,"Mask",""
41792edc-e1bd-4682-84b4-2ddf421f3c8f,0,high,"PoolBall_01_PurpleStripe_12_S",item_templates.alias_fallback_for_localization_links,17,"",39,"Valuables",""
419ebbfc-1100-4817-9ebe-775306b6221c,0,high,"Arm mods",Items_en.m_TableData,34,"",,"",""
419ff900-4966-4bd0-8b76-e3aef27d526f,0,high,"NPC_Peddler",item_templates.alias,26,"",87,"<color=#ffffff>NPC</color>",""
41ded33f-ed30-4de5-b611-1ae7dfe733d4,0,high,"Shotgun_03_Magazine_02",item_templates.alias_fallback_for_localization_links,20,"Weapon Mod",7,"Magazine",""
41eb2417-2367-46b2-80c0-39c54d32dfbf,0,high,"Port PointOfInterest 3",item_templates.alias,28,"",44,"",""
41f2ce1a-7270-492c-99c3-eacbf1cba81d,0,high,"Moto helmet white",Items_en.m_TableData,7,"Helmet",31,"Helmet",""
42454c18-26b9-46c6-954c-c87b0e2f3841,0,high,"12x70 A-III",item_templates.alias,30,"Removed",,"",""
424d0295-841d-48c4-b438-61d38b5c3737,0,high,"Sam M1911 EMERKIT",Items_en.m_TableData,1,"Firearm",2,"Pistol",""
42a4fa5b-402a-49b6-a5b6-78c79f7409af,0,high,"GAV",Items_en.m_TableData,1,"Firearm",54,"Heavy weapon",""
42db0e54-6187-4e4e-ae49-a7f1f6167582,0,high,"Heavy Sniper Rifles",Items_en.m_TableData,34,"",,"",""
43496bca-d104-41a0-8d5f-5482fe864ec7,0,high,".224 A-III",item_templates.alias,30,"Removed",,"",""
43739509-9864-4ae3-af6b-b3a4b242e5af,0,high,"Explosives",Items_en.m_TableData,34,"",,"",""
43c132a3-1cd9-4cc7-a089-0128c34a98f8,0,high,"Door_Common_Ventilation",item_templates.alias,27,"",42,"",""
43c2e077-886e-4fa5-92bb-75d002f43d3d,0,high,"Dumpster",Items_en.m_TableData,8,"SpawnBoxes",,"",""
43d1c529-3be5-445a-b2cf-4d89d1926152,0,high,"SAPA12 receiver",item_templates.alias_fallback_for_localization_links,20,"Weapon Mod",13,"Receiver",""
440b3fe9-8ee0-41af-ba88-9ee13d4b4bec,0,high,"Key_Port_Logistics_Checkpoint_NE",item_templates.alias,23,"Key",,"",""
447db2e9-df67-4520-b8b6-06c4901f87c9,0,high,"Door_Common_OfficeSuppliesStorage_W",item_templates.alias,27,"",42,"",""
44bda4d0-46b8-491c-8f7b-fc11ebd7c897,0,high,"Door_Port_ParkingGarage_StairsEntrance",item_templates.alias,27,"",42,"",""
44fa6746-7a31-478e-81c7-f0a34b061cbc,0,high,"Key_Port_SandReserveMaintenanceTunnels_UtilityMaintenance",item_templates.alias,23,"Key",,"",""
4546bb7f-1186-498a-ab0b-83c2a003a83c,0,high,"Alcali salt",Items_en.m_TableData,17,"",55,"Reagents",""
45664a8c-3bee-4b1f-b13d-591dc5d6e0dd,0,high,"Primitive Transmitter",Items_en.m_TableData,17,"",65,"Devices",""
4584636c-1573-475d-9736-ffbd7f833eee,0,high,"Gold Watch",Items_en.m_TableData,17,"",39,"Valuables",""
459eaef9-ee02-4f50-83a4-23cad61acd8e,0,high,"Mags",Items_en.m_TableData,8,"SpawnBoxes",,"",""
45b617fc-94df-41db-a95f-63d6aa24da27,0,high,"Door_Common_AnnexStorage",item_templates.alias,27,"",42,"",""
45c5d0b2-2f07-4380-8f36-413ac8630ad1,0,high,"Shturmovik Ozero head",Items_en.m_TableData,13,"Body Part",32,"Head",""
45e3b85d-2467-4149-8307-dbf55c2e43c0,0,high,"ETA 417 mag",item_templates.alias_fallback_for_localization_links,20,"Weapon Mod",7,"Magazine",""
4603d633-07a0-4c1d-87b9-62e7167cc150,0,high,"Composite armor plate",Items_en.m_TableData,17,"",68,"Surplus",""
461b3c0d-7cca-4b54-962c-35c73da45b5e,0,high,"SAPA12 mag",item_templates.alias_fallback_for_localization_links,20,"Weapon Mod",7,"Magazine",""
46cebdc1-a828-4666-8334-adc8d8887c5f,0,high,"KA74 receiver",item_templates.alias_fallback_for_localization_links,20,"Weapon Mod",13,"Receiver",""
46e78f2c-48b9-418d-854a-ac59bc386155,0,high,"Yellow Toolbox",Items_en.m_TableData,8,"SpawnBoxes",,"",""
473ed7dc-51e7-4a72-be4e-5dabb575f399,0,high,".45 ACP C-II",item_templates.alias,30,"Removed",25,"Expansive Ammo",""
4745445a-86b9-4c9a-83a6-4e668f87e1da,0,high,"ShopCartForBuy",item_templates.alias,12,"Internal",,"",""
47671182-06f8-49c5-a220-5bad94535b91,0,high,"L.Leg Localhost",Items_en.m_TableData,13,"Body Part",51,"Left leg",""
47d6309d-6324-49f8-8bb2-4ad355f51e7e,0,high,"Suppressors",Items_en.m_TableData,8,"SpawnBoxes",,"",""
487edce4-218a-4949-98d3-9f14d9950909,0,high,"Lux Aeterna",Items_en.m_TableData,13,"Body Part",32,"Head",""
48ac5d28-c6b3-45a7-b7e7-1ce275f1d5bb,0,high,"12x70 B-III",item_templates.alias,30,"Removed",24,"Armor Piercing Ammo",""
48e3cd36-8df5-48b7-83ef-5a959b048197,0,high,"Friends' Remains",Items_en.m_TableData,18,"Quest item",85,"",""
4924c065-4d7a-4aa2-8a17-6ea3a35c70a9,0,high,"Nya mask",Items_en.m_TableData,7,"Helmet",73,"Mask",""
4934e722-10b8-43b0-ab36-50b8935e7393,0,high,"Key_Port_Logistics_SecurityRoom_Parking",item_templates.alias,23,"Key",,"",""
49cee5f1-9085-4ed9-a6ec-aa58e39d6f2a,0,high,"Head_01_Monster_Shared",item_templates.alias,13,"Body Part",32,"Head",""
49faf8ce-b958-4f55-98e9-98cc4da614d7,0,high,"THAT data",Items_en.m_TableData,18,"Quest item",85,"",""
4a39e63c-2ff0-4121-83ca-a03992073c46,0,high,"He1",Items_en.m_TableData,7,"Helmet",31,"Helmet",""
4a871c85-8649-4498-9bfb-a7339a96d8df,0,high,"Door_Common_CheckpointBooth_NW",item_templates.alias,27,"",42,"",""
4a8c9d8d-3ed9-475a-a9be-5c32ae856eac,0,high,"Metal filament 'C'",Items_en.m_TableData,17,"",62,"Materials",""
4a90df7f-2bba-478b-b5ae-553aeba4d944,0,high,"Safe Box III",Items_en.m_TableData,22,"Case",78,"Safe Box",""
4a94b359-5f38-4594-964b-34bf86237731,0,high,"DEMO_Key_Warehouse_Logistics_Basement_MainEntrance",item_templates.alias,23,"Key",85,"",""
4abb0f0b-5745-4c1f-ab21-eca73df14ea3,0,high,"Door_Common_Sorting",item_templates.alias,27,"",42,"",""
4abf91ad-a2a8-47ff-a22e-1dff2de5e5d5,0,high,"Gaston 17 slide",item_templates.alias_fallback_for_localization_links,20,"Weapon Mod",16,"Slide",""
4acaafd1-644d-433c-b1c6-00397e476c1e,0,high,".224",item_templates.alias_fallback_for_localization_links,3,"Standard Ammo",,"",""
4ace4104-0d3d-49ab-a576-b11f21dd15ad,0,high,"Quest Item q_cabinetnoir_something_more Flash Drive",item_templates.alias,18,"Quest item",39,"Valuables",""
4adce1ac-cc7a-4e89-8de2-0f519b01f818,0,high,"Pile of trash",Items_en.m_TableData,8,"SpawnBoxes",,"",""
4b235fdb-97df-496a-9d5d-8210dd89cb3c,0,high,"CondorType",Items_en.m_TableData,13,"Body Part",32,"Head",""
4b2e6392-9a60-4805-a8c4-696733be7bf2,0,high,"GamePad",Items_en.m_TableData,17,"",65,"Devices",""
4b8420e7-3115-4227-b650-cae40238052d,0,high,".224 C-III",item_templates.alias,30,"Removed",25,"Expansive Ammo",""
4bd7bb13-5ec9-4620-a01c-36a655cdaa21,0,high,"Electrician's toolbox",Items_en.m_TableData,8,"SpawnBoxes",,"",""
4c473ece-068a-4c7e-854a-e934464d7989,0,high,"ID Authenticator",Items_en.m_TableData,29,"Authenticator chip",,"",""
4cddd566-a0c6-41c3-b0b7-4e9ff6561bcc,0,high,"5.56x45 E",item_templates.alias_fallback_for_localization_links,3,"Standard Ammo",25,"Expansive Ammo",""
4cf90748-3cd3-4978-8f8b-1ac8b847579c,0,high,"BRTH 11 suppressor",item_templates.alias_fallback_for_localization_links,20,"Weapon Mod",9,"Muzzle",""
4d2717e2-d38d-4622-b396-09e95c01ee8f,0,high,"Butts",Items_en.m_TableData,8,"SpawnBoxes",,"",""
4dbb4e22-7ede-4fb8-8dce-c87e82cd1347,0,high,"Secret Stash",Items_en.m_TableData,27,"",45,"",""
4dbcf44f-f7cd-4f98-a132-df202853b7b9,0,high,"Storage_11",item_templates.alias,12,"Internal",93,"",""
4de0cfd2-a459-4b35-946a-f12f5819e1c7,0,high,"Door_Common_Checkpoint_SE",item_templates.alias,27,"",42,"",""
4de40746-eb83-4f5f-931b-64b5ea7fe9ed,0,high,"MetaBook",Items_en.m_TableData,17,"",39,"Valuables",""
4e82b56d-00e6-48e0-bdbe-789d8c63b583,0,high,".300 C-III",item_templates.alias,30,"Removed",25,"Expansive Ammo",""
4e8ff91c-1cff-4769-9def-152b022b2516,0,high,"Vintage HiFi",Items_en.m_TableData,17,"",65,"Devices",""
4e9fc1e4-4391-4f13-84e9-9daa69b0faf1,0,high,".300 C-II",item_templates.alias,30,"Removed",25,"Expansive Ammo",""
4eb0d570-0ec2-4594-b018-86cbde27990a,0,high,"Door_Common_ServiceStorage_A",item_templates.alias,27,"",42,"",""
4ec3fa7f-f8a9-4fce-bcdd-efda2dbf0826,0,high,".45ACP E",item_templates.alias_fallback_for_localization_links,3,"Standard Ammo",25,"Expansive Ammo",""
4f0d83b8-b15a-449d-a3d7-e9378b624528,0,high,"Door_Common_Stall",item_templates.alias,27,"",42,"",""
4f1ca1b1-fd57-4381-95dd-3dc4040708c1,0,high,"RightLeg_01_Monster_Shared",item_templates.alias,13,"Body Part",52,"Right leg",""
4f4d9fa0-cdc4-44cb-b673-cbb66d9a6ef8,0,high,"Coffee machine",Items_en.m_TableData,17,"",65,"Devices",""
4f594fb7-dfe9-4276-9ffa-36530f718f2c,0,high,"Military container",Items_en.m_TableData,8,"SpawnBoxes",,"",""
4f8a2cca-34b0-42a8-9c5f-558202462528,0,high,"LeftArm_02_Model_01_Monster_WIP",item_templates.alias,13,"Body Part",49,"Left arm",""
4f8bad65-fabb-4ef2-9aca-74952951d0c6,0,high,"Gesterby",Items_en.m_TableData,1,"Firearm",4,"Shotgun",""
4f9a91cd-7776-46c3-a9d7-606d0b49a33c,0,high,"NPC_Quest_03_Give_01",item_templates.alias,27,"",87,"<color=#ffffff>NPC</color>",""
4faccef6-4ba0-4b69-b564-b421d96f47c2,0,high,"Saltpeter",Items_en.m_TableData,17,"",64,"Chemicals",""
4ffce81d-7c42-4b52-b51c-55cf65243d74,0,high,"Resources/Materials",item_templates.alias,34,"",,"",""
508becd4-2288-4470-b1a5-0de5268530c7,0,high,"Onnoh mask",Items_en.m_TableData,7,"Helmet",73,"Mask",""
50c14ca0-adba-4e35-aaf3-1cfcaf274519,0,high,"Key_Port_SandReserveMaintenanceTunnels_Electrical",item_templates.alias,23,"Key",,"",""
50d64682-93e4-4776-91ed-a5da16131f7b,0,high,"Janitor's Remains",Items_en.m_TableData,27,"",77,"Valuable deposit",""
51256dc1-3748-4e1a-80a0-85da3ba5e8c5,0,high,"SWAT_01 Authentificator Chip",item_templates.alias,29,"Authenticator chip",,"",""
5178c1ea-5010-49f3-b91d-bbab97f7c6ba,0,high,"Door_Common_LoadingArea",item_templates.alias,27,"",42,"",""
51828e8c-020e-4aec-a67b-7ed9ac167f50,0,high,"ETA 417",Items_en.m_TableData,1,"Firearm",1,"Assault Rifle",""
51880963-cbe1-4424-a0b6-58fd7bb1d6cd,0,high,"Bakelite",Items_en.m_TableData,17,"",62,"Materials",""
51ec73a7-74f4-4125-8345-30b6df44b3aa,0,high,"Notepad page",Items_en.m_TableData,18,"Quest item",85,"",""
523e24e8-42b4-4db9-97bf-358211512138,0,high,"Assault Rifles",Items_en.m_TableData,34,"",,"",""
52f54254-9871-4f8d-b7f4-20759cd4d29f,0,high,"Key_Port_Logistics_Checkpoint_SE",item_templates.alias,23,"Key",,"",""
536666ee-f21b-4c5a-9220-9b0970a6afd9,0,high,"Raid Shop",Items_en.m_TableData,8,"SpawnBoxes",,"",""
53cd178a-1688-4827-81e9-e5c3bc802f1f,0,high,"Bindle",Items_en.m_TableData,5,"Backpack",,"",""
545e5231-06fc-4f20-97f9-61a716f597b7,0,high,"NPC_Quest_05_Grindable_01",item_templates.alias,27,"",87,"<color=#ffffff>NPC</color>",""
54787257-75ce-4177-9ea9-c8935b1618d5,0,high,"L.Arm Rookie",Items_en.m_TableData,13,"Body Part",49,"Left arm",""
5480fc5d-35b0-46df-a50b-21c6111e8cf4,0,high,"Quest object name (Spot for device)",item_templates.alias,27,"",45,"",""
55511226-9b68-4980-a643-727d51458046,0,high,"Forklift 5",Items_en.m_TableData,27,"",75,"",""
558e6d48-f33e-4004-8063-d01da10e3f0b,0,high,"Key cabinet",Items_en.m_TableData,8,"SpawnBoxes",,"",""
56289523-e367-43ce-b991-cfd96d630a81,0,high,"5.56x45 C-II",item_templates.alias,30,"Removed",25,"Expansive Ammo",""
5665147c-14f0-48cb-9582-acef23d295ce,0,high,"Torso_01_Monster_SWAT_01",item_templates.alias,13,"Body Part",33,"Torso",""
56b69d4a-0c89-4138-8438-c1d55bb35334,0,high,"Evidence",Items_en.m_TableData,18,"Quest item",85,"",""
56f7960b-e79d-416e-b9e1-9455feb62dae,0,high,"LM39 FH",item_templates.alias_fallback_for_localization_links,20,"Weapon Mod",14,"Muzzle",""
56f8fda3-a74b-44e5-a81c-9051325db082,0,high,"Key_Port_Logistics_PackagingStorage",item_templates.alias,23,"Key",,"",""
570f6113-0f57-4305-b21f-2ba49c6b83f0,0,high,"Steel bar",Items_en.m_TableData,17,"",68,"Surplus",""
573aa306-1864-41cb-bc30-b624403dc431,0,high,"Door_Common_ServiceStorage_B",item_templates.alias,27,"",42,"",""
57c6a730-b70d-4705-8bbb-6569f47e7fdd,0,high,"Door_Port_CoastGuardBay_CoastGuardHouse_E",item_templates.alias,27,"",42,"",""
5845f48a-bf81-4e58-ac44-6be204d80496,0,high,"Key_Port_PortAdministration_Manager",item_templates.alias,23,"Key",,"",""
58f0710b-1f64-4a79-ae47-d09a65438297,0,high,"Metal powder 'C'",Items_en.m_TableData,17,"",62,"Materials",""
58f7c44f-cdd8-443d-b121-04eb67867b97,0,high,"Ceramic armor plate",Items_en.m_TableData,17,"",68,"Surplus",""
5951c163-30b9-46a4-9ef3-6de500c7a57c,0,high,"Door_Common_Storage_S",item_templates.alias,27,"",42,"",""
597e30e5-a148-4740-b836-59755110ae0c,0,high,"Door_Port_Ship_Bridge",item_templates.alias,27,"",42,"",""
5994a661-1ec2-4dd4-a581-509459d5ecd9,0,high,"Door_Common_Maintenance_E",item_templates.alias,27,"",42,"",""
59996ba4-8411-40d5-8bd2-a00d77c6c79e,0,high,"SAPA12 butt",item_templates.alias_fallback_for_localization_links,20,"Weapon Mod",11,"Butt",""
59cf62dc-5fe5-40c2-b717-90d99fc7b017,0,high,"Key_Port_MachineShopB_Storage",item_templates.alias,23,"Key",,"",""
5aca7907-6ed1-47fd-9344-09e8101487a4,0,high,"RightLeg_05_Model_02",item_templates.alias,13,"Body Part",52,"Right leg",""
5b11da33-6aa1-468b-8735-98712dd3a9f5,0,high,"Key_Bunker_Level00_Room_05_SecurityChief",item_templates.alias,23,"Key",,"",""
5b37150b-6026-4992-828d-2efc3c798fc1,0,high,"Door_Common_Janitor",item_templates.alias,27,"",42,"",""
5ba1a9e5-7182-432b-aea0-50123cefa1ce,0,high,"RS5",Items_en.m_TableData,7,"Helmet",31,"Helmet",""
5bc96d11-866e-4ff5-90b4-4f627501ddc4,0,high,"IR Monocular",Items_en.m_TableData,17,"",65,"Devices",""
5bfaee2f-fafd-4501-8a3a-fdfc4ef3d429,0,high,"Moto helmet 'Fighter'",Items_en.m_TableData,7,"Helmet",31,"Helmet",""
5bfd5da1-55a1-42e4-b922-ab151dad77fb,0,high,"Shrine of alloys",Items_en.m_TableData,27,"",77,"Valuable deposit",""
5c0843f3-8344-426b-bfdd-02d5704e4bf3,0,high,"Disconnected body",Items_en.m_TableData,8,"SpawnBoxes",,"",""
5c54153c-d13c-4f03-9ffc-4074720823be,0,high,"H.h Terminal",Items_en.m_TableData,27,"",77,"Valuable deposit",""
5c6eb7e7-2df7-4297-95c4-5fc44a7b6828,0,high,"M420 barrel",item_templates.alias_fallback_for_localization_links,20,"Weapon Mod",12,"Barrel",""
5c8e2b56-1944-4aa2-b736-ec40e39e5673,0,high,"Flyer H25",Items_en.m_TableData,17,"",57,"Papers",""
5cd79e64-f0c6-4656-9aa2-11660f7451c0,0,high,"Key_Port_LoadingAreaAdministration_Maintenance",item_templates.alias,23,"Key",,"",""
5d13c196-b1bb-4ae8-88b2-bda5c791fbdc,0,high,"Secure case",Items_en.m_TableData,18,"Quest item",,"",""
5d23609f-b1e4-4da9-a5c4-8d4bbda625ba,0,high,"Door_Port_FuelReserveMaintenanceTunnels_FuelStorage",item_templates.alias,27,"",42,"",""
5d39503e-1063-4adf-a17e-26542263fc18,0,high,"Main ExitZone Long",item_templates.alias,27,"",48,"",""
5d7c025a-fc21-4bc7-b335-20a0f8e51b9b,0,high,"Tactical Handles",Items_en.m_TableData,34,"",,"",""
5d950e59-be9f-4dae-b247-637258f7efa5,0,high,"Body Mods",Items_en.m_TableData,34,"",,"",""
5da47f40-c8df-4349-9927-3b5eab1cf1a4,0,high,"R.Arm Host",Items_en.m_TableData,13,"Body Part",50,"Right arm",""
5e7819e7-00e6-4df8-adf0-b16df3bfb8dd,0,high,"Ladder",Items_en.m_TableData,27,"",43,"",""
5e791bcd-3fda-499f-8a8c-ef00e8b5fbb9,0,high,"Zigler sewing machine",Items_en.m_TableData,17,"",65,"Devices",""
5e7bcb69-5a61-4928-86e2-fa6107e1a106,0,high,"Bucket hat 'Price'",Items_en.m_TableData,7,"Helmet",26,"Hat",""
5ed41c7b-f00e-4af2-b38e-7dfdd024f533,0,high,"Puzzle cube",Items_en.m_TableData,17,"",39,"Valuables",""
5eea3e0a-a301-4cd6-bdf4-7a1bda30b9ae,0,high,"Slides",Items_en.m_TableData,34,"",,"",""
5eecbf32-5326-4910-98e4-677b7323a893,0,high,"Gas tank 'S'",Items_en.m_TableData,17,"",82,"Fuel",""
5f0db7ea-1859-4763-8717-408c71ef0254,0,high,"Voicemail record",Items_en.m_TableData,18,"Quest item",39,"Valuables",""
5f1e3165-32dd-4e53-94c2-831aa8f34e22,0,high,"RightLeg_02_Model_01_Monster_WIP",item_templates.alias,13,"Body Part",52,"Right leg",""
5f5a1bff-6b5b-45b1-8b3b-06441a7f7d3f,0,high,"Oscar 590A1 grip X",item_templates.alias_fallback_for_localization_links,20,"Weapon Mod",11,"Butt",""
5f949b11-669e-43cd-8ffd-a7471a551450,0,high,"Liquid soap",Items_en.m_TableData,17,"",64,"Chemicals",""
5fcc8c67-d2a8-42da-8266-33616923d9c2,0,high,"Blueprints flash drive",Items_en.m_TableData,18,"Quest item",85,"",""
600eebdb-d4c5-4213-909e-de85687b4416,0,high,"Torso_02_Model_02_Monster_WIP",item_templates.alias,13,"Body Part",33,"Torso",""
604d5ca7-4a8d-4b30-ac24-dd0ddbad32dd,0,high,"L.Leg Trashooter",Items_en.m_TableData,13,"Body Part",51,"Left leg",""
6077cfb5-ab25-4428-973b-6cb84f6bbe69,0,high,"_OBSOLETE_Basement key 3",item_templates.alias,23,"Key",,"",""
60bbe6d2-f83d-49e9-8f68-abd5dcc184ea,0,high,"Door_Common_Storage_E",item_templates.alias,27,"",42,"",""
61748429-71dc-45cb-9932-9ad6fa633176,0,high,"SniperRifle_05_Butt_03",item_templates.alias_fallback_for_localization_links,20,"Weapon Mod",11,"Butt",""
626747c5-fee6-4e3e-bdbe-e40061e03ffc,0,high,"LM39 butt",item_templates.alias_fallback_for_localization_links,20,"Weapon Mod",11,"Butt",""
62a53262-8dc2-4191-8fc3-74f7708f878c,0,high,"Heads",Items_en.m_TableData,34,"",,"",""
62c4e0d3-8854-4507-a844-962daa929276,0,high,"7.61x54R C-II",item_templates.alias,30,"Removed",25,"Expansive Ammo",""
6328c686-dd4f-4d26-99c7-a81f0f67d2c4,0,high,"Courier Bag",Items_en.m_TableData,5,"Backpack",,"",""
635a7a80-0843-4976-9e4e-3a14bd34203c,0,high,"DORA supressor",item_templates.alias_fallback_for_localization_links,20,"Weapon Mod",9,"Muzzle",""
63bd700e-2422-4cbb-8c22-6ba6c692c9f9,0,high,"LeftLeg_02_Model_02_Monster_WIP",item_templates.alias,13,"Body Part",51,"Left leg",""
6422074a-4e5e-4779-b380-813fffad8022,0,high,"Door_Common_Electrical",item_templates.alias,27,"",42,"",""
657ea17a-0c61-4ef3-b993-639e0791ab2d,0,high,"5.45x39 C-III",item_templates.alias,30,"Removed",25,"Expansive Ammo",""
657fd384-bb66-4431-b441-17285982931c,0,high,"EMERKIT SMG",Items_en.m_TableData,1,"Firearm",3,"SMG",""
6584230d-ef6e-4eb5-b1fd-76f88047634c,0,high,"Door_Common_Records",item_templates.alias,27,"",42,"",""
658c3e97-c4cb-431d-b9fe-476441a23992,0,high,"Sashiko sewing machine",Items_en.m_TableData,17,"",65,"Devices",""
65ec6eac-de55-4e57-b536-14359e8801ff,0,high,"KA74 upper receiver",item_templates.alias_fallback_for_localization_links,20,"Weapon Mod",13,"Receiver",""
660331c0-9ea7-4c33-bde4-14295dc4bc8c,0,high,"Extraction Point",Items_en.m_TableData,28,"",44,"",""
66c9b659-d24e-4059-83c8-54ffe26bc79d,0,high,"Door_Common_Maintenance_W",item_templates.alias,27,"",42,"",""
66e505fe-0fdd-408e-8fe4-ed6da48bf7f2,0,high,"RightLeg_06_Model_01",item_templates.alias,13,"Body Part",52,"Right leg",""
6710a4df-9d4e-42e7-ba50-e6e9a84a13e3,0,high,"Soap",Items_en.m_TableData,17,"",64,"Chemicals",""
6752bdf7-7127-47ef-bfb3-052641e043a5,0,high,"RightLeg_01_Monster_Shared_CritIgnore",item_templates.alias,13,"Body Part",52,"Right leg",""
680f8ae0-991c-4502-a4d4-0022d8cb78f3,0,high,"R21B",Items_en.m_TableData,13,"Body Part",33,"Torso",""
68334b7f-4e48-41b7-80e7-d77e16be4649,0,high,"M420 grip",item_templates.alias_fallback_for_localization_links,20,"Weapon Mod",28,"Grip",""
685d47c6-cbf4-4b2b-95c5-86be00dd0838,0,high,"Warehouse PointOfInterest 6",item_templates.alias,28,"",44,"",""
6874b818-68aa-4492-bbb5-ed284666fe89,0,high,"Key_Port_MainDocks_SpecialCargo",item_templates.alias,23,"Key",,"",""
68f9bccf-6739-44f5-b0dd-affdcff76c73,0,high,"Quest item (Old photo)",item_templates.alias,18,"Quest item",39,"Valuables",""
6958b5ce-b07e-437d-a37c-99a345fe8840,0,high,"Door_Port_ServiceArea_SW_PortableStorage_01",item_templates.alias,27,"",42,"",""
6a25b33a-9d9e-4f16-9c4e-fa721be4de43,0,high,"Notepad page",Items_en.m_TableData,18,"Quest item",85,"",""
6a332b50-f509-4b1c-b9eb-ebb1f6b0b1ea,0,high,"ShopCartForSell",item_templates.alias,12,"Internal",,"",""
6a3ce904-205c-4e83-8548-cfe2903f297e,0,high,"Grips",Items_en.m_TableData,34,"",,"",""
6a4bc086-c2d6-4a51-b388-1e68569b7f63,0,high,"Zombie_02 Authenticator Chip",item_templates.alias,29,"Authenticator chip",,"",""
6a5646d7-1231-4a98-af0f-7749969b3b7b,0,high,"Ceremony B",Items_en.m_TableData,7,"Helmet",73,"Mask",""
6a63be5a-a8be-453b-8e39-7645df3f41f7,0,high,"Herstal SH FH",item_templates.alias_fallback_for_localization_links,20,"Weapon Mod",14,"Muzzle",""
6ac65b2d-574a-40c3-b575-3b6c9caa8eb7,0,high,"Beverage",Items_en.m_TableData,17,"",56,"Organics",""
6ae85c11-9cbf-4643-aaa0-6f742dea51c4,0,high,"Key_Port_Ship_Bridge",item_templates.alias,23,"Key",,"",""
6b0f7f50-7b29-462c-9914-0539ce80c5a7,0,high,".300 A-II",item_templates.alias,30,"Removed",,"",""
6b300c5f-622d-4f08-bfb1-840f67028ffe,0,high,"Vintage Microphone",Items_en.m_TableData,17,"",65,"Devices",""
6b6f00ce-a393-4da3-a256-e0c5e5babdd9,0,high,"LeftLeg_01_Monster_Shared",item_templates.alias,13,"Body Part",51,"Left leg",""
6bbcfad1-1d14-469c-a3e6-62b41ce7dc32,0,high,"Armor repair kit",Items_en.m_TableData,14,"Aid Kit",91,"Repair Kit",""
6c149050-f376-492b-8873-322bee0838a3,0,high,"ID Authenticator",Items_en.m_TableData,29,"Authenticator chip",,"",""
6c2aa3bc-0fa4-4284-83d4-daa207e88072,0,high,"Door_Common_Electrical_E",item_templates.alias,27,"",42,"",""
6c47d1ea-a09d-42d5-bf02-9dfb189c8bca,0,high,"Key_Warehouse_TemporaryStorage_AdministrationAndTransitOffices_EmployeeStairs",item_templates.alias,23,"Key",,"",""
6c67b436-3ba9-4479-81e7-e4c228b432cc,0,high,"Invisible_Dead_Droid_6x4",item_templates.alias_fallback_for_localization_links,8,"SpawnBoxes",,"",""
6ce5ec47-ff5c-4452-bdea-76ccf37a9239,0,high,"Head_01_Monster_Shared_Spread_1_5",item_templates.alias,13,"Body Part",32,"Head",""
6d8a0bca-caf5-4899-acf1-30d66bbc9918,0,high,"Resources/Surplus",item_templates.alias,34,"",,"",""
6dd509e5-e1cc-4c6e-83b9-ba5076d37646,0,high,"Storage_5",item_templates.alias,12,"Internal",93,"",""
6ddfe715-591f-4ec3-bd21-c8fd3547e38e,0,high,"Empty can small",Items_en.m_TableData,17,"",58,"Waste",""
6e273593-8def-4148-b741-3313e0c170d4,0,high,"R.Arm CW3-IP",Items_en.m_TableData,13,"Body Part",50,"Right arm",""
6e345b20-3d02-4ce2-a286-5b54191ebb0d,0,high,"Bullet speed meter",Items_en.m_TableData,17,"",65,"Devices",""
6e687b75-7eb8-470a-a24e-af3b5081acd7,0,high,"Armored Hand Right 01",item_templates.alias,9,"Armor Vest",,"",""
6ea5a413-f9d8-421a-8465-d3c8f8802c72,0,high,"5.45x39 A-II",item_templates.alias,30,"Removed",,"",""
6fd22920-224d-4e1b-9d7b-f2a99d8b174f,0,high,"AuthenticatorChip_Bot_Quest_02",item_templates.alias,29,"Authenticator chip",,"",""
6fdac8d7-0a01-4255-9135-f2503e79ccf6,0,high,"Streets",Items_en.m_TableData,35,"",89,"Bodypart Camo",""
6ff28efa-75bf-4d6a-8cc6-9b01b00bfe50,0,high,"9x39",item_templates.alias_fallback_for_localization_links,3,"Standard Ammo",,"",""
7061f12e-75a7-4d8c-b9dd-a9c318549b8d,0,high,"Key_Bunker_Level00_Janitor",item_templates.alias,23,"Key",,"",""
70720ceb-2593-439e-9198-9c9eb74491b5,0,high,"Head_01_Monster_Shared_CritIgnore",item_templates.alias,13,"Body Part",32,"Head",""
7073e773-650a-4069-9991-a89daa913f0e,0,high,"Door_Common_CopierRoom_W",item_templates.alias,27,"",42,"",""
707604a7-9235-49eb-9a89-9925c29e67b8,0,high,"ETA 417 sight",item_templates.alias_fallback_for_localization_links,20,"Weapon Mod",8,"Sight x{magnification}",""
70a3ab01-9133-4e78-a767-42c7a3c4a65c,0,high,"Portland",Items_en.m_TableData,17,"",62,"Materials",""
70c1e808-a6e7-4dd7-bad8-ad019e4088af,0,high,"The Joy of Being Sad",Items_en.m_TableData,17,"",39,"Valuables",""
70c9948a-f87f-4d0e-9648-566caa969478,0,high,"Servo-RS1",Items_en.m_TableData,31,"Bodymod",,"",""
70e794a6-73e2-4826-ae4d-0385e1ed8342,0,high,"Torso Mods",Items_en.m_TableData,34,"",,"",""
71703e33-33f2-4f55-906b-8e23c88c9042,0,high,"No data",Items_en.m_TableData,17,"",65,"Devices",""
71720ce6-1050-4c66-91f7-334d39df7597,0,high,"7H36",item_templates.alias_fallback_for_localization_links,3,"Standard Ammo",,"",""
71ada3a7-37ef-4aa7-8011-0b00447440cf,0,high,"Shop box",item_templates.alias,12,"Internal",,"",""
71dcd5bb-4dad-4b13-aff8-81d679a624ba,0,high,"Door_Common_StaffRoom",item_templates.alias,27,"",42,"",""
71ee1192-59dd-4dc5-9923-30d387b2df8f,0,high,"LeftArm_01_Monster_Shared",item_templates.alias,13,"Body Part",49,"Left arm",""
727c0b2a-a649-4333-ac88-09112303815e,0,high,"Turret_01",item_templates.alias,26,"",76,"",""
7290cfab-6432-4592-b55b-ce5269d76db3,0,high,"Plastic parts '3'",Items_en.m_TableData,17,"",68,"Surplus",""
72a6105f-9509-4baf-b2ca-d10cdf9861ff,0,high,"Research information",Items_en.m_TableData,18,"Quest item",85,"",""
72c54306-d668-411e-a7d9-4016f911688f,0,high,"Storage Trashooter_01",item_templates.alias,5,"Backpack",,"",""
72cf09a2-346d-4e85-8f73-aed7f8fd935e,0,high,"Servo-AKS1",Items_en.m_TableData,31,"Bodymod",,"",""
73292b56-7b67-461d-96c2-529550fa91f9,0,high,"Key_Port_LoadingAreaAdministration_Entrance_Stairs",item_templates.alias,23,"Key",,"",""
733f5b21-7e76-4e47-b58a-3738068d5406,0,high,"Door_Common_TemporaryStorage",item_templates.alias,27,"",42,"",""
7347093e-df84-4a63-ac83-889ac0743aa8,0,high,"7.61x54R A-III",item_templates.alias,30,"Removed",,"",""
7408c591-5f03-4009-bf37-be0348c7318c,0,high,"Door_Common_PeripheryServiceStorage",item_templates.alias,27,"",42,"",""
7423b00d-5846-4961-ab37-cd4cf43444f0,0,high,".224 C-II",item_templates.alias,30,"Removed",25,"Expansive Ammo",""
743ee930-924d-4a07-a78d-0f8772c827dc,0,high,"Barn of Love'55",Items_en.m_TableData,17,"",39,"Valuables",""
7499aee7-ebe6-4214-bd5b-abe4198a0799,0,high,"Safety Helmet",Items_en.m_TableData,7,"Helmet",31,"Helmet",""
74ae4c12-d643-4609-a189-db7d4a230d82,0,high,"No data",Items_en.m_TableData,17,"",65,"Devices",""
74b1c8af-bf63-442b-aecc-79ebe5afc444,0,high,"Sling Bag",Items_en.m_TableData,5,"Backpack",,"",""
74c7349f-f705-4971-9c9e-080416105b84,0,high,"Gaston 17 barrel",item_templates.alias_fallback_for_localization_links,20,"Weapon Mod",12,"Barrel",""
7536f519-4b84-4860-be78-4fc07441b1bc,0,high,"Big can of beans",Items_en.m_TableData,17,"",56,"Organics",""
757a5638-bc75-462d-9af9-ceb92c6e1460,0,high,"Frame Left Leg",Items_en.m_TableData,13,"Body Part",51,"Left leg",""
75a370aa-76a4-4254-9ff7-36a912a19c8d,0,high,"Boiler",Items_en.m_TableData,17,"",39,"Valuables",""
761a51bc-f907-4c4c-808f-16d820e7760a,0,high,"ver.28 head",Items_en.m_TableData,13,"Body Part",32,"Head",""
76250dcc-ab8a-4e85-8c4d-4e9383ce3fe8,0,high,"Technician's toolbox",Items_en.m_TableData,8,"SpawnBoxes",,"",""
76380735-2325-421d-9c3b-6e141468af77,0,high,"Sam M1911",Items_en.m_TableData,1,"Firearm",2,"Pistol",""
766ade95-d8de-4590-a1d4-f9dfb98a438b,0,high,"Forklift",Items_en.m_TableData,27,"",75,"",""
7702f7c9-e646-4aad-b132-b8628d7f148d,0,high,"Key_Port_PortAdministration_LostAndFound",item_templates.alias,23,"Key",,"",""
777bb7a6-1118-4fbd-a83e-7082eb7e9e68,0,high,"Resources/Ware",item_templates.alias,34,"",,"",""
779bb600-aa1a-40bc-bf78-64eddcc11d4d,0,high,"Pistol_06_Barrel_04",item_templates.alias_fallback_for_localization_links,20,"Weapon Mod",12,"Barrel",""
77ecb094-cbf5-4897-9f74-3ac4b1334d42,0,high,"Zombie_01",item_templates.alias,26,"",76,"",""
78302682-6620-45ea-a238-acc1f29b95f3,0,high,"NPC_Physical_03_Trader_01",item_templates.alias,27,"",87,"<color=#ffffff>NPC</color>",""
78f5363c-81dd-4f39-a79a-8abb5a402b4a,0,high,"<color=#4DB8FF>Board game</color>",Items_en.m_TableData,17,"",39,"Valuables",""
78f9698e-c473-49c4-8eae-e12f0667e562,0,high,"Storage",Items_en.m_TableData,12,"Internal",93,"",""
79804392-a7de-40a9-af87-77c18b187cc5,0,high,"QuestHoarder_01",item_templates.alias,26,"",,"",""
7988774d-8a15-43a6-b444-02b452a7aeef,0,high,"Gold nugget",Items_en.m_TableData,17,"",68,"Surplus",""
798db9cb-47fd-4be5-b6ca-71fac65a700b,0,high,"Gaston 17 mag",item_templates.alias_fallback_for_localization_links,20,"Weapon Mod",7,"Magazine",""
79f57f32-c555-4ab2-b617-cdb80614afc8,0,high,"MKP",Items_en.m_TableData,1,"Firearm",84,"Heavy machine gun",""
7a12be0e-9a4f-4899-8cba-fa8aed2fb079,0,high,"Door_Common_Armory",item_templates.alias,27,"",42,"",""
7a24e322-cabe-47b5-813c-f3f6f61fe858,0,high,"EMERKIT",Items_en.m_TableData,6,"Chest Rig",22,"Chest rig",""
7a910865-a0d1-4884-84d6-c043f4a54fd7,0,high,"Port PointOfInterest 5",item_templates.alias,28,"",44,"",""
7a9532a5-b404-49ab-a59b-92c783be333c,0,high,"Door_Common_GasStorage",item_templates.alias,27,"",42,"",""
7aa32d71-b94d-460f-9289-8f58f52e6eda,0,high,"RightLeg_01_Model_02_Monster_WIP",item_templates.alias,13,"Body Part",52,"Right leg",""
7b4f8f6d-d3f9-45f2-a6e2-4d23d8b0c096,0,high,"Heat gun",Items_en.m_TableData,17,"",67,"Tools",""
7b8cc137-de58-4600-a98e-75b17d654d39,0,high,"Key_Port_SandReserveMaintenanceTunnels_Stockroom_B",item_templates.alias,23,"Key",,"",""
7b954a8c-befb-4906-9215-1bdd5dcf6983,0,high,"KA74 FH X",item_templates.alias_fallback_for_localization_links,20,"Weapon Mod",14,"Muzzle",""
7b998b22-2aee-45ad-8960-64eaafa2888a,0,high,"Slides",Items_en.m_TableData,8,"SpawnBoxes",,"",""
7c0136f1-6b40-4bfb-875a-3264ce61a4b2,0,high,".45 ACP B-II",item_templates.alias,30,"Removed",24,"Armor Piercing Ammo",""
7c1b65cf-30d9-4770-bcd7-0a2a16566fab,0,high,"Key_Port_Logistics_CheckpointBooth_NE",item_templates.alias,23,"Key",,"",""
7c1e3436-0b6b-4413-89f5-1e154d09f792,0,high,"Gaston 17 drum mag",item_templates.alias_fallback_for_localization_links,20,"Weapon Mod",7,"Magazine",""
7c33bac5-4466-4ee0-85da-dcdd6e844591,0,high,"Storage_6",item_templates.alias,12,"Internal",93,"",""
7c5908e3-f519-4a77-bd06-e0242bc3376d,0,high,"Key_Warehouse_QuarantineBay_ControlRoom",item_templates.alias,23,"Key",,"",""
7c63c4ea-0761-428f-b571-4b539d6e7577,0,high,"Door_Common_SewerAccess",item_templates.alias,27,"",42,"",""
7d4caba7-f12d-4d07-a7b0-f43582ca7d99,0,high,"Terminal tractor",Items_en.m_TableData,8,"SpawnBoxes",,"",""
7d6af573-2438-4a43-ad17-33fe904421bc,0,high,"RightArm_01_Model_02_Monster_WIP",item_templates.alias,13,"Body Part",50,"Right arm",""
7daddb76-7035-4d44-88f1-b14681ce0fca,0,high,"Electric Massager",Items_en.m_TableData,17,"",65,"Devices",""
7f2c7731-3c71-45da-81e5-e0d09e79219e,0,high,"ETA 417 butt",item_templates.alias_fallback_for_localization_links,20,"Weapon Mod",11,"Butt",""
7f83ec25-7b11-4b11-8285-fc622a49c569,0,high,"Data",Items_en.m_TableData,12,"Internal",40,"Gigabytes",""
7f8c19d7-a7d0-45e1-8002-d771e5520d74,0,high,"T-shirt 'Metamoto Musashi'",Items_en.m_TableData,17,"",61,"Textile",""
8009ba18-31a3-4b0b-a669-5fcb4de16279,0,high,"Plastic filament '5'",Items_en.m_TableData,17,"",62,"Materials",""
8023c190-a6c4-4e4b-98d9-7fc9972fbbe3,0,high,"Door_Port_FuelStorage_PortableOffice_03",item_templates.alias,27,"",42,"",""
805945d4-bb46-4169-a278-a1b934ff64d6,0,high,"ENF-2",Items_en.m_TableData,13,"Body Part",32,"Head",""
8063647a-9971-4ee2-b2da-5dcb37df4ca1,0,high,"Door_Common_CopierRoom_E",item_templates.alias,27,"",42,"",""
806be2fb-d1c6-4c0e-89e9-663f7ab7af4c,0,high,"Secret Meeting Location Coordinates",Items_en.m_TableData,18,"Quest item",85,"",""
80940f1f-5ea6-456a-95cd-a824f89e5221,0,high,"DORA butt",item_templates.alias_fallback_for_localization_links,20,"Weapon Mod",11,"Butt",""
80c9682f-bf58-4176-a457-050e581c80a4,0,high,"5.45x39 C-II",item_templates.alias,30,"Removed",25,"Expansive Ammo",""
80dec2a4-d34f-4146-a672-8ec8d7167ad2,0,high,"Door_Common_EmployeeStairs",item_templates.alias,27,"",42,"",""
80f8f347-ec5a-4337-9100-2a8fffc6b4f9,0,high,"Engagement ring",Items_en.m_TableData,17,"",39,"Valuables",""
810693e1-abc1-4749-b5c9-3f95cb5cfabd,0,high,"RightArm_02_Model_02_Monster_WIP",item_templates.alias,13,"Body Part",50,"Right arm",""
810f4d91-e531-46f6-b39f-6e61cce13a25,0,high,"Servo-MAS1",Items_en.m_TableData,31,"Bodymod",,"",""
81201066-4d42-4d21-8d78-87d0633a0db8,0,high,"!CHANGE!",Items_en.m_TableData,17,"",66,"A&D components",""
819fe897-6c40-4fc8-99ac-57bb0a38bf24,0,high,"Key_Bunker_Level00_Electrical_E",item_templates.alias,23,"Key",,"",""
81a42bee-103f-4ff6-b7de-319fe98c4b9e,0,high,"Head_14_Model_01_Monster_WIP",item_templates.alias,13,"Body Part",32,"Head",""
82340ae9-a482-4617-8daf-b14a70b0622a,0,high,"BELLE",Items_en.m_TableData,9,"Armor Vest",,"",""
8241d752-4e70-482c-984f-1e3787d6bc53,0,high,"Torso_02_Model_01_Monster_WIP",item_templates.alias,13,"Body Part",33,"Torso",""
82700397-d829-4dbd-8e84-38120f0d0ba2,0,high,"9x19 B-III",item_templates.alias,30,"Removed",24,"Armor Piercing Ammo",""
82afd931-b4c6-42f3-86d9-69ca88391baa,0,high,"R.Arm Rookie",Items_en.m_TableData,13,"Body Part",50,"Right arm",""
82c2f20b-b3b8-4043-985f-ba10aaab4b90,0,high,"RightArm_01_Monster_Janitor_01",item_templates.alias,13,"Body Part",50,"Right arm",""
83046e72-315e-4eaa-af9c-eee2dd33f49b,0,high,"Pistol_05_Magazine_01",item_templates.alias_fallback_for_localization_links,20,"Weapon Mod",7,"Magazine",""
830fc7f2-f4d4-4005-ab7f-e10c7595be92,0,high,"Courier Bag",Items_en.m_TableData,5,"Backpack",,"",""
83be04fa-0f68-4d4d-8e27-d975c489ae24,0,high,"Resources/Devices",item_templates.alias,34,"",,"",""
83be4f4f-8ee2-44dd-b697-bc678b5223fa,0,high,"Door_Common_Annex",item_templates.alias,27,"",42,"",""
83d0cd25-2be8-4ef0-9bb1-88de21729303,0,high,"LM39 grip",item_templates.alias_fallback_for_localization_links,20,"Weapon Mod",28,"Grip",""
83ec9fb7-a701-46de-9850-8a3289967045,0,high,"Grenade fuse",Items_en.m_TableData,17,"",81,"Explosives parts",""
84034c1b-5ddc-448d-9acd-b81f316b095c,0,high,"Geopolymer",Items_en.m_TableData,17,"",62,"Materials",""
8408a22a-350e-48bd-b096-93e3d7cbe2f7,0,high,"Door_Common_SecurityChief",item_templates.alias,27,"",42,"",""
84735a48-ff3a-4a31-852f-4e6f6ea9d852,0,high,"Storage_1",item_templates.alias,12,"Internal",93,"",""
84905e18-27e0-4e21-861b-09ad645683b7,0,high,"Key_Warehouse_QuarantineGate",item_templates.alias,23,"Key",,"",""
8494f671-ad29-4b78-b657-f8bac1443f09,0,high,"NPC_Pedlar",item_templates.alias,26,"",87,"<color=#ffffff>NPC</color>",""
84b32b85-0bc6-46ae-93c2-31f30738792a,0,high,"Door_Common_Floor_02",item_templates.alias,27,"",42,"",""
84b56f14-0f02-4a99-b0c7-9b603b0dc00e,0,high,"H8-Assistant",Items_en.m_TableData,13,"Body Part",32,"Head",""
8512857a-cab6-4286-a597-b3ae5ed4d496,0,high,"KA74 mag",item_templates.alias_fallback_for_localization_links,20,"Weapon Mod",7,"Magazine",""
851d5e0b-a3ca-4f1e-9ba5-6fae6325b51c,0,high,"Investigator",item_templates.alias,29,"Authenticator chip",,"",""
85d5f96e-c470-4364-a725-3cdb69ef98f4,0,high,"AuthenticatorChip_Bot_Quest_01",item_templates.alias,29,"Authenticator chip",,"",""
85dd177f-0007-42f0-b74f-6bcc32de8e51,0,high,"Door_Common_Floor_04",item_templates.alias,27,"",42,"",""
8629cc97-61d6-40c7-8dc6-e7f212a8ede4,0,high,"EMERKIT SMG barrel",item_templates.alias_fallback_for_localization_links,20,"Weapon Mod",12,"Barrel",""
864834cd-1058-4b95-8208-95a9577dff68,0,high,"Door_Common_Workshop",item_templates.alias,27,"",42,"",""
864fb5b8-b8a4-40b9-b97c-3a89837c2dc0,0,high,"The Truck",Items_en.m_TableData,27,"",45,"",""
86aad213-2742-4b29-9e4e-0414285e2e39,0,high,"Trashooter Authenticator Chip",item_templates.alias,29,"Authenticator chip",,"",""
8701e1bd-9509-4ec1-992d-d9e70b581bff,0,high,"Gunman",Items_en.m_TableData,5,"Backpack",,"",""
87ce1dde-4001-4114-8db6-7fefdaa8240f,0,high,"Kettle",Items_en.m_TableData,17,"",63,"Ware",""
8862e856-38c2-4a63-8066-b43dea84da50,0,high,"Quest Item (Pink Bear)",item_templates.alias,18,"Quest item",39,"Valuables",""
88c6a32a-85a6-4fa2-9e96-3b7b17abac40,0,high,"Key_Warehouse_Electrical",item_templates.alias,23,"Key",,"",""
88e7a543-a0fb-4c6f-8957-ad92f0f3aca3,0,high,"Door_Common_Checkpoint_NW",item_templates.alias,27,"",42,"",""
88e9b341-30e8-4f31-bd3f-714a57b17ddf,0,high,"Torsos",Items_en.m_TableData,34,"",,"",""
89387d14-6cac-4862-95eb-bbdb442b6085,0,high,"Body Parts",Items_en.m_TableData,34,"",,"",""
894871da-3aeb-4908-9660-a2fb35466367,0,high,"Chest Rigs",Items_en.m_TableData,34,"",,"",""
89a8900c-7689-4433-8116-fe3d009c7099,0,high,"12x70 C-II",item_templates.alias,30,"Removed",25,"Expansive Ammo",""
89c5e592-068c-4fdd-bb6e-bdfc61097f10,0,high,"HLTH-check head",Items_en.m_TableData,13,"Body Part",32,"Head",""
89e9e976-744f-4a89-880c-219a666741e4,0,high,"Safety Helmet",Items_en.m_TableData,7,"Helmet",31,"Helmet",""
8a02896e-e0bf-4337-aece-bb7a9c42f447,0,high,"Butts",Items_en.m_TableData,34,"",,"",""
8a10978d-da74-4b91-93fd-e6e33ff881b7,0,high,"Generator",Items_en.m_TableData,27,"",45,"",""
8a42c5fa-898d-469d-a0ab-1700f0571813,0,high,"Soda Can",Items_en.m_TableData,17,"",58,"Waste",""
8a5bd7b4-c24d-4ade-8336-356a4584a25e,0,high,"Door_Common_Stockroom",item_templates.alias,27,"",42,"",""
8ae07a82-587d-48e3-99f6-39a0b9673221,0,high,"Door_Port_Scrapyard_PortableUniversalModule_01",item_templates.alias,27,"",42,"",""
8ae204d9-0004-4a19-88dc-befb4d65f20a,0,high,"Key_WH_Basement_TechRoom",item_templates.alias,23,"Key",,"",""
8aea1ce5-d50b-43f5-ba26-80e9108f516d,0,high,"Key_Port_CentralCargoStorage_3F_Stairs_E",item_templates.alias,23,"Key",,"",""
8b02c9d4-34fc-4c02-b5f0-72deaa8b1312,0,high,"Quest Item (Lighter)",item_templates.alias,18,"Quest item",39,"Valuables",""
8b3db90b-f67b-4050-987e-b1772a17ba62,0,high,"Key_Warehouse_SecurityControl",item_templates.alias,23,"Key",,"",""
8b894c44-700e-4b5a-8c5c-64ee7b69a893,0,high,"Head_03_Model_01_Monster_WIP",item_templates.alias,13,"Body Part",32,"Head",""
8b8da50e-de56-46ce-8026-c56ab14bcad5,0,high,"Notepad page",Items_en.m_TableData,18,"Quest item",85,"",""
8b8f2adf-1526-4337-9b89-085ce8fa3071,0,high,"Resources/A&D",item_templates.alias,34,"",,"",""
8b955a6a-8561-4467-97ed-afb7c3e02406,0,high,"EMERKIT Pistol barrel",item_templates.alias_fallback_for_localization_links,20,"Weapon Mod",12,"Barrel",""
8baa7af0-04e6-4d43-9c91-aa00c49aed9d,0,high,"MD5",Items_en.m_TableData,13,"Body Part",33,"Torso",""
8bb4fb2e-58cd-41bc-93ab-9ffa6da2b061,0,high,"DIC",Items_en.m_TableData,17,"",67,"Tools",""
8bc47367-29ad-4db5-9a13-d5b06a4ebe12,0,high,"Key_Warehouse_Logistics_Basement_BackEntrance",item_templates.alias,23,"Key",,"",""
8c09e73d-f202-42d8-be7c-8745eebc2423,0,high,"Plastic parts '2'",Items_en.m_TableData,17,"",68,"Surplus",""
8c7e9dfa-c698-454e-930a-157db2dec363,0,high,"Toolbox B",Items_en.m_TableData,18,"Quest item",,"",""
8c8fbaa4-2e48-41e8-b8b3-a76bbd4486bc,0,high,"Courier Bag",Items_en.m_TableData,5,"Backpack",,"",""
8ccd4fe1-f2be-4b7e-8d3a-4b2ea5d377b2,0,high,"Junk Grenade",Items_en.m_TableData,10,"Grenade",21,"Grenade",""
8ce26d08-7026-4ec1-aa32-24dbf07994d6,0,high,".454 AP",item_templates.alias_fallback_for_localization_links,3,"Standard Ammo",24,"Armor Piercing Ammo",""
8cf49c08-9292-49df-ac5f-c279179395a6,0,high,"Port PointOfInterest 12",item_templates.alias,28,"",44,"",""
8d5dec15-bc57-439f-be48-07a9bdef9dd8,0,high,"Aluminum Pot",Items_en.m_TableData,17,"",63,"Ware",""
8ded7070-6897-43cf-a799-810a56503416,0,high,"DeadRobot_02",item_templates.alias_fallback_for_localization_links,8,"SpawnBoxes",,"",""
8df111f1-34c8-4821-bdb5-396346ce3fe1,0,high,"Servo-IHD1",Items_en.m_TableData,31,"Bodymod",,"",""
8e0bf9f4-305e-4c1f-8156-df9c05050af3,0,high,"Trashooter",Items_en.m_TableData,13,"Body Part",33,"Torso",""
8e1b46f5-a8f1-4eb4-8a31-91a4c2ec8aca,0,high,"Metal filament 'B'",Items_en.m_TableData,17,"",62,"Materials",""
8e456c08-e808-42cb-88cd-40cc2265ade3,0,high,"Door_Common_Stairs_E",item_templates.alias,27,"",42,"",""
8e7e08aa-e259-4362-b702-ac8ae0ad7e23,0,high,"Slugger Authenticator Chip",item_templates.alias,29,"Authenticator chip",,"",""
8e95b775-5dc4-49db-8d12-b488ebfa229c,0,high,"SoyTech News",Items_en.m_TableData,18,"Quest item",39,"Valuables",""
8eb69666-5a6d-4ff1-8091-7e94643747da,0,high,"Monster_BodyParts_BaseTemplate",item_templates.alias,26,"",76,"",""
8eda5b01-7672-40aa-a278-1e538d547e82,0,high,"Fuse box",Items_en.m_TableData,27,"",45,"",""
8eded12e-35d0-431b-a634-9ab79bdf1dcd,0,high,"Car",Items_en.m_TableData,8,"SpawnBoxes",,"",""
8f19d387-b028-4e07-85fe-66f365e2c5dc,0,high,"Key_Warehouse_TemporaryStorage_AdministrationAndTransitOffices_FireExit",item_templates.alias,23,"Key",,"",""
8f62c23d-9896-4512-8ada-d50c035ed4af,0,high,"Neylon thread",Items_en.m_TableData,17,"",59,"Fabrics",""
8fa83dd5-e1c6-4ccc-af17-983a08e7677b,0,high,"DeadRobot_7x5",item_templates.alias_fallback_for_localization_links,8,"SpawnBoxes",,"",""
8fbdd68f-6403-4d01-83f1-488f9a971e3e,0,high,"Metal armor plate",Items_en.m_TableData,17,"",68,"Surplus",""
8fc3ab14-0a9a-45db-9a0f-d27f944d2763,0,high,"NPC_Physical_01_Trader_01",item_templates.alias,27,"",87,"<color=#ffffff>NPC</color>",""
8fd8e463-3504-4c04-90de-e9a3bb6d76f9,0,high,"Thermite 'X'",Items_en.m_TableData,17,"",64,"Chemicals",""
9016bfe8-b42a-4d4c-83b7-61cb1dd699d9,0,high,"M420 FH",item_templates.alias_fallback_for_localization_links,20,"Weapon Mod",14,"Muzzle",""
904bad93-272c-4377-9f67-70bc4f32ecce,0,high,"Port PointOfInterest 11",item_templates.alias,28,"",44,"",""
904d5805-ba41-4dd7-9868-e55685b15fca,0,high,"7.61x54R B-III",item_templates.alias,30,"Removed",24,"Armor Piercing Ammo",""
90ae5a46-c40d-451e-96ba-dec68b109f1c,0,high,"Oscar 590A1 mag",item_templates.alias_fallback_for_localization_links,20,"Weapon Mod",7,"Magazine",""
910e1c69-d380-422e-a655-8bf889090941,0,high,"PoolBall_01_RedStripe_11_S",item_templates.alias_fallback_for_localization_links,17,"",39,"Valuables",""
917e09f1-ba60-4e37-92e8-df199163214c,0,high,"Key_Port_Logistics_Basement",item_templates.alias,23,"Key",,"",""
920dc5c9-6f43-4282-a97a-a671bbc30a7c,0,high,"IDChip Private Investigator",item_templates.alias,29,"Authenticator chip",,"",""
92b051c9-5ced-4566-8552-c040751ab26c,0,high,"SCP-667 model",Items_en.m_TableData,17,"",65,"Devices",""
92de9e30-6d04-4fa0-b92e-e693a09a04f4,0,high,"Shrine of alloys",Items_en.m_TableData,27,"",77,"Valuable deposit",""
92ee8c0a-ac8d-48b9-b3d0-4dde8ed1c345,0,high,"Black market",Items_en.m_TableData,34,"",,"",""
93124f53-f366-4ced-8ee3-53a53c2d096b,0,high,"Equipment",Items_en.m_TableData,34,"",,"",""
9348032c-9a10-4b0c-90c9-73779c28b64f,0,high,"Hilarious B.E.A.R.",Items_en.m_TableData,17,"",39,"Valuables",""
93519409-4138-4b33-944d-77954e60fb75,0,high,"Gun parts",Items_en.m_TableData,17,"",68,"Surplus",""
9387873e-0786-4514-bab6-da554d54b34c,0,high,"Door_Common_Electrical_W",item_templates.alias,27,"",42,"",""
93b62ea2-406f-471b-abc6-34ab1672da83,0,high,"Recycled Junk",Items_en.m_TableData,17,"",58,"Waste",""
93c789b6-9165-4ce6-b221-8f76abe19d2e,0,high,"L.Arm CW3-IP",Items_en.m_TableData,13,"Body Part",49,"Left arm",""
93d2dc52-613a-4333-97bb-99d0b63e54dc,0,high,"Head_13_Model_01_Monster",item_templates.alias,13,"Body Part",32,"Head",""
9454e315-9f02-4168-80cf-d69dd6c4ad04,0,high,"QuestContainer_Victim_01",item_templates.alias,18,"Quest item",,"",""
949103e9-579a-4a5a-bab8-24571917ca0d,0,high,"Hoarder_01",item_templates.alias,26,"",76,"",""
95030f6e-4717-4eb2-89fa-0d8a91bb5056,0,high,"Janitor's Remains",Items_en.m_TableData,27,"",77,"Valuable deposit",""
95193508-2edb-4097-b6ac-3c75c265a0ff,0,high,"Customer database",Items_en.m_TableData,18,"Quest item",85,"",""
9551ed48-b7ec-4802-8337-e87ad14972c9,0,high,"SPS",Items_en.m_TableData,1,"Firearm",2,"Pistol",""
955b1b3b-c893-47da-8eff-dd21cf7a4044,0,high,"PoolBall_01_Darkred_07_S",item_templates.alias_fallback_for_localization_links,17,"",39,"Valuables",""
961b9acb-b9b2-4803-b741-feebbd583664,0,high,"TH 2",Items_en.m_TableData,20,"Weapon Mod",10,"Tactical Handle",""
965d033c-61c7-4d1c-93ee-da59f2b211a2,0,high,"Welding Machine",Items_en.m_TableData,17,"",67,"Tools",""
9714d56d-c501-4765-9a07-0a53d753e5b6,0,high,"Door_Common_ControlRoom",item_templates.alias,27,"",42,"",""
9746d23a-2c07-4531-8d67-1f6ee9ad89b6,0,high,"Door_Common_ServiceShop",item_templates.alias,27,"",42,"",""
9789377a-fab4-4a01-a5d1-bdeeeb74fc92,0,high,"Key_Warehouse_SecurityRoom_Armory",item_templates.alias,23,"Key",,"",""
978f498d-7ba4-475d-88a9-462be2d68d22,0,high,"Key_Warehouse_ReceivingBay_SpecialExit_Annex",item_templates.alias,23,"Key",,"",""
97e62f3f-45d9-45c4-a211-5531f0ff0021,0,high,"Odd Fax",Items_en.m_TableData,18,"Quest item",85,"",""
97f72ca9-003d-4c8b-81d6-9edd11d00869,0,high,"Reserve generator",Items_en.m_TableData,27,"",45,"",""
980e3f47-5504-477d-a327-5384950055b5,0,high,"Key_Bunker_Level00_Room_07_Armory",item_templates.alias,23,"Key",,"",""
98967cdf-162b-4dea-8991-e05aee5b21fb,0,high,"RightLeg_05_Model_01",item_templates.alias,13,"Body Part",52,"Right leg",""
989fd5c1-f17f-4725-9b89-3a6af4d40edc,0,high,"R.Leg R21B",Items_en.m_TableData,13,"Body Part",52,"Right leg",""
98a63c01-6946-468d-b91b-bca06da66b29,0,high,"CW3H",Items_en.m_TableData,13,"Body Part",32,"Head",""
98ca4560-598f-4d9b-a934-d800c2a21c45,0,high,"CARTER",Items_en.m_TableData,6,"Chest Rig",23,"Armored chest rig",""
98e1e51b-4f8b-4512-bd34-2a37a0eb2930,0,high,".45ACP",item_templates.alias_fallback_for_localization_links,3,"Standard Ammo",,"",""
99355a09-41f6-4178-bfc4-1df1e2b327ad,0,high,"CONTAINER",Items_en.m_TableData,8,"SpawnBoxes",,"",""
99a77d00-329a-4199-af4e-ec1577f94849,0,high,"Supplies",Items_en.m_TableData,8,"SpawnBoxes",,"",""
99a7f96f-1894-4b28-b01b-407a11641836,0,high,"Magnetic Storm Example",item_templates.alias,33,"",,"",""
99b3572f-b9d7-445f-916c-1ec6b2501a55,0,high,"Door_Common_Checkpoint_S",item_templates.alias,27,"",42,"",""
9a1aa8dd-c559-454c-aa30-38f175081444,0,high,"Shelter",item_templates.alias,12,"Internal",93,"",""
9a591c73-b524-4f79-bdab-b3dfa8034bab,0,high,"SniperRifle_01_Butt_03",item_templates.alias_fallback_for_localization_links,20,"Weapon Mod",11,"Butt",""
9ab2a400-92f7-4bb3-b060-b9f9b832d9f8,0,high,"Customer database",Items_en.m_TableData,18,"Quest item",39,"Valuables",""
9ab616ba-3981-47a0-85e0-522e6eae3cfb,0,high,"Door_Common_Stockroom_B",item_templates.alias,27,"",42,"",""
9adb4f5a-3981-4955-befe-358094241ff4,0,high,"Door_Common_Checkpoint_NE",item_templates.alias,27,"",42,"",""
9af410e5-d2c4-4042-b588-d961c3796253,0,high,"NPC_Physical_01_Trader_02",item_templates.alias,27,"",87,"<color=#ffffff>NPC</color>",""
9b42fba8-9653-4639-9358-3ae32ffe558d,0,high,"Door_Common_Restroom",item_templates.alias,27,"",42,"",""
9b63f0e6-faf4-45a8-aeb0-c98eccb6f4db,0,high,"Storage_2",item_templates.alias,12,"Internal",93,"",""
9b9a30fd-e400-4765-9b92-9f86d19cb359,0,high,"Plywood",Items_en.m_TableData,17,"",62,"Materials",""
9ba03c2a-9533-4172-b110-eb57681aad47,0,high,"Torpex",Items_en.m_TableData,17,"",64,"Chemicals",""
9bd49535-c2cd-40ac-80e9-a41bc045e532,0,high,"LVL",Items_en.m_TableData,17,"",62,"Materials",""
9bdfd56c-8f37-4343-8111-73a7631e6421,0,high,"LM39 mag",item_templates.alias_fallback_for_localization_links,20,"Weapon Mod",7,"Magazine",""
9be14ea8-db25-4661-92b1-b040393bf871,0,high,".224 B-II",item_templates.alias,30,"Removed",24,"Armor Piercing Ammo",""
9be34d16-9635-4c4d-902a-932a5f99a9fa,0,high,"Key_Port_Logistics_SecurityRoom_SE",item_templates.alias,23,"Key",,"",""
9c14bfd5-0bf4-4453-9d11-83016552fe42,0,high,"Quest item (Tshirt_Head)",item_templates.alias,18,"Quest item",39,"Valuables",""
9c4c191b-ba8e-4c0f-8790-5c24bcd436c5,0,high,"Explosives Parts",Items_en.m_TableData,34,"",,"",""
9c648b35-9002-49a5-93d5-e23700eb1ae6,0,high,"Shiny, long and tiny",Items_en.m_TableData,18,"Quest item",,"",""
9c947458-956b-4701-90b4-d9bf3b71198e,0,high,"Oscar 590A1 grip",item_templates.alias_fallback_for_localization_links,20,"Weapon Mod",11,"Butt",""
9cb054f0-5aa9-41a8-836d-2dd290fc58b5,0,high,"Notepad page",Items_en.m_TableData,18,"Quest item",85,"",""
9d2caad0-71a7-4d26-8546-bc90483b0c15,0,high,"Sam M1911 ext. mag",item_templates.alias_fallback_for_localization_links,20,"Weapon Mod",7,"Magazine",""
9d881a0e-0276-4c04-ad3b-4e312a0fa01f,0,high,"ETA 45 barrel",item_templates.alias_fallback_for_localization_links,20,"Weapon Mod",12,"Barrel",""
9de0a6dc-27ff-45d2-beb8-c86aedf16da8,0,high,"LeftArm_01_Monster_Shared_CritIgnore",item_templates.alias,13,"Body Part",49,"Left arm",""
9e02d99b-f806-484e-8782-36863dfc0183,0,high,"DVS receiver X",item_templates.alias_fallback_for_localization_links,20,"Weapon Mod",13,"Receiver",""
9e06528d-448e-4349-bebc-295670252599,0,high,"Can",Items_en.m_TableData,17,"",56,"Organics",""
9e34ca37-ad83-4908-b87b-101fd9e92458,0,high,"7.62x51 A-II",item_templates.alias,30,"Removed",,"",""
9e91f078-eea9-4405-9f27-84960f4850da,0,high,"Oscar 590A1 barrel",item_templates.alias_fallback_for_localization_links,20,"Weapon Mod",12,"Barrel",""
9eb89019-6946-4245-bb6f-e5aedb7dafd4,0,high,"L.Leg Host",Items_en.m_TableData,13,"Body Part",51,"Left leg",""
9f5c76b9-f09e-4bee-ada1-2ed0afe7ce17,0,high,"9x19 A-II",item_templates.alias,30,"Removed",,"",""
9ff01e9e-9019-4b0c-b12c-dff678439edd,0,high,"Extraction Point",Items_en.m_TableData,28,"",44,"",""
9ff05069-b2f2-49e1-b7bf-38ba9738b86f,0,high,"LM39 barrel",item_templates.alias_fallback_for_localization_links,20,"Weapon Mod",12,"Barrel",""
9ff54173-d9a6-4a7d-a84b-ed5ec559d6dd,0,high,"Developer's hat",Items_en.m_TableData,7,"Helmet",26,"Hat",""
a0324a80-b43d-4c20-99cb-8f522cd6d372,0,high,"Frame Right Arm",Items_en.m_TableData,13,"Body Part",50,"Right arm",""
a0360c4b-7876-4313-85a2-2b82a6fa62ae,0,high,"RightLeg_02_Model_02_Monster_WIP",item_templates.alias,13,"Body Part",52,"Right leg",""
a03d7355-80c9-4571-b685-4594d94f2f31,0,high,"Key_Port_ParkingGarage_Manager",item_templates.alias,23,"Key",,"",""
a07a4856-d1c8-41f6-be21-dc20b3ff839f,0,high,"Van trunk",Items_en.m_TableData,27,"",45,"",""
a124c0c4-fbc8-47e2-bd2f-aac3f3657ddd,0,high,"SWAT_01",item_templates.alias,26,"",76,"",""
a15dcc00-0829-4110-8152-3b65cea43880,0,high,"NPC_Quest_04_Give_01",item_templates.alias,27,"",87,"<color=#ffffff>NPC</color>",""
a16da3a0-a42c-44f2-924c-1be58a7a9f1c,0,high,"Air hammer",Items_en.m_TableData,17,"",67,"Tools",""
a16daeee-55b2-431c-9b2e-693da7dd5a91,0,high,"LM39",Items_en.m_TableData,1,"Firearm",83,"Light machine gun",""
a1ff1977-559c-4fc7-8818-220b39f24919,0,high,"Plastic bottle",Items_en.m_TableData,17,"",63,"Ware",""
a24c3a96-2f03-4385-bb13-f1ea3dda443b,0,high,"'Rapid'",Items_en.m_TableData,6,"Chest Rig",22,"Chest rig",""
a267e7ab-efec-43ea-904f-8f8be210ac7a,0,high,"Sentinel Pattern head",Items_en.m_TableData,13,"Body Part",32,"Head",""
a2b1e531-ddbb-4a68-a8ef-6768e89345ae,0,high,"SniperRifle_01_Barrel_02",item_templates.alias_fallback_for_localization_links,20,"Weapon Mod",12,"Barrel",""
a356b65a-5fb9-4033-8663-e3a6b8de99ba,0,high,"Door_Common_TransitStairs",item_templates.alias,27,"",42,"",""
a385f5ea-a57b-4910-894e-e8a6b462988b,0,high,"ID Authenticator",Items_en.m_TableData,29,"Authenticator chip",,"",""
a390b113-9e19-41b0-96f5-cc482b443b65,0,high,"Key_Warehouse_CargoStorageD_Supervisor",item_templates.alias,23,"Key",,"",""
a39c8757-b981-4eb5-aa42-9655db1cfc96,0,high,"LNX18",Items_en.m_TableData,9,"Armor Vest",,"",""
a473af76-a91c-49bd-8924-b61f093447d6,0,high,".45 ACP B-III",item_templates.alias,30,"Removed",24,"Armor Piercing Ammo",""
a47c5937-f2e3-43c1-a01e-af577971a55c,0,high,"Metal parts 'C'",Items_en.m_TableData,17,"",68,"Surplus",""
a49c5dca-ad2a-4690-8aea-be98bd3964bb,0,high,"Armor Blueprint",Items_en.m_TableData,37,"",96,"Blueprint",""
a53035fb-7f02-4a7d-bfc3-95ed0065e825,0,high,"Lab tubing",Items_en.m_TableData,17,"",63,"Ware",""
a530e99c-e0a1-49c4-bd72-c97457ec84e2,0,high,"PRSVR",Items_en.m_TableData,13,"Body Part",32,"Head",""
a56e398a-ec07-4797-91d3-74abf176820a,0,high,"Transmission Source",Items_en.m_TableData,27,"",45,"",""
a5dee608-9a8b-4c06-a930-bf86af2cb58f,0,high,"Door_Common_MaintenanceTunnel",item_templates.alias,27,"",42,"",""
a6646938-4305-4f2b-b7bc-6677f2cc2c62,0,high,"NPC_Quest_01_Talk_01",item_templates.alias,27,"",87,"<color=#ffffff>NPC</color>",""
a6c2b2e0-d3a3-478c-bbbe-10faf6a99eab,0,high,"Safe Box II",Items_en.m_TableData,22,"Case",78,"Safe Box",""
a6c562e3-898a-4a60-b023-a29bfadc74c1,0,high,"Oil barrel",Items_en.m_TableData,27,"",45,"",""
a6c96a41-78e4-46c0-a2f1-d12bf1b20fa6,0,high,"The Pool Ball",Items_en.m_TableData,17,"",39,"Valuables",""
a6ed8dfd-fd2f-471c-8845-cc5ebd6a1dac,0,high,".45 ACP C-III",item_templates.alias,30,"Removed",25,"Expansive Ammo",""
a6f9ab0a-0453-4678-9fd1-1e78c6959a2f,0,high,"!CHANGE!",Items_en.m_TableData,17,"",66,"A&D components",""
a7386ae6-7815-46db-988a-c7ff3ec7e37e,0,high,"Door_Port_Parking_Entrance_W",item_templates.alias,27,"",42,"",""
a78e9d88-75eb-4978-afba-6e54fcde2f12,0,high,"L.Arm Localhost",Items_en.m_TableData,13,"Body Part",49,"Left arm",""
a7f48e9e-cee4-4507-b12d-de836c65dc68,0,high,"CW3-I",Items_en.m_TableData,13,"Body Part",33,"Torso",""
a84141c7-1cfc-413f-a4e4-666822d1d78a,0,high,"ETA 5 receiver",item_templates.alias_fallback_for_localization_links,20,"Weapon Mod",13,"Receiver",""
a845cec2-1fd5-4e24-bd2e-17a23e68616e,0,high,"Door_Port_FuelReserve_PortableUniversalModule_01",item_templates.alias,27,"",42,"",""
a866996d-e22e-4d8c-b419-7161c3104076,0,high,"SoyTech News",Items_en.m_TableData,18,"Quest item",85,"",""
a886e54f-be1d-49ab-9e16-3d196f9c23e2,0,high,"Metal powder 'B'",Items_en.m_TableData,17,"",62,"Materials",""
a916c0b5-7aab-447b-b744-d2cf24037e09,0,high,"Ramon 1891 rifle stock",item_templates.alias_fallback_for_localization_links,20,"Weapon Mod",15,"Rifle Stock",""
a96ae755-5c47-42d7-87d5-0790129e101a,0,high,"Clerk's Safe",Items_en.m_TableData,8,"SpawnBoxes",,"",""
a97581b7-5f1b-48a1-9560-b8ced78c0993,0,high,"NPC_InfoPoint_01",item_templates.alias,27,"",87,"<color=#ffffff>NPC</color>",""
a9ba24e5-eb94-4f98-aebd-f08b19251d5d,0,high,"Door_Port_GeologicFieldStation_RockPassageStairs",item_templates.alias,27,"",42,"",""
a9c96f62-09d1-4429-96d6-8667009bb757,0,high,".45 ACP Tutorial ammo",item_templates.alias_fallback_for_localization_links,,"",,"",""
a9db6a0c-fa86-4bb0-a934-cba0fd35aa88,0,high,"Head_01_Monster_Janitor_01",item_templates.alias,13,"Body Part",32,"Head",""
a9fa2bab-dd83-4a9d-9cb4-d02a9cfcdf39,0,high,"12x70",item_templates.alias_fallback_for_localization_links,3,"Standard Ammo",,"",""
aa3b8e26-c976-4502-b177-b3df43f7ee4c,0,high,"L.Arm MD5",Items_en.m_TableData,13,"Body Part",49,"Left arm",""
aa74dff8-bfc0-444b-b49d-29c0768ce3d1,0,high,"DVS mag",item_templates.alias_fallback_for_localization_links,20,"Weapon Mod",7,"Magazine",""
aab163e1-d00a-4bf1-9f96-d39e03248628,0,high,"Shotgun_05_Magazine_01",item_templates.alias_fallback_for_localization_links,20,"Weapon Mod",7,"Magazine",""
ab3fb9d4-7abc-4ac8-9fbe-b1e7e6c924c5,0,high,"Door_Common_Systems",item_templates.alias,27,"",42,"",""
ab5419f7-9705-4a48-9475-bd1396a597ee,0,high,"Worn",Items_en.m_TableData,35,"",89,"Bodypart Camo",""
ab5b5887-a465-4ecd-8684-d52370105262,0,high,"PC",Items_en.m_TableData,27,"",45,"",""
abc47b7f-fa48-4f7f-9ac2-1696128444d8,0,high,"Clown Doll",Items_en.m_TableData,17,"",39,"Valuables",""
abdc3862-040f-47e1-ac4d-fcf6daa05948,0,high,"Door_Common_LockerRoom",item_templates.alias,27,"",42,"",""
ac3f2fe0-0828-4e94-8344-b33e48c41d39,0,high,"Special repair kit",Items_en.m_TableData,14,"Aid Kit",91,"Repair Kit",""
ac4b6268-996f-4d96-ac3e-e6bc87ec668f,0,high,"ID Authenticator",Items_en.m_TableData,29,"Authenticator chip",,"",""
ac63be2f-0944-4878-baa1-90cf60add228,0,high,"Head_05_Model_01",item_templates.alias,13,"Body Part",32,"Head",""
ad3928d9-d44f-478c-945a-48ca2f9355ab,0,high,"RightArm_01_Monster_Shared",item_templates.alias,13,"Body Part",50,"Right arm",""
ad8100a2-5cf2-4662-ae99-75f42e11372e,0,high,"Frame Right Leg",Items_en.m_TableData,13,"Body Part",52,"Right leg",""
ad851ae1-96cd-402c-9373-39b67cb20b9f,0,high,"Key_Port_FuelStorage_InventoryClerk",item_templates.alias,23,"Key",,"",""
ad903c35-eaec-4bf6-8e35-427bc3c3b00d,0,high,"Door_Port_ServiceArea_SW_Entrance",item_templates.alias,27,"",42,"",""
add0e160-ecd9-4b5b-874f-cd744e37b4bd,0,high,"Cargo Box",Items_en.m_TableData,8,"SpawnBoxes",,"",""
adf9aa59-692f-4c91-b009-192d5b539c30,0,high,"MKP grip",item_templates.alias_fallback_for_localization_links,20,"Weapon Mod",28,"Grip",""
ae67517f-8d63-4a99-b881-c356c8ea4dac,0,high,"Locked",Items_en.m_TableData,27,"",94,"",""
ae9bed93-5954-4bf0-9b27-b15a63c6f10e,0,high,"Door_Port_FuelStorage_PortableOffice_02",item_templates.alias,27,"",42,"",""
aea62400-befc-464c-afe9-ad17b4912fff,0,high,"""Sticky Stick"" Foam",Items_en.m_TableData,17,"",64,"Chemicals",""
aeb06795-824c-4620-81d6-6c8c21821e96,0,high,"ExitZone for q_new_find_teddy",item_templates.alias,27,"",48,"",""
aecae6b5-9d26-4407-bf1d-542fc208cc17,0,high,"Shrine of binders",Items_en.m_TableData,27,"",77,"Valuable deposit",""
aefd910c-c723-44ce-91c9-6fce6d170c4d,0,high,"7.61x54R A-II",item_templates.alias,30,"Removed",,"",""
aefed1bb-2f30-4d5e-b0d7-2379ad30e475,0,high,"Eliphalet 700 rifle stock",item_templates.alias_fallback_for_localization_links,20,"Weapon Mod",15,"Rifle Stock",""
afd35d08-ea87-4718-a915-54763f7f63a5,0,high,"Key_Bunker_Level00_LostAndFound",item_templates.alias,23,"Key",,"",""
afff5d0a-6321-4a95-87f0-26eea11205ba,0,high,"Receivers",Items_en.m_TableData,8,"SpawnBoxes",,"",""
b06f4655-7571-457f-ba65-de16baf35d5d,0,high,"Resources/Papers",item_templates.alias,34,"",,"",""
b16d0715-a13a-4e56-99d4-03b63892252e,0,high,"Storage",Items_en.m_TableData,12,"Internal",93,"",""
b1c43c8f-dfc5-4c01-b02b-40c09dcd5472,0,high,"Port PointOfInterest 7",item_templates.alias,28,"",44,"",""
b1ca57e9-130a-43ac-8418-c1e73584577a,0,high,"Resources/Chemicals",item_templates.alias,34,"",,"",""
b2029f76-e7a6-4dbb-aa26-912df5beca59,0,high,"Door_Port_FuelReserve_PortableOffice_02",item_templates.alias,27,"",42,"",""
b250a7e6-5aa6-4659-9882-da69d43f2720,0,high,"1A4M Sight",item_templates.alias_fallback_for_localization_links,20,"Weapon Mod",8,"Sight x{magnification}",""
b25cc628-273b-4686-b8dd-34472cbd3ad6,0,high,"R.Arm Localhost",Items_en.m_TableData,13,"Body Part",50,"Right arm",""
b25fa862-e8e8-4d15-8d32-aad9e3197850,0,high,"Zombie Authenticator Chip",item_templates.alias,29,"Authenticator chip",,"",""
b27620db-e680-4623-b2a4-c750f315acaa,0,high,"Pistol_06_Barrel_01",item_templates.alias_fallback_for_localization_links,20,"Weapon Mod",12,"Barrel",""
b296a025-d0a4-451f-981d-23fcffcd9879,0,high,"Herstal 57 slide",item_templates.alias_fallback_for_localization_links,20,"Weapon Mod",16,"Slide",""
b2c366ac-0a10-4b1f-9699-a2ecab5fa3b6,0,high,"Frame Torso",Items_en.m_TableData,13,"Body Part",33,"Torso",""
b3f3e4fe-f4de-4ebe-929d-8ecf03ff48cf,0,high,"Leg Mods",Items_en.m_TableData,34,"",,"",""
b40e5958-aa5f-4bd5-b8df-1b810ee9dfb7,0,high,"L.Leg CW3-IP",Items_en.m_TableData,13,"Body Part",51,"Left leg",""
b4149a55-0e3a-4349-9486-2fc327726860,0,high,"Droid 01 - Hunter",item_templates.alias,26,"",,"",""
b494fa7a-934e-4aa4-bb63-62a5953c373a,0,high,"Analyzed Evidence",Items_en.m_TableData,18,"Quest item",85,"",""
b4b2a023-5618-4e47-8a4a-91853cf25d0c,0,high,"PoolBall_01_Red_03_S",item_templates.alias_fallback_for_localization_links,17,"",39,"Valuables",""
b4cbc667-67af-435f-abcf-65b8964ee030,0,high,"Stylish, timeless, of irregular shape",Items_en.m_TableData,18,"Quest item",,"",""
b4df008c-5ce8-467c-a9bc-b00676d4efa6,0,high,"Iron bar",Items_en.m_TableData,17,"",68,"Surplus",""
b527367f-49cb-4018-ac86-460f52198f2a,0,high,"Aid Kits",Items_en.m_TableData,34,"",,"",""
b54394c5-529e-4639-8070-f179ff4d9d9b,0,high,"Item blueprint",Items_en.m_TableData,37,"",100,"Blueprint",""
b58f4abe-921c-4e98-8be9-0465a1652959,0,high,"Door_Common_TechRoom",item_templates.alias,27,"",42,"",""
b5e4291f-d8c1-4f7e-959b-fcc053765dfb,0,high,"Port PointOfInterest 10",item_templates.alias,28,"",44,"",""
b657bc11-88e3-497e-a2b1-5825f848884d,0,high,"Force armor",item_templates.alias,9,"Armor Vest",,"",""
b65a3e63-13c6-49cb-98e5-7f17a7c078d6,0,high,"Highlight Special Animated",item_templates.alias,28,"",44,"",""
b6e75d92-ff38-4f53-861a-35faadc0aa82,0,high,"Door_Port_Parking_Entrance_NW",item_templates.alias,27,"",42,"",""
b736b4e2-efd1-427e-b76c-02494a27331d,0,high,"Notepad page",Items_en.m_TableData,18,"Quest item",85,"",""
b789f670-769a-4c47-a3d0-06252185764f,0,high,"Zenith",Items_en.m_TableData,6,"Chest Rig",22,"Chest rig",""
b7e4cb2d-6736-4c82-b1b1-c243fa9e516a,0,high,"Key_Bunker_Level00_Room_15_Surveillance",item_templates.alias,23,"Key",,"",""
b7e9b7bd-ecc1-4b3a-95b3-34fdcfb93388,0,high,"5.56x45 B-II",item_templates.alias,30,"Removed",24,"Armor Piercing Ammo",""
b879752b-010a-42a2-85bd-11f2b347b7ff,0,high,"Weapon blueprint",Items_en.m_TableData,37,"",98,"Blueprint",""
b8e33705-d85f-4245-9b1b-93470b458146,0,high,"1A4M mag",item_templates.alias_fallback_for_localization_links,20,"Weapon Mod",7,"Magazine",""
b8e4d960-58e6-41be-a89a-a04bfc2ce88a,0,high,"ANFO",Items_en.m_TableData,17,"",64,"Chemicals",""
b933ad87-d18c-4100-886a-a522ee7715da,0,high,".224 AP",item_templates.alias_fallback_for_localization_links,3,"Standard Ammo",24,"Armor Piercing Ammo",""
b99b4c7e-49f1-4280-b77d-02b09209cff3,0,high,"Assistant's toolbox",Items_en.m_TableData,8,"SpawnBoxes",,"",""
b9b64e64-0f9e-4ae3-b96c-2a0430a0cee8,0,high,"ID Authenticator",Items_en.m_TableData,29,"Authenticator chip",,"",""
ba31b4db-46b9-4565-af4e-e972e5e0f0f4,0,high,"Hammer",Items_en.m_TableData,11,"Melee Tool",,"",""
ba4f1bc7-4514-484a-ad6b-0e67db5c7432,0,high,"Door_Common_Accounting",item_templates.alias,27,"",42,"",""
ba5dbbb0-4e2b-49ac-986c-3ec4d27dcf7e,0,high,"Metal filament 'A'",Items_en.m_TableData,17,"",62,"Materials",""
ba9069df-c0e7-4214-b89c-c876c48a45cc,0,high,"Key_Port_Logistics_TemporaryStorage",item_templates.alias,23,"Key",,"",""
bab13c85-c6ca-4378-a31d-8d2e1c8b4313,0,high,".224 E",item_templates.alias_fallback_for_localization_links,3,"Standard Ammo",25,"Expansive Ammo",""
bad9e3a8-a9b0-44e0-a360-2a51983589b0,0,high,"FYI Snapback",Items_en.m_TableData,7,"Helmet",26,"Hat",""
bb0ad5c5-d138-409e-8e47-451c8266781c,0,high,"Key_Port_CoastGuardBay_CoastGuardHouse_E",item_templates.alias,23,"Key",,"",""
bbb39610-943b-455c-996d-2f54b48bc367,0,high,"LM39 receiver",item_templates.alias_fallback_for_localization_links,20,"Weapon Mod",13,"Receiver",""
bbb54481-ed1a-4b68-9144-c7df1d51b095,0,high,"Door_Common_Distribution",item_templates.alias,27,"",42,"",""
bbfa98c5-5a07-41b7-a9da-0acb069bec05,0,high,"M420",Items_en.m_TableData,1,"Firearm",84,"Heavy machine gun",""
bc469349-9243-4daa-9926-68978a6018f4,0,high,"Plastic plate",Items_en.m_TableData,17,"",58,"Waste",""
bcac81f6-5462-4f3c-865f-e426e5f39d37,0,high,"Storage",Items_en.m_TableData,12,"Internal",93,"",""
bccbdac1-13d1-4308-96bb-a47fed8a5b7c,0,high,"Aboutamask",Items_en.m_TableData,7,"Helmet",73,"Mask",""
bcd5b67a-f0c4-4531-a00f-2552085b48fa,0,high,"_OBSOLETE_Boss office key card",item_templates.alias,23,"Key",41,"Keycard",""
bce5aaeb-f2f4-4c8f-a7b4-a55061784b10,0,high,"L.Arm Trashooter",Items_en.m_TableData,13,"Body Part",49,"Left arm",""
bceddca6-effe-44c7-8e09-907eb60e975d,0,high,"Janitor's Remains",Items_en.m_TableData,27,"",77,"Valuable deposit",""
bd366c65-14b0-4bed-ad5a-9089cc586948,0,high,"Food in tube",Items_en.m_TableData,17,"",56,"Organics",""
bdae643c-e907-4214-aa6a-28ef9c06f44e,0,high,"PoolBall_01_BlueStripe_10_S",item_templates.alias_fallback_for_localization_links,17,"",39,"Valuables",""
bdc5f3c3-27ee-4af1-85fe-50fdfd85e5a2,0,high,"Special ExitZone",item_templates.alias,27,"",48,"",""
bdd430cf-d2a8-4b8f-b256-e621619b3d2e,0,high,"Warehouse PointOfInterest 4",item_templates.alias,28,"",44,"",""
bdd46602-c593-45c3-9133-d4fa3640c55d,0,high,"Key_Port_FuelReserveMaintenanceTunnels_GasStorage",item_templates.alias,23,"Key",,"",""
bdf8a0d6-9ae1-4696-a7dd-00254accf7b6,0,high,"L.Arm Enforcer",Items_en.m_TableData,13,"Body Part",49,"Left arm",""
bdf8b230-9908-4a73-848a-d71bc64bbe38,0,high,"M420 receiver",item_templates.alias_fallback_for_localization_links,20,"Weapon Mod",13,"Receiver",""
be4d2d30-6dde-42c9-b584-0b119d9cae59,0,high,"Inner chamber",Items_en.m_TableData,12,"Internal",,"",""
be84b884-e8e9-4d13-be61-83d7db3d44b7,0,high,"Fallen Janitor",Items_en.m_TableData,27,"",77,"Valuable deposit",""
bea27756-b4e4-4b61-b572-c8f81e3f7e8b,0,high,"9x19 B-II",item_templates.alias,30,"Removed",24,"Armor Piercing Ammo",""
beb2d253-aa4b-4aa4-b706-ab112704c641,0,high,"Old safe",Items_en.m_TableData,8,"SpawnBoxes",,"",""
bec4c29d-c7a3-439c-9397-387c8075fc72,0,high,"PoolBall_01_Yellow_01_S",item_templates.alias_fallback_for_localization_links,17,"",39,"Valuables",""
bee4ff8d-d847-4711-82cb-fbc7f9082128,0,high,"Security Terminal",Items_en.m_TableData,27,"",75,"",""
beedd0e1-e9ab-4881-a8ea-217d6701fdd2,0,high,"Door_Common_Maintenance_B",item_templates.alias,27,"",42,"",""
bf20e448-5c63-4397-b427-49bb952bc992,0,high,"Secret Stash",Items_en.m_TableData,8,"SpawnBoxes",,"",""
bf498f8e-853f-42e6-a94c-7825e1c176f6,0,high,"Barrels",Items_en.m_TableData,8,"SpawnBoxes",,"",""
bf8c7bdd-06a2-455f-8177-2fc6ab650433,0,high,"Container",Items_en.m_TableData,8,"SpawnBoxes",,"",""
bfe1dc7f-5d07-48ca-a80c-bab260388d99,0,high,"Key_Port_Ship_Maintenance_E",item_templates.alias,23,"Key",,"",""
c0126e7b-a50a-4374-9aed-83cc1081af8d,0,high,"Janitor Radiation",item_templates.alias,12,"Internal",,"",""
c01cdc5a-c709-424a-9cab-d6c23af6d4cc,0,high,"Accounting PC",Items_en.m_TableData,27,"",88,"<color=#ffffff>Interactive Point</color>",""
c02065bf-5ce6-483a-ac92-5793f934c8bd,0,high,"Car cover",Items_en.m_TableData,17,"",61,"Textile",""
c04753bc-5a94-41e3-b00d-07ded76858d1,0,high,"Key_Warehouse_TemporaryStorage_AdministrationAndTransitOffices_Records",item_templates.alias,23,"Key",,"",""
c0522d4c-f970-41e4-a24c-05b3a8252c70,0,high,"Muzzles",Items_en.m_TableData,34,"",,"",""
c06bca0a-f8f3-4af8-a9e1-26c15e62c443,0,high,"5.45x39 A-III",item_templates.alias,30,"Removed",,"",""
c0a2d6b8-a264-49de-ae5c-73570243025c,0,high,"BEAR",Items_en.m_TableData,9,"Armor Vest",,"",""
c13155c0-4e1f-4f84-b24d-6cc37379a503,0,high,"Assault Pack",Items_en.m_TableData,5,"Backpack",,"",""
c18b0aae-ce6a-42c9-9d9c-c4cbc3e811b0,0,high,"PRO 90 FH",item_templates.alias_fallback_for_localization_links,20,"Weapon Mod",14,"Muzzle",""
c1f60e39-8a08-4033-9e4d-108775239b09,0,high,"Toolbox",Items_en.m_TableData,8,"SpawnBoxes",,"",""
c1f7cb60-80e1-4a19-9177-a11efc70b4af,0,high,"FRAG",Items_en.m_TableData,20,"Weapon Mod",30,"Collimator sight",""
c22db966-49b8-4f9e-8b3f-ad9662c40f04,0,high,"LeftLeg_01_Monster_Shared_CritIgnore",item_templates.alias,13,"Body Part",51,"Left leg",""
c2317f16-0f43-4e89-8739-b39c3dd3e3be,0,high,"Murder Weapon",Items_en.m_TableData,18,"Quest item",85,"",""
c244c7d8-d68f-442e-8dab-b9ddedb630b7,0,high,"Salade",Items_en.m_TableData,7,"Helmet",31,"Helmet",""
c25f1f8a-6c72-4cb4-a7e7-5a9baa2cc4a0,0,high,"PC",Items_en.m_TableData,8,"SpawnBoxes",,"",""
c29e06c2-f7af-4fff-a06c-f3cae2546fd0,0,high,"Door_Common_OfficeSuppliesStorage_E",item_templates.alias,27,"",42,"",""
c29e8a77-5525-4e65-baf4-3eaa1ca1cb44,0,high,"Door_Common_Operations",item_templates.alias,27,"",42,"",""
c2c9c9f3-2db1-49eb-b33d-ee7870860d09,0,high,"Plastic cup small",Items_en.m_TableData,17,"",58,"Waste",""
c2e7154f-174f-4b7c-883d-ea169e661672,0,high,"Door_Port_FuelReserve_PortableOffice_01",item_templates.alias,27,"",42,"",""
c2ebc659-cd20-4947-97e7-d3d3fb174a2d,0,high,"Beanie hat",Items_en.m_TableData,7,"Helmet",26,"Hat",""
c33d4977-384c-4302-8e21-a58c773ca981,0,high,"RAMB",Items_en.m_TableData,1,"Firearm",4,"Shotgun",""
c3483884-f9cf-485f-86fe-07f33f6a57c3,0,high,"PowerGenerator_2",item_templates.alias,12,"Internal",93,"",""
c35c959e-73a5-4ca2-b06e-f39621c7866b,0,high,".300 A-III",item_templates.alias,30,"Removed",,"",""
c38ee3a6-c00d-4944-836b-d8436aae132d,0,high,"Healtool_Screewdriver",item_templates.alias,12,"Internal",,"",""
c3badb0c-12f3-43b5-b2f4-78121e50b730,0,high,"ID Authenticator",Items_en.m_TableData,29,"Authenticator chip",,"",""
c3d93324-53f5-4c46-b5cc-0595b2cd4009,0,high,"Heavy Machine Guns",Items_en.m_TableData,34,"",,"",""
c3e22a22-c70c-42d8-9309-2f13617af0f1,0,high,"Door_Common_BreakRoom",item_templates.alias,27,"",42,"",""
c3f780fd-4917-40b1-87c9-aaa4fe143072,0,high,"NPC_Quest_02_Give_01",item_templates.alias,27,"",87,"<color=#ffffff>NPC</color>",""
c4525e44-3451-40dd-9dd8-ebdc4edbe6c3,0,high,"Military container",Items_en.m_TableData,8,"SpawnBoxes",,"",""
c45634ac-d36b-4f61-b722-34a7d4d126f2,0,high,"Servomotor",Items_en.m_TableData,31,"Bodymod",70,"Modified servomotor",""
c4a6b9f5-4bfa-4e08-90bb-48202972f4ed,0,high,"DEMO_Key_Warehouse_SecurityControl",item_templates.alias,23,"Key",85,"",""
c4b0fc46-11f3-41ab-8ea2-df2676f36c57,0,high,"Scepter of immortality",Items_en.m_TableData,11,"Melee Tool",,"",""
c51d4d81-ead4-448c-963b-4dd3fd90c6bb,0,high,"Door_Common_Parking",item_templates.alias,27,"",42,"",""
c52bad83-4098-467c-85cc-e0174ed06609,0,high,"Storage",Items_en.m_TableData,12,"Internal",93,"",""
c55428c2-f163-4de0-8ca8-5b3e90574d99,0,high,"AssaultRifle_06_FlashHider_01",item_templates.alias_fallback_for_localization_links,20,"Weapon Mod",14,"Muzzle",""
c568e1a9-cbb5-419e-8639-dc728e651256,0,high,"Cowboy Hat",Items_en.m_TableData,7,"Helmet",26,"Hat",""
c5bdef8f-a84f-416f-913e-3645404f641b,0,high,"RightArm_01_Model_02_Monster_CritIgnore",item_templates.alias,13,"Body Part",50,"Right arm",""
c5ccd2aa-2b0f-4a39-8640-0e0ce5d067d4,0,high,"Shrine of rubbers",Items_en.m_TableData,27,"",77,"Valuable deposit",""
c639b1fd-2c84-48fd-9995-cda2b287d227,0,high,"Door_Common_Maintenance_NW",item_templates.alias,27,"",42,"",""
c68f4259-4dd9-40ac-abdc-be0f7387c595,0,high,"EMERKIT Pistol mag",item_templates.alias_fallback_for_localization_links,20,"Weapon Mod",7,"Magazine",""
c69d94f2-5c9f-4495-97de-720838e30f5c,0,high,"5.56x45 C-III",item_templates.alias,30,"Removed",25,"Expansive Ammo",""
c6d140e7-f0e1-43b3-9302-d903d2ed2b92,0,high,"Pipetto Ditch",Items_en.m_TableData,17,"",65,"Devices",""
c716101b-3af4-49a3-ae52-824c376f8912,0,high,"""Pocket""",Items_en.m_TableData,12,"Internal",,"",""
c7af9d80-43ce-4fce-8d70-7570703706a6,0,high,"Photovoltaic panel",Items_en.m_TableData,17,"",66,"A&D components",""
c7c19d88-8934-4ce8-b8b0-ef784de8fd3c,0,high,"TNT",Items_en.m_TableData,17,"",64,"Chemicals",""
c7c59376-b649-40e5-a44f-55e3df70b0e7,0,high,"Demo_NPC_Quest_01_Talk_01",item_templates.alias,27,"",87,"<color=#ffffff>NPC</color>",""
c7df0181-af32-440e-bcf0-3860d1288e79,0,high,"Progenitor Files",Items_en.m_TableData,18,"Quest item",85,"",""
c827137e-9e74-4ac1-bed2-23324e6c22e7,0,high,"7.62x51 A-III",item_templates.alias,30,"Removed",,"",""
c863c55b-b829-4e59-aab9-96685cda0f8a,0,high,"ExitZone for q_new_kill_bots_any_weapon",item_templates.alias,27,"",48,"",""
c89bcf64-09f8-421a-8a04-a885a4fb0654,0,high,"Door_Common_Floor_03",item_templates.alias,27,"",42,"",""
c91aaeaf-9528-4900-9f1d-94f007f65fe6,0,high,"Storage_9",item_templates.alias,12,"Internal",93,"",""
c9987225-aa40-44dc-bbee-7a06d7f08573,0,high,"Janitor's Remains",Items_en.m_TableData,27,"",77,"Valuable deposit",""
c9eef5f9-8765-4ecb-8143-e7b574dc22e2,0,high,"SAPA12",Items_en.m_TableData,1,"Firearm",4,"Shotgun",""
c9fc5377-b3f9-4d01-b601-5b3b8a70fda2,0,high,"!CHANGE!",Items_en.m_TableData,17,"",66,"A&D components",""
c9fd1c0c-ce4a-4e63-9f02-2d3182ad06b5,0,high,"Sam M1911 slide X",item_templates.alias_fallback_for_localization_links,20,"Weapon Mod",16,"Slide",""
c9ff9359-7d61-437c-b709-a914fd28b2bc,0,high,"DORA barrel",item_templates.alias_fallback_for_localization_links,20,"Weapon Mod",12,"Barrel",""
ca0ce64b-8da5-4862-a9de-aab160e5e6f6,0,high,"Gold powder 'D'",Items_en.m_TableData,17,"",68,"Surplus",""
cab68a89-f04c-40ee-b419-bbf1392260d9,0,high,"Door_Port_FuelReserve_PortableUniversalModule_03",item_templates.alias,27,"",42,"",""
cb0623ad-ed67-415a-a69f-a61d077ddb82,0,high,"MKP mag",item_templates.alias_fallback_for_localization_links,20,"Weapon Mod",7,"Magazine",""
cb6d4579-12b9-478c-94e4-579f01a45a83,0,high,"9x19 A-III",item_templates.alias,30,"Removed",,"",""
cb884004-6b4a-4ddb-9ac6-2914ed0d6da5,0,high,"Door_Common_Maintenance_SE",item_templates.alias,27,"",42,"",""
cc138130-efb9-4852-bae7-f85d3d5c94ab,0,high,"MKP receiver",item_templates.alias_fallback_for_localization_links,20,"Weapon Mod",13,"Receiver",""
cc2746c8-0396-4de0-8186-758f0cc2c0bf,0,high,"Storage",Items_en.m_TableData,12,"Internal",93,"",""
cc46b513-2b8e-484e-932a-c07cd1425318,0,high,"Rookie_01",item_templates.alias,26,"",76,"",""
cc4918ac-77f8-4b56-98d8-85a549d6b6b0,0,high,"Storage",Items_en.m_TableData,12,"Internal",93,"",""
cc56755a-0ba4-4d93-9aa1-7950ab08d434,0,high,"Cosmetics Case",Items_en.m_TableData,22,"Case",47,"Case",""
cc5a5fde-6c82-45af-babf-3d6875a26911,0,high,"57x28 E",item_templates.alias_fallback_for_localization_links,3,"Standard Ammo",25,"Expansive Ammo",""
cccfea3e-5a11-4886-94d6-2ec535581888,0,high,"Rags",Items_en.m_TableData,17,"",58,"Waste",""
ccd55c50-30a8-4e6e-b936-b79ae3e7c323,0,high,"Computer",Items_en.m_TableData,27,"",45,"",""
cd17d24b-2a42-4510-adc6-acce37be1180,0,high,"T-Shirt 'Panzerkatze'",Items_en.m_TableData,17,"",61,"Textile",""
cd1dca1e-be4f-476b-ba85-fff187bc2928,0,high,"Torso_01_Monster_Shared",item_templates.alias,13,"Body Part",33,"Torso",""
cd47d00a-9944-48ac-8065-99762036a493,0,high,"Door_Common_SupplyRoom",item_templates.alias,27,"",42,"",""
cd5f2a49-2270-4fa5-aa60-d8fdf285be5e,0,high,"12x70 B-II",item_templates.alias,30,"Removed",24,"Armor Piercing Ammo",""
cd8b901c-452d-4f0a-aebf-59d0d6393ff6,0,high,"Highlight Normal Small",item_templates.alias,28,"",44,"",""
cdffe083-f22b-4c7d-987a-549282cb9981,0,high,"KA74 receiver X",item_templates.alias_fallback_for_localization_links,20,"Weapon Mod",13,"Receiver",""
ce68fd38-8def-4571-9558-76904f12741c,0,high,"Door",Items_en.m_TableData,27,"",42,"",""
ce825513-b87c-42c0-9762-2f6eb92d4e35,0,high,"Lead",Items_en.m_TableData,17,"",62,"Materials",""
cf0bcc38-97f4-4370-a1fd-f78537633eb2,0,high,"R.Arm Enforcer",Items_en.m_TableData,13,"Body Part",50,"Right arm",""
cf150ba2-5425-4a3d-900b-265b3d17902d,0,high,"Optical sights",Items_en.m_TableData,8,"SpawnBoxes",,"",""
cf255a97-31ec-4d06-8e48-716c5f48665d,0,high,"Sneaker",Items_en.m_TableData,17,"",61,"Textile",""
cfce51ca-c0bb-4f8e-834a-b6074c19f6d5,0,high,"7.62x51 B-III",item_templates.alias,30,"Removed",24,"Armor Piercing Ammo",""
d05c11c7-356d-4b9b-b0dd-c058bac58e2a,0,high,"CoreTutorial ExitZone",item_templates.alias,27,"",48,"",""
d05f3198-c223-491e-aabf-cb7100c0fe23,0,high,"1A4M butt",item_templates.alias_fallback_for_localization_links,20,"Weapon Mod",11,"Butt",""
d06768b1-7e74-4254-a8ad-f870ba35b475,0,high,"DeadRobot_01",item_templates.alias_fallback_for_localization_links,8,"SpawnBoxes",,"",""
d071a739-8cb6-4551-a5c4-ead2949773ba,0,high,"7.62x51 C-II",item_templates.alias,30,"Removed",25,"Expansive Ammo",""
d08d0179-5c5f-4ae4-bf1f-8032d52f3498,0,high,"9x19 E",item_templates.alias_fallback_for_localization_links,3,"Standard Ammo",25,"Expansive Ammo",""
d09ec04c-a6f0-41d2-949c-70f45e340c5e,0,high,"Door_Common_LostAndFound",item_templates.alias,27,"",42,"",""
d0a05658-7865-4f3c-a168-a3facff8d778,0,high,"QR Code",Items_en.m_TableData,27,"",45,"",""
d12556fe-ea51-4368-9a80-37ef1e04c542,0,high,"EDITOR: In Session Weapon Workbench",item_templates.alias,12,"Internal",,"",""
d1a5064a-ed13-435a-bb7c-71c2dc1e1530,0,high,"Fabrics repair kit",Items_en.m_TableData,14,"Aid Kit",91,"Repair Kit",""
d1cb3db1-1546-4f3c-bc94-ac2e0c3751aa,0,high,"POPO",Items_en.m_TableData,17,"",39,"Valuables",""
d1cf147e-fbcd-4543-8693-2901784066eb,0,high,"Military container",Items_en.m_TableData,8,"SpawnBoxes",,"",""
d1d82534-0f7e-456b-98dc-01cd38e651be,0,high,"Herstal SH sight",item_templates.alias_fallback_for_localization_links,20,"Weapon Mod",8,"Sight x{magnification}",""
d1ed61c6-f995-41d6-9ce9-1eee8cee8b17,0,high,"Door_Common_UtilityStorage",item_templates.alias,27,"",42,"",""
d241e2bc-15b1-499a-a33c-563e6e0a2e66,0,high,"VMAG20",Items_en.m_TableData,20,"Weapon Mod",7,"Magazine",""
d2949dc4-bd80-49ba-8613-22ab0c751985,0,high,"GP-DELTA",Items_en.m_TableData,9,"Armor Vest",,"",""
d2fd8c49-a1e5-4ffa-8dcd-6421b3092aa4,0,high,"M420 butt",item_templates.alias_fallback_for_localization_links,20,"Weapon Mod",11,"Butt",""
d37bc5f4-fe6f-4d43-902e-fe3661a517bf,0,high,"KA74 FH",item_templates.alias_fallback_for_localization_links,20,"Weapon Mod",14,"Muzzle",""
d380009c-abb0-4921-8f5f-a1d3c66b1df9,0,high,"Door_Common_LogisticsManagersOffice",item_templates.alias,27,"",42,"",""
d3b7a43a-c819-45a9-b732-419d6b86af39,0,high,"5.56x45 A-II",item_templates.alias,30,"Removed",,"",""
d3cd8faa-d2b4-4c8d-afe9-7d1adf3b1416,0,high,"Trip-PH",Items_en.m_TableData,13,"Body Part",32,"Head",""
d43c37bc-53c9-441f-943c-c071553eebda,0,high,"Plastic powder '3'",Items_en.m_TableData,17,"",62,"Materials",""
d44bb1b3-2e96-4b04-ac41-c8fde6aafbcf,0,high,"Locker",Items_en.m_TableData,8,"SpawnBoxes",,"",""
d44c5b33-ba39-4700-a21e-f7828c6785bc,0,high,"Barrels",Items_en.m_TableData,34,"",,"",""
d45d6495-dd51-4781-ace5-fb2dabd27e22,0,high,"Sniper Rifles",Items_en.m_TableData,34,"",,"",""
d46ea062-83f6-4a3d-be47-9ccc7d608a3e,0,high,"DamageZone_Radiation_WarehouseLogisticsBasement_Players",item_templates.alias,33,"",,"",""
d47253ea-ecde-4955-990b-0022253c4d09,0,high,"Explosion package",Items_en.m_TableData,17,"",68,"Surplus",""
d4744eac-fa1b-45bf-89ce-14a919c90feb,0,high,"Key_Port_LoadingAreaAdministration_QualityControl",item_templates.alias,23,"Key",,"",""
d4a90f87-fe54-40a3-bd04-92b3976f3e0a,0,high,"Zombie_02",item_templates.alias,26,"",76,"",""
d5000419-b3b5-4c5d-9e25-ab9560a61945,0,high,"ID Authenticator",Items_en.m_TableData,29,"Authenticator chip",,"",""
d525b466-8a7a-46f4-8869-57941d764abb,0,high,"Key_Port_LoadingAreaAdministration_Communications",item_templates.alias,23,"Key",,"",""
d527c9b2-81c5-4825-839c-5c64eeb18ed7,0,high,"ID Authenticator",Items_en.m_TableData,29,"Authenticator chip",,"",""
d587acfe-336d-451e-9b2d-497886b47af7,0,high,"Canister 'S'",Items_en.m_TableData,17,"",82,"Fuel",""
d58a2790-d5a9-495f-9f67-72dd4969e008,0,high,"Key_Port_WaterPurification_Chief",item_templates.alias,23,"Key",,"",""
d5a5d82a-a4b4-4f1d-a919-3722f83ff5af,0,high,"LeftLeg_01_Monster_Janitor_01",item_templates.alias,13,"Body Part",51,"Left leg",""
d5aa61e3-e23b-421d-867d-f99bc4690146,0,high,"Safety Helmet",Items_en.m_TableData,7,"Helmet",31,"Helmet",""
d64e2c9d-cffc-4cf6-982f-8bfd824f3a2e,0,high,"7.61x54R C-III",item_templates.alias,30,"Removed",25,"Expansive Ammo",""
d6715bc3-8ab9-4217-b024-8bc77057c4b2,0,high,"Spot for transmitter",item_templates.alias,27,"",45,"",""
d6e95150-b92e-4afe-9875-85a0007e9029,0,high,"Resources/Tools",item_templates.alias,34,"",,"",""
d722794d-6354-4954-90ee-1728e55f2a62,0,high,"DVS receiver",item_templates.alias_fallback_for_localization_links,20,"Weapon Mod",13,"Receiver",""
d78ab578-50ec-40d1-9e30-1fb299682a4c,0,high,"SniperRifle_06",item_templates.alias_fallback_for_localization_links,1,"Firearm",5,"Sniper Rifle",""
d7a0111c-ae73-433c-947c-7bddb7a79eb3,0,high,"Plate Carriers",Items_en.m_TableData,34,"",,"",""
d7a23c9c-d8bc-4bff-8487-a13bb52db01e,0,high,"GP",Items_en.m_TableData,7,"Helmet",31,"Helmet",""
d8000627-417d-45e6-b701-6a41d25b0e7e,0,high,"Port PointOfInterest 6",item_templates.alias,28,"",44,"",""
d8174927-b2fe-4648-8df9-e379cb20df0d,0,high,"Arms",Items_en.m_TableData,34,"",,"",""
d83ae0f3-f5ab-4889-906f-91ea18e6de10,0,high,"!CHANGE!",Items_en.m_TableData,17,"",66,"A&D components",""
d8a7475b-5d73-441c-ae51-9d0bcc197b25,0,high,"Plastic filament '2'",Items_en.m_TableData,17,"",62,"Materials",""
d8c0bd72-b139-4071-b5e6-520304276df4,0,high,"Charging station",Items_en.m_TableData,27,"",45,"",""
d8e5d5d2-69a4-4c65-84b3-3e7fc8e1ea6e,0,high,"Key_Bunker_Level00_Stall",item_templates.alias,23,"Key",,"",""
d928f0a6-ad08-4f81-9847-7eb3332aa9f9,0,high,"Blueprints flash drive",Items_en.m_TableData,18,"Quest item",39,"Valuables",""
d9484f6b-4465-49f7-a35d-4c867710169c,0,high,"ID Authenticator",Items_en.m_TableData,29,"Authenticator chip",,"",""
d950da0f-3bba-41d4-abf7-65527f352e6f,0,high,"Shrine of binders",Items_en.m_TableData,27,"",77,"Valuable deposit",""
d979d1f0-ec18-4974-808e-9c296a6096f4,0,high,"Bucket",Items_en.m_TableData,8,"SpawnBoxes",,"",""
d9b67df7-0446-4205-8bb6-bcfae53ca871,0,high,"Door_Port_Ship_Bridge_BridgeDeck_E",item_templates.alias,27,"",42,"",""
d9daac5e-a646-4092-bd68-a78a03dc0492,0,high,"Servo-WS1",Items_en.m_TableData,31,"Bodymod",,"",""
d9ecd334-c532-42d5-b51b-cec92da5c7e6,0,high,"Krie-G",Items_en.m_TableData,7,"Helmet",31,"Helmet",""
da084fca-0bd0-4e2e-9ea8-aaf6fb3c0c86,0,high,"Door_Common_WingTransit",item_templates.alias,27,"",42,"",""
da8e762f-26d5-4c0f-ac82-366ba33ba8d1,0,high,"Vent",Items_en.m_TableData,27,"",45,"",""
da8f3bfc-467d-41e4-bc2a-586cd023984e,0,high,"Plastic filament '1'",Items_en.m_TableData,17,"",62,"Materials",""
dad65ed7-503d-4c2c-abe3-33694e0c210a,0,high,"Droid Boss - Janitor",item_templates.alias,26,"",54,"Heavy weapon",""
db6ff2a1-9204-432e-9477-24332c3821b6,0,high,"MKP FH",item_templates.alias_fallback_for_localization_links,20,"Weapon Mod",14,"Muzzle",""
dbdb1174-3605-474e-82c2-385c18cb2ae7,0,high,"Item blueprint",Items_en.m_TableData,37,"",100,"Blueprint",""
dbdbaaf5-4463-43f9-8612-b615951f27e5,0,high,"Hoarder_02",item_templates.alias,26,"",76,"",""
dbf7a0f0-b6d5-4624-a919-3868039ef36e,0,high,"DVS FH",item_templates.alias_fallback_for_localization_links,20,"Weapon Mod",14,"Muzzle",""
dc9e58ee-04e2-468e-a850-5e674e973e7d,0,high,"LeftArm_02_Model_02_Monster_WIP",item_templates.alias,13,"Body Part",49,"Left arm",""
dcb1ee64-6524-4cbb-975c-04c1514692af,0,high,"BARS-3",Items_en.m_TableData,24,"",102,"Shield",""
dcef0697-7511-4097-bf01-536e94f3d98e,0,high,"Raid Shop",Items_en.m_TableData,8,"SpawnBoxes",,"",""
dd2851e4-bbd6-4765-8b37-b3e0a371bcf7,0,high,"Key_Port_CentralCargoStorage_Restroom",item_templates.alias,23,"Key",,"",""
dda74f4a-19c1-4ac7-b31c-8f26f7797f1a,0,high,"Magnetic Storm Basic",item_templates.alias,33,"",,"",""
ddd96d17-e8e3-4a6c-87c8-e00b521dada2,0,high,"Door_Common_Manager",item_templates.alias,27,"",42,"",""
dfb10ef8-465f-478a-bbbd-99ee0f3fadcd,0,high,"Storage Enforcer_01",item_templates.alias,5,"Backpack",,"",""
dfc92bd1-5eff-4714-9a00-7cb6badf5a59,0,high,"PRO90 KnockTurn receiver",item_templates.alias_fallback_for_localization_links,20,"Weapon Mod",13,"Receiver",""
e0371f98-88f6-47c3-9081-13dd7188f4d7,0,high,"Door_Common_Orientation",item_templates.alias,27,"",42,"",""
e049debd-c596-4133-b565-8b822a3bbcd5,0,high,"Key_Port_ParkingGarage_Security",item_templates.alias,23,"Key",,"",""
e04cafa5-9594-4789-8e77-353e41db6681,0,high,"Door_Common_ITSupport",item_templates.alias,27,"",42,"",""
e0833804-6dd1-466f-b3c9-c13b9a5c2c59,0,high,"R.Leg R21G",Items_en.m_TableData,13,"Body Part",52,"Right leg",""
e0b2ced1-f8cb-48e6-b500-7f9069e2041a,0,high,"Sam M1911 mag",item_templates.alias_fallback_for_localization_links,20,"Weapon Mod",7,"Magazine",""
e137fc5d-cdbb-430b-911d-af88ffcb81f4,0,high,"EMERKIT SMG receiver",item_templates.alias_fallback_for_localization_links,20,"Weapon Mod",13,"Receiver",""
e145ffe3-6a2b-4e72-a5eb-e56138831f1c,0,high,"Pipes",Items_en.m_TableData,27,"",45,"",""
e1979572-6d66-44f5-a0ae-b20b40e6639e,0,high,"7.61x54R B-II",item_templates.alias,30,"Removed",24,"Armor Piercing Ammo",""
e1a1838e-87a0-4da5-bbb8-1d8be8d52201,0,high,"Door_Common_Storage_N",item_templates.alias,27,"",42,"",""
e1aeea69-d7c8-42c8-bb00-cbcb50ac2512,0,high,"Palladium",Items_en.m_TableData,17,"",62,"Materials",""
e1c8a9cd-8920-46e3-b170-f2c1084125d5,0,high,"Torso_07_Model_01",item_templates.alias,13,"Body Part",33,"Torso",""
e1d49c4a-47e3-4718-9b7e-8890e4bf9b95,0,high,"Collimators",Items_en.m_TableData,8,"SpawnBoxes",,"",""
e1ec5def-90b9-4c6a-a23d-3be2d48c9153,0,high,"Resources/Textile",item_templates.alias,34,"",,"",""
e20839b8-f62f-4ab4-b57c-50636024c3f5,0,high,"Door_Common_Surveillance",item_templates.alias,27,"",42,"",""
e20ca3bf-fb8d-4a81-9182-6d792eb2c48a,0,high,"1A4M FH",item_templates.alias_fallback_for_localization_links,20,"Weapon Mod",14,"Muzzle",""
e26ea758-64a4-4c7b-a0a2-6c408243e3e1,0,high,"Trashooter",Items_en.m_TableData,13,"Body Part",32,"Head",""
e2e5275f-8c27-4e9d-aacb-213c56b5b8cc,0,high,"Cabinet",Items_en.m_TableData,8,"SpawnBoxes",,"",""
e377d9d4-7d39-401a-be04-a3ce8bf86210,0,high,"NPC_Quest_01_Give_01",item_templates.alias,27,"",87,"<color=#ffffff>NPC</color>",""
e38397a9-2d36-49ae-96c5-f2fae9fd843f,0,high,"Door_Common_MainEntrance",item_templates.alias,27,"",42,"",""
e389fdf0-13f6-4b0a-b62c-e0142a57dd2f,0,high,"Door_Common_Storage_W",item_templates.alias,27,"",42,"",""
e3b1ef6c-576d-4f92-ac18-b4c968c2ba0b,0,high,"SMGs",Items_en.m_TableData,34,"",,"",""
e3baaaea-be33-4e8f-acb5-611bd4352052,0,high,"Frame Left Arm",Items_en.m_TableData,13,"Body Part",49,"Left arm",""
e49755d2-9942-45a5-8d77-3e7cbd8829b2,0,high,"Wooden Crate",Items_en.m_TableData,27,"",45,"",""
e4f69f3b-cbfc-457f-b159-c2534aadf420,0,high,"12x70 C-III",item_templates.alias,30,"Removed",25,"Expansive Ammo",""
e50e2e9b-5ebc-49fa-abf3-59b2cb102f2b,0,high,"Door_Common_UtilityMaintenance",item_templates.alias,27,"",42,"",""
e515294c-ff82-4c8d-9426-bbd2e99643b5,0,high,"Key_Bunker_Level00_Room_12_CopierRoom_E",item_templates.alias,23,"Key",,"",""
e54a23c4-b442-4cb3-a860-06e42dfb2629,0,high,"Door_Common_Supervisor",item_templates.alias,27,"",42,"",""
e57da42c-5922-44ab-8750-c5e28a41047d,0,high,"Door_Port_Parking_Entrance_SW",item_templates.alias,27,"",42,"",""
e5822cb4-f081-4a16-afd8-9eb365899e8b,0,high,"VVS 13",Items_en.m_TableData,6,"Chest Rig",23,"Armored chest rig",""
e5e990fd-48b8-48b7-9ca3-8d96521b3614,0,high,"Workshop Bugging Spot",Items_en.m_TableData,27,"",88,"<color=#ffffff>Interactive Point</color>",""
e630734a-98d7-498c-9745-d2171638a196,0,high,"DORA mag",item_templates.alias_fallback_for_localization_links,20,"Weapon Mod",7,"Magazine",""
e64bcab0-7018-4f33-bcd7-a133076d1e44,0,high,"Optical lenses",Items_en.m_TableData,17,"",68,"Surplus",""
e669fbb7-2f84-4040-b885-8c9686032b96,0,high,"NPC_Quest_02_Talk_01",item_templates.alias,27,"",87,"<color=#ffffff>NPC</color>",""
e66db7b2-fc87-427b-ba95-912fd31cb209,0,high,"Door_Common_InventoryClerk",item_templates.alias,27,"",42,"",""
e67d7b1d-9cad-4eb9-86d8-ca7cb246e003,0,high,"5.56x45 A-III",item_templates.alias,30,"Removed",,"",""
e6ab825d-2350-4302-b5bd-414a55180450,0,high,"Plastic filament '4'",Items_en.m_TableData,17,"",62,"Materials",""
e74fe5cf-1ae1-48f6-b846-e81719e4839b,0,high,"Door_Port_CargoPier_PortableUniversalModule_01",item_templates.alias,27,"",42,"",""
e75b4867-aeff-4f24-81a7-a84d9149b972,0,high,"Photovoltaic panel",Items_en.m_TableData,17,"",66,"A&D components",""
e7b5dd43-4478-4a91-b14a-76a7d8622ae3,0,high,"Door_Common_BackEntrance",item_templates.alias,27,"",42,"",""
e7c277fd-35de-4acc-bc9e-11e5a55c2152,0,high,"Door_Common_Stairs_NW",item_templates.alias,27,"",42,"",""
e81f5ccc-5c9f-44ae-a78f-8acb34705b8d,0,high,"Urinal",Items_en.m_TableData,8,"SpawnBoxes",,"",""
e8bd1f2b-9931-4aa4-bcf1-8b7409511ce1,0,high,"Armored Hand Left 01",item_templates.alias,9,"Armor Vest",,"",""
e8e25b90-e7f6-4508-bb7b-c6f2b8acd52c,0,high,"Door_Port_GeologicFIeldStation",item_templates.alias,27,"",42,"",""
e9549115-6de9-4638-8b4e-81eafda807ef,0,high,"PoolBall_01_Orange_05_S",item_templates.alias_fallback_for_localization_links,17,"",39,"Valuables",""
e96fc11e-f19e-48ce-8884-8aa3081999e8,0,high,"THAT data",Items_en.m_TableData,18,"Quest item",39,"Valuables",""
e9a7b365-e895-411b-8421-bd693726560b,0,high,"Grenades",Items_en.m_TableData,34,"",,"",""
e9fd9b62-e02b-435a-88fc-87dd5597a00a,0,high,"57x28 AP",item_templates.alias_fallback_for_localization_links,3,"Standard Ammo",24,"Armor Piercing Ammo",""
ea2663a5-34ff-4cb7-926f-d37397fa890a,0,high,"Bodypart repair kit",Items_en.m_TableData,14,"Aid Kit",91,"Repair Kit",""
ea3a0825-128d-4d84-8610-865528264871,0,high,"Toilet",Items_en.m_TableData,8,"SpawnBoxes",,"",""
ea8782b4-e86a-450b-a3a3-eef7b67753d6,0,high,"Decontamination",item_templates.alias,33,"",,"",""
eae14b76-a563-4bfd-b842-baa4e4ab5d73,0,high,"Key_Port_PortAdministration_Stairs",item_templates.alias,23,"Key",,"",""
eaf847c1-bdb0-4d79-89d0-65597f6c4215,0,high,"Cargo Hunter 'Ancestor'",Items_en.m_TableData,17,"",39,"Valuables",""
eb0522f6-73ad-4cf4-9f0b-a48aed2b87b9,0,high,"Moto Helmet Red",Items_en.m_TableData,7,"Helmet",31,"Helmet",""
eb3721e7-d156-4aa5-a47f-dc2f6b051ae3,0,high,"Container",Items_en.m_TableData,8,"SpawnBoxes",,"",""
eb3ee5fe-aa12-4c81-a802-d31008fbdd8d,0,high,"Light Machine Guns",Items_en.m_TableData,34,"",,"",""
eb6b5223-fc35-4d33-9d1c-cb8c9415cb17,0,high,"Main ExitZone Fast (Janitor Mission, Session 2)",item_templates.alias,27,"",48,"",""
eb97736d-bbc2-4d61-a31c-d4da392e1ea3,0,high,"RightLeg_07_Model_02",item_templates.alias,13,"Body Part",52,"Right leg",""
ebb6b08b-383e-4659-b4b1-cd9acbdda0b8,0,high,"PRO 90 receiver",item_templates.alias_fallback_for_localization_links,20,"Weapon Mod",13,"Receiver",""
ebf66e51-8357-454d-85e2-c0008c6942c9,0,high,"EMERKIT SMG mag",item_templates.alias_fallback_for_localization_links,20,"Weapon Mod",7,"Magazine",""
ecd6ed86-f433-4e54-a7b7-85fc5a65c3b8,0,high,"ETA 417 barrel",item_templates.alias_fallback_for_localization_links,20,"Weapon Mod",12,"Barrel",""
ece31e7a-810e-48ed-ab0e-ff65ec9e7508,0,high,"Door_Common_WatchmanBooth",item_templates.alias,27,"",42,"",""
ecf6c5d2-b9b2-4bff-880a-0d1db04bfbff,0,high,"Highlight Normal",item_templates.alias,28,"",44,"",""
ed40831b-935e-45b2-8a7d-03b4807db43a,0,high,"Port PointOfInterest 9",item_templates.alias,28,"",44,"",""
ed68e8a6-5954-43f2-875e-15b1cc39942e,0,high,"PoolBall_01_GreenStripe_14_S",item_templates.alias_fallback_for_localization_links,17,"",39,"Valuables",""
ed6b8f27-4679-4292-b378-1bb100bff0cb,0,high,"OreVein_01",item_templates.alias,12,"Internal",,"",""
ed8665e1-d585-448c-a2c4-bbf50de2ede3,0,high,".300 B-II",item_templates.alias,30,"Removed",24,"Armor Piercing Ammo",""
edc7a887-79b1-4264-b7dd-1b5681cd5df7,0,high,"Headgear",Items_en.m_TableData,34,"",,"",""
ede3c6a9-ee22-4195-8b51-f3bb05e696b8,0,high,"Tutorial Session ExitZone",item_templates.alias,27,"",48,"",""
ee9117ce-c14f-49c6-83ce-bdb5ea3ee477,0,high,"Levelus Major head",Items_en.m_TableData,13,"Body Part",32,"Head",""
ee9a0bfd-11bb-4135-9a32-6a4ecaa75fc5,0,high,"Torso_01_Model_02_Monster_WIP",item_templates.alias,13,"Body Part",33,"Torso",""
eeb74a39-a33b-477a-86e1-5a70d95bba90,0,high,"Shrine of composites",Items_en.m_TableData,27,"",77,"Valuable deposit",""
eebca844-5345-4c4e-9d88-46276ea9f695,0,high,"Antique Telephone",Items_en.m_TableData,17,"",65,"Devices",""
eec64643-8eea-46eb-aa69-4c75bf44bdcd,0,high,"Door_Common_VisitingCenter",item_templates.alias,27,"",42,"",""
ef11c38b-d8ba-4180-b86c-d85388e3490e,0,high,"Door_Port_CoastGuardBay_CoastGuardPier_E",item_templates.alias,27,"",42,"",""
ef4a5be7-24b8-4441-b393-0f15bcdbcf4b,0,high,"Door_Common_PumpControl",item_templates.alias,27,"",42,"",""
ef58b782-051d-49f2-a964-36978eb805c3,0,high,"Key_Port_Logistics_CheckpointBooth_NW",item_templates.alias,23,"Key",,"",""
ef7a1268-267e-4573-845a-4a55ab62745d,0,high,"Fitting",Items_en.m_TableData,17,"",68,"Surplus",""
ef96fc4f-f5a6-46f3-9784-ed2d182e06d5,0,high,"Shotguns",Items_en.m_TableData,34,"",,"",""
efb342ae-17f3-4e6e-a7bd-9fc5e694aeae,0,high,"Port PointOfInterest 1",item_templates.alias,28,"",44,"",""
f01e75ec-a889-47ee-b3d0-1fa3afededb0,0,high,"No data",Items_en.m_TableData,17,"",65,"Devices",""
f02bae46-5d3c-4ad6-92c2-e3aa41e5f523,0,high,"Key_Bunker_Level00_Maintenance_SE",item_templates.alias,23,"Key",,"",""
f11152bd-97a7-443f-9c00-a158d4e1b561,0,high,"Key_Port_CentralCargoStorage_3F_Stairs_NW",item_templates.alias,23,"Key",,"",""
f19b908f-dc69-4358-914d-c5926d4d9c10,0,high,"Pegboard",Items_en.m_TableData,8,"SpawnBoxes",,"",""
f2bd0091-643e-44ef-83dc-41636a4fe0ac,0,high,"Armored Set Full Body 02",item_templates.alias,9,"Armor Vest",,"",""
f2e9c005-e2cd-4c52-97cf-60adbba2ddab,0,high,"Small Anti-Leakage Kit",Items_en.m_TableData,14,"Aid Kit",90,"Aid Kit",""
f30c3e52-7223-4923-8603-4e28d471d4b5,0,high,"ETA 417 FH",item_templates.alias_fallback_for_localization_links,20,"Weapon Mod",14,"Muzzle",""
f3410403-d442-4ac2-b6a5-021fa439f36c,0,high,"Key_Bunker_Level00_Electrical_W",item_templates.alias,23,"Key",,"",""
f3aaea5d-78d6-4c03-ac74-253d45dbf9ee,0,high,"ETA 5 mag",item_templates.alias_fallback_for_localization_links,20,"Weapon Mod",7,"Magazine",""
f3c5a718-9da1-4297-978e-6105dd3a365c,0,high,"Weapon repair kit",Items_en.m_TableData,14,"Aid Kit",91,"Repair Kit",""
f4b199fb-9416-4443-8612-8bc6dd1dcd48,0,high,"Door_Common_Security",item_templates.alias,27,"",42,"",""
f4c1925b-fd76-46f8-a062-20bcd5dac7ff,0,high,"Forklift",Items_en.m_TableData,27,"",45,"",""
f4e7b579-e86a-435c-a6f8-8151ac6a215b,0,high,"Laser Gyroscope",Items_en.m_TableData,17,"",65,"Devices",""
f52d2e86-5a96-43e1-98e2-4813a5af2d1a,0,high,"PoolBall_01_Black_08_S",item_templates.alias_fallback_for_localization_links,17,"",39,"Valuables",""
f5838455-374d-48f3-abd7-fc2bdf77afba,0,high,"Key_Bunker_Level00_Room_04_Archive",item_templates.alias,23,"Key",,"",""
f5b0d73b-f72f-48d1-a897-cccaee15176e,0,high,"Key_Port_Logistics_Sorting",item_templates.alias,23,"Key",,"",""
f625687b-109f-44d1-969b-a9381aed119c,0,high,"Pistols",Items_en.m_TableData,34,"",,"",""
f6344ec8-e3f8-4fed-a58d-da279dd1ff00,0,high,"Head_01_Model_04_Monster_WIP",item_templates.alias,13,"Body Part",32,"Head",""
f6665170-fb3e-4196-bcd1-19da9cbd6b7b,0,high,"Machine",Items_en.m_TableData,27,"",45,"",""
f6bd31cf-15b0-4e95-a99e-9074d3718d1c,0,high,"Failed Sprint: Unpublished",Items_en.m_TableData,17,"",39,"Valuables",""
f716d5af-db03-4558-8484-c5039b562831,0,high,"Warehouse PointOfInterest 2",item_templates.alias,28,"",44,"",""
f73244b8-1fef-4f04-900e-18c84300a5b2,0,high,"Door_Common_QualityControl",item_templates.alias,27,"",42,"",""
f882fad7-fb40-428d-829d-3a52baaaa361,0,high,"Resources/Valuables",item_templates.alias,34,"",,"",""
f885211a-84cd-4b7e-a626-2c837986357e,0,high,"R.Arm R21B",Items_en.m_TableData,13,"Body Part",50,"Right arm",""
f8891152-df14-4147-b5a1-cf63fda87497,0,high,"Unfinished toy",Items_en.m_TableData,18,"Quest item",39,"Valuables",""
f8c9b64d-5432-4964-b754-ae524969dde8,0,high,".224 A-II",item_templates.alias,30,"Removed",,"",""
f9001e5c-481c-4ab0-a34f-18c2a9165d33,0,high,"Oscar 590A1 receiver",item_templates.alias_fallback_for_localization_links,20,"Weapon Mod",13,"Receiver",""
f950e627-70a1-4a98-a014-3c485ef55601,0,high,"Sensorblock",Items_en.m_TableData,13,"Body Part",32,"Head",""
f9c7fea9-a68d-467e-a0db-7add06e8b76a,0,high,"RightLeg_01_Monster_Janitor_01",item_templates.alias,13,"Body Part",52,"Right leg",""
f9cb234f-9f73-4c4b-9029-f064e0c3f2f3,0,high,"7.62x51 E",item_templates.alias_fallback_for_localization_links,3,"Standard Ammo",25,"Expansive Ammo",""
f9e594f0-f75a-47c3-890a-9c2ad9aaba28,0,high,"Melee Tools",Items_en.m_TableData,34,"",,"",""
fa204e30-2743-4c5e-b8db-4087f90ee5e0,0,high,"Door_Common_Communications",item_templates.alias,27,"",42,"",""
fa7e1394-910d-41e4-99c3-c6474de9a498,0,high,"EMERKIT Pistol slide",item_templates.alias_fallback_for_localization_links,20,"Weapon Mod",16,"Slide",""
fa963e14-45fb-4ad5-86e8-85dfb4130e2a,0,high,"Quest Item (Transmitter)",item_templates.alias,18,"Quest item",65,"Devices",""
faafd2bc-8fe4-49be-a303-574fc4b57df1,0,high,"QuestZone_DamageZone_InstantKill_Bots",item_templates.alias,18,"Quest item",,"",""
fb12431a-8f19-4b1e-9678-749b21049b1f,0,high,"Key_Port_LoadingAreaAdministration_Registrations",item_templates.alias,23,"Key",,"",""
fb187b50-1c3b-46ff-98b8-c1a3dca559a6,0,high,"Emergency blanket",Items_en.m_TableData,17,"",61,"Textile",""
fb38b5bd-6678-4c5d-8e44-6d538babd5b6,0,high,"LUV",Items_en.m_TableData,6,"Chest Rig",22,"Chest rig",""
fb570865-0e2c-4252-aeff-c8529fe95e2a,0,high,"Door_Port_Ship_Bridge_BridgeDeck_W",item_templates.alias,27,"",42,"",""
fb93822e-24dd-42bc-92b3-c3736972250b,0,high,"MKP butt",item_templates.alias_fallback_for_localization_links,20,"Weapon Mod",11,"Butt",""
fbb68f10-d659-4720-b620-b416b340514a,0,high,"Tarpaulin strips",Items_en.m_TableData,17,"",62,"Materials",""
fbfff175-d3e1-4bf3-ab0e-2cb29ef1d048,0,high,"Safe Box I",Items_en.m_TableData,22,"Case",78,"Safe Box",""
fc1574b4-0dc9-495a-8a75-7a329224cb17,0,high,"Resources/Organics",item_templates.alias,34,"",,"",""
fc583ad4-dc8e-4c6e-b88e-626bb3edd138,0,high,"ETA 5 fixed butt",item_templates.alias_fallback_for_localization_links,20,"Weapon Mod",11,"Butt",""
fcd7ea93-1127-4234-8bdf-a60e0204a33f,0,high,"L.Leg MD5",Items_en.m_TableData,13,"Body Part",51,"Left leg",""
fcfcf37c-4509-44fa-87bf-f7df53c621c1,0,high,"Port PointOfInterest 4",item_templates.alias,28,"",44,"",""
fd070612-0ea5-44a2-92eb-83fe3e8b63e1,0,high,"Desk",Items_en.m_TableData,8,"SpawnBoxes",,"",""
fd3e5ac7-ffe6-4ed8-ae03-5e4bcc025b79,0,high,"Toolbox A",Items_en.m_TableData,18,"Quest item",,"",""
fd97ed4b-4340-4020-b1f1-e7d26829c620,0,high,"Dumpster",Items_en.m_TableData,27,"",45,"",""
fdb5f5f7-9b23-4607-86c4-bd739136d75e,0,high,"TorsoTurret_01",item_templates.alias,13,"Body Part",33,"Torso",""
fe006f6c-f1d0-42ca-b271-b5be8267e66b,0,high,"Kame+' head",Items_en.m_TableData,13,"Body Part",32,"Head",""
feefd5ed-9702-44f7-a633-9d79fc8b30a2,0,high,"Resources/Reagents",item_templates.alias,34,"",,"",""
ff076351-905f-4935-81f0-8128b44e9b60,0,high,"5.56x45 B-III",item_templates.alias,30,"Removed",24,"Armor Piercing Ammo",""
ffa2cce4-381c-49a8-b3f0-ff114dc4fddd,0,high,"PoolBall_01_YellowStripe_09_S",item_templates.alias_fallback_for_localization_links,17,"",39,"Valuables",""
ffdbb1a6-a348-4d0f-a3ea-2c40f87ba3be,0,high,"Storage",Items_en.m_TableData,12,"Internal",,"",""
